#
# A fatal error has been detected by the Java Runtime Environment:
#
#  EXCEPTION_ACCESS_VIOLATION (0xc0000005) at pc=0x00007fff38be7555, pid=18552, tid=31940
#
# JRE version: Java(TM) SE Runtime Environment (25.0.3+9) (build 25.0.3+9-LTS-195)
# Java VM: Java HotSpot(TM) 64-Bit Server VM (25.0.3+9-LTS-195, mixed mode, sharing, tiered, compressed oops, compressed class ptrs, g1 gc, windows-amd64)
# Problematic frame:
# C  0x00007fff38be7555
#
# No core dump will be written. Minidumps are not enabled by default on client versions of Windows
#
# If you would like to submit a bug report, please visit:
#   https://bugreport.java.com/bugreport/crash.jsp
# The crash happened outside the Java Virtual Machine in native code.
# See problematic frame for where to report the bug.
#

---------------  S U M M A R Y ------------

Command Line: -Xmx2g C:/Users/÷Á/IdeaProjects/YOLO-RPC/yolo-server/target/yolo-server-1.0.0.jar --yolo.model-path=C:/Users/÷Á/IdeaProjects/YOLO-RPC/models/best-ship.onnx --dubbo.protocol.port=8001 --yolo.model-type=ship --server.port=0

Host: AMD Ryzen 7 5800H with Radeon Graphics         , 16 cores, 13G,  Windows 11 , 64 bit Build 26100 (10.0.26100.8875)
Time: Sun Jul 26 23:03:17 2026 elapsed time: 356.086232 seconds (0d 0h 5m 56s)

---------------  T H R E A D  ---------------

Current thread (0x000001e2df8b1d90):  JavaThread "DubboServerHandler-192.168.174.1:8001-thread-8" daemon [_thread_in_native, id=31940, stack(0x0000007a45800000,0x0000007a45900000) (1024K)]

Stack: [0x0000007a45800000,0x0000007a45900000],  sp=0x0000007a458fc700,  free space=1009k
Native frames: (J=compiled Java code, j=interpreted, Vv=VM code, C=native code)
C  0x00007fff38be7555  (no source info available)
C  0x00007ffe740ad7e1  (no source info available)
C  0x00007ffe7419bf09  (no source info available)
C  0x00007ffe74318b83  (no source info available)
C  0x00007fff837055b6  (no source info available)
C  0x000001e2c919d193  (no source info available)

The last pc belongs to native method entry point (kind = native) (printed below).
Java frames: (J=compiled Java code, j=interpreted, Vv=VM code)
j  org.bytedeco.opencv.global.opencv_imgproc.minAreaRect(Lorg/bytedeco/opencv/opencv_core/Mat;)Lorg/bytedeco/opencv/opencv_core/RotatedRect;+0
j  com.yolo.inference.YoloInferenceEngine.cornersToRotatedRect(FFFFFFFF)Lorg/bytedeco/opencv/opencv_core/RotatedRect;+84
j  com.yolo.inference.YoloInferenceEngine.applyNMS(Ljava/util/List;F)Ljava/util/List;+112
j  com.yolo.inference.YoloInferenceEngine.detect(Ljava/awt/image/BufferedImage;Lcom/yolo/inference/DetectionOptions;)Ljava/util/List;+37
j  com.yolo.server.ModelInferenceServiceImpl.detect(Lcom/yolo/proto/ModelDetectRequest;)Lcom/yolo/proto/ModelDetectResponse;+66
j  com.yolo.server.ModelInferenceServiceImplDubboWrap0.invokeMethod(Ljava/lang/Object;Ljava/lang/String;[Ljava/lang/Class;[Ljava/lang/Object;)Ljava/lang/Object;+48
j  org.apache.dubbo.rpc.proxy.javassist.JavassistProxyFactory$1.doInvoke(Ljava/lang/Object;Ljava/lang/String;[Ljava/lang/Class;[Ljava/lang/Object;)Ljava/lang/Object;+9
j  org.apache.dubbo.rpc.proxy.AbstractProxyInvoker.invoke(Lorg/apache/dubbo/rpc/Invocation;)Lorg/apache/dubbo/rpc/Result;+75
j  org.apache.dubbo.config.invoker.DelegateProviderMetaDataInvoker.invoke(Lorg/apache/dubbo/rpc/Invocation;)Lorg/apache/dubbo/rpc/Result;+5
j  org.apache.dubbo.rpc.protocol.InvokerWrapper.invoke(Lorg/apache/dubbo/rpc/Invocation;)Lorg/apache/dubbo/rpc/Result;+5
j  org.apache.dubbo.rpc.filter.ClassLoaderCallbackFilter.invoke(Lorg/apache/dubbo/rpc/Invoker;Lorg/apache/dubbo/rpc/Invocation;)Lorg/apache/dubbo/rpc/Result;+2
j  org.apache.dubbo.rpc.cluster.filter.FilterChainBuilder$CopyOfFilterChainNode.invoke(Lorg/apache/dubbo/rpc/Invocation;)Lorg/apache/dubbo/rpc/Result;+19
j  org.apache.dubbo.rpc.protocol.tri.rest.filter.RestFilterAdapter.invoke(Lorg/apache/dubbo/rpc/Invoker;Lorg/apache/dubbo/rpc/Invocation;)Lorg/apache/dubbo/rpc/Result;+53
j  org.apache.dubbo.rpc.cluster.filter.FilterChainBuilder$CopyOfFilterChainNode.invoke(Lorg/apache/dubbo/rpc/Invocation;)Lorg/apache/dubbo/rpc/Result;+19
j  org.apache.dubbo.rpc.protocol.tri.h12.HttpContextCallbackFilter.invoke(Lorg/apache/dubbo/rpc/Invoker;Lorg/apache/dubbo/rpc/Invocation;)Lorg/apache/dubbo/rpc/Result;+2
j  org.apache.dubbo.rpc.cluster.filter.FilterChainBuilder$CopyOfFilterChainNode.invoke(Lorg/apache/dubbo/rpc/Invocation;)Lorg/apache/dubbo/rpc/Result;+19
j  org.apache.dubbo.rpc.protocol.dubbo.filter.TraceFilter.invoke(Lorg/apache/dubbo/rpc/Invoker;Lorg/apache/dubbo/rpc/Invocation;)Lorg/apache/dubbo/rpc/Result;+6
j  org.apache.dubbo.rpc.cluster.filter.FilterChainBuilder$CopyOfFilterChainNode.invoke(Lorg/apache/dubbo/rpc/Invocation;)Lorg/apache/dubbo/rpc/Result;+19
j  org.apache.dubbo.rpc.filter.TimeoutFilter.invoke(Lorg/apache/dubbo/rpc/Invoker;Lorg/apache/dubbo/rpc/Invocation;)Lorg/apache/dubbo/rpc/Result;+2
j  org.apache.dubbo.rpc.cluster.filter.FilterChainBuilder$CopyOfFilterChainNode.invoke(Lorg/apache/dubbo/rpc/Invocation;)Lorg/apache/dubbo/rpc/Result;+19
j  org.apache.dubbo.monitor.support.MonitorFilter.invoke(Lorg/apache/dubbo/rpc/Invoker;Lorg/apache/dubbo/rpc/Invocation;)Lorg/apache/dubbo/rpc/Result;+80
j  org.apache.dubbo.rpc.cluster.filter.FilterChainBuilder$CopyOfFilterChainNode.invoke(Lorg/apache/dubbo/rpc/Invocation;)Lorg/apache/dubbo/rpc/Result;+19
j  org.apache.dubbo.rpc.filter.ExceptionFilter.invoke(Lorg/apache/dubbo/rpc/Invoker;Lorg/apache/dubbo/rpc/Invocation;)Lorg/apache/dubbo/rpc/Result;+2
j  org.apache.dubbo.rpc.cluster.filter.FilterChainBuilder$CopyOfFilterChainNode.invoke(Lorg/apache/dubbo/rpc/Invocation;)Lorg/apache/dubbo/rpc/Result;+19
j  org.apache.dubbo.rpc.filter.AccessLogFilter.invoke(Lorg/apache/dubbo/rpc/Invoker;Lorg/apache/dubbo/rpc/Invocation;)Lorg/apache/dubbo/rpc/Result;+84
j  org.apache.dubbo.rpc.cluster.filter.FilterChainBuilder$CopyOfFilterChainNode.invoke(Lorg/apache/dubbo/rpc/Invocation;)Lorg/apache/dubbo/rpc/Result;+19
j  org.apache.dubbo.rpc.filter.GenericFilter.invoke(Lorg/apache/dubbo/rpc/Invoker;Lorg/apache/dubbo/rpc/Invocation;)Lorg/apache/dubbo/rpc/Result;+1030
j  org.apache.dubbo.rpc.cluster.filter.FilterChainBuilder$CopyOfFilterChainNode.invoke(Lorg/apache/dubbo/rpc/Invocation;)Lorg/apache/dubbo/rpc/Result;+19
j  org.apache.dubbo.rpc.protocol.tri.h12.HttpContextFilter.invoke(Lorg/apache/dubbo/rpc/Invoker;Lorg/apache/dubbo/rpc/Invocation;)Lorg/apache/dubbo/rpc/Result;+108
j  org.apache.dubbo.rpc.cluster.filter.FilterChainBuilder$CopyOfFilterChainNode.invoke(Lorg/apache/dubbo/rpc/Invocation;)Lorg/apache/dubbo/rpc/Result;+19
j  org.apache.dubbo.rpc.filter.ClassLoaderFilter.invoke(Lorg/apache/dubbo/rpc/Invoker;Lorg/apache/dubbo/rpc/Invocation;)Lorg/apache/dubbo/rpc/Result;+77
j  org.apache.dubbo.rpc.cluster.filter.FilterChainBuilder$CopyOfFilterChainNode.invoke(Lorg/apache/dubbo/rpc/Invocation;)Lorg/apache/dubbo/rpc/Result;+19
j  org.apache.dubbo.rpc.filter.EchoFilter.invoke(Lorg/apache/dubbo/rpc/Invoker;Lorg/apache/dubbo/rpc/Invocation;)Lorg/apache/dubbo/rpc/Result;+49
j  org.apache.dubbo.rpc.cluster.filter.FilterChainBuilder$CopyOfFilterChainNode.invoke(Lorg/apache/dubbo/rpc/Invocation;)Lorg/apache/dubbo/rpc/Result;+19
j  org.apache.dubbo.metrics.filter.MetricsFilter.invoke(Lorg/apache/dubbo/rpc/Invoker;Lorg/apache/dubbo/rpc/Invocation;Z)Lorg/apache/dubbo/rpc/Result;+85
j  org.apache.dubbo.metrics.filter.MetricsProviderFilter.invoke(Lorg/apache/dubbo/rpc/Invoker;Lorg/apache/dubbo/rpc/Invocation;)Lorg/apache/dubbo/rpc/Result;+4
j  org.apache.dubbo.rpc.cluster.filter.FilterChainBuilder$CopyOfFilterChainNode.invoke(Lorg/apache/dubbo/rpc/Invocation;)Lorg/apache/dubbo/rpc/Result;+19
j  org.apache.dubbo.tracing.filter.ObservationReceiverFilter.invoke(Lorg/apache/dubbo/rpc/Invoker;Lorg/apache/dubbo/rpc/Invocation;)Lorg/apache/dubbo/rpc/Result;+9
j  org.apache.dubbo.rpc.cluster.filter.FilterChainBuilder$CopyOfFilterChainNode.invoke(Lorg/apache/dubbo/rpc/Invocation;)Lorg/apache/dubbo/rpc/Result;+19
j  org.apache.dubbo.rpc.filter.ProfilerServerFilter.invoke(Lorg/apache/dubbo/rpc/Invoker;Lorg/apache/dubbo/rpc/Invocation;)Lorg/apache/dubbo/rpc/Result;+71
j  org.apache.dubbo.rpc.cluster.filter.FilterChainBuilder$CopyOfFilterChainNode.invoke(Lorg/apache/dubbo/rpc/Invocation;)Lorg/apache/dubbo/rpc/Result;+19
j  org.apache.dubbo.rpc.filter.ContextFilter.invoke(Lorg/apache/dubbo/rpc/Invoker;Lorg/apache/dubbo/rpc/Invocation;)Lorg/apache/dubbo/rpc/Result;+303
j  org.apache.dubbo.rpc.cluster.filter.FilterChainBuilder$CopyOfFilterChainNode.invoke(Lorg/apache/dubbo/rpc/Invocation;)Lorg/apache/dubbo/rpc/Result;+19
j  org.apache.dubbo.rpc.cluster.filter.FilterChainBuilder$CallbackRegistrationInvoker.invoke(Lorg/apache/dubbo/rpc/Invocation;)Lorg/apache/dubbo/rpc/Result;+5
j  org.apache.dubbo.rpc.protocol.tri.h12.AbstractServerCallListener.invoke()V+104
j  org.apache.dubbo.rpc.protocol.tri.h12.UnaryServerCallListener.onComplete()V+1
j  org.apache.dubbo.rpc.protocol.tri.h12.http2.GenericHttp2ServerTransportListener$Http2StreamingDecodeListener.onClose()V+4
j  org.apache.dubbo.remoting.http12.message.DefaultListeningDecoder.close()V+4
j  org.apache.dubbo.remoting.http12.message.StreamingDecoder$DefaultFragmentListener.onClose()V+4
j  org.apache.dubbo.remoting.http12.message.LengthFieldStreamingDecoder.deliver()V+156
j  org.apache.dubbo.remoting.http12.message.LengthFieldStreamingDecoder.close()V+6
j  org.apache.dubbo.rpc.protocol.tri.h12.http2.GenericHttp2ServerTransportListener.onDataCompletion(Lorg/apache/dubbo/remoting/http12/h2/Http2InputMessage;)V+13
j  org.apache.dubbo.rpc.protocol.tri.h12.http2.GenericHttp2ServerTransportListener.onDataCompletion(Lorg/apache/dubbo/remoting/http12/HttpInputMessage;)V+5
j  org.apache.dubbo.rpc.protocol.tri.h12.AbstractServerTransportListener.doOnData(Lorg/apache/dubbo/remoting/http12/HttpInputMessage;)V+30
j  org.apache.dubbo.rpc.protocol.tri.h12.AbstractServerTransportListener.lambda$onData$1(Lorg/apache/dubbo/remoting/http12/HttpInputMessage;)V+2
j  org.apache.dubbo.rpc.protocol.tri.h12.AbstractServerTransportListener$$Lambda+0x000000002f7ad118.run()V+8
j  org.apache.dubbo.common.threadpool.serial.SerializingExecutor.run()V+22
J 7870 c1 java.util.concurrent.ThreadPoolExecutor.runWorker(Ljava/util/concurrent/ThreadPoolExecutor$Worker;)V java.base@25.0.3 (187 bytes) @ 0x000001e2c27baeac [0x000001e2c27ba180+0x0000000000000d2c]
J 7869 c1 java.util.concurrent.ThreadPoolExecutor$Worker.run()V java.base@25.0.3 (9 bytes) @ 0x000001e2c27bde0c [0x000001e2c27bdd00+0x000000000000010c]
j  org.apache.dubbo.common.threadlocal.InternalRunnable.run()V+4
J 7784 c1 java.lang.Thread.run()V java.base@25.0.3 (23 bytes) @ 0x000001e2c279bbfc [0x000001e2c279b980+0x000000000000027c]
v  ~StubRoutines::call_stub 0x000001e2c91912ed

siginfo: EXCEPTION_ACCESS_VIOLATION (0xc0000005), reading address 0xffffffffffffffff


Registers:
RAX=0x0000000000000001, RBX=0x0000007a458fcca0, RCX=0x8a024e00ef10271a, RDX=0x000001e2df21c1d0
RSP=0x0000007a458fc700, RBP=0x0000007a458fc880, RSI=0x000001e2df21c1d0, RDI=0x0000000000000000
R8 =0x00000000ffffffff, R9 =0x0000000000000201, R10=0x0000000000000000, R11=0x0000000000000005
R12=0xffffffffffffffff, R13=0x000001e2dadd7890, R14=0x0000007a458fd8e0, R15=0x000001e2df8b1d90
RIP=0x00007fff38be7555, EFLAGS=0x0000000000010282

XMM[0]=0x0000000000000000 0x0000000000000000
XMM[1]=0x0000000000000000 0x0000000000000000
XMM[2]=0x0000000000000000 0x0000000000000000
XMM[3]=0x0000000000000000 0x0000000000000000
XMM[4]=0x0000000000000000 0x0000000000000000
XMM[5]=0x0000000000000000 0x0000000000000000
XMM[6]=0x0000000000000000 0x8000000000000000
XMM[7]=0x0000000000000000 0x0000000000000000
XMM[8]=0x0000000000000000 0x66fcaae27c97227f
XMM[9]=0x0000000000000000 0x7f4881efce3f33b1
XMM[10]=0x0000000000000000 0xded560a593f5871c
XMM[11]=0x0000000000000000 0xd83f67ac0458f0de
XMM[12]=0x0000000000000000 0x000000002c198932
XMM[13]=0x0000000000000000 0x0000000000000000
XMM[14]=0x0000000000000000 0x0000000000000000
XMM[15]=0x0000000000000000 0x0000000000000000
  MXCSR=0x00001fa0


Register to memory mapping:

RAX=0x0000000000000001 is an unknown value
RBX=0x0000007a458fcca0 is pointing into the stack for thread: 0x000001e2df8b1d90
RCX=0x8a024e00ef10271a is an unknown value
RDX=0x000001e2df21c1d0 points into unknown readable memory: 0x000001e2db0c51c0 | c0 51 0c db e2 01 00 00
RSP=0x0000007a458fc700 is pointing into the stack for thread: 0x000001e2df8b1d90
RBP=0x0000007a458fc880 is pointing into the stack for thread: 0x000001e2df8b1d90
RSI=0x000001e2df21c1d0 points into unknown readable memory: 0x000001e2db0c51c0 | c0 51 0c db e2 01 00 00
RDI=0x0 is null
R8 =
[error occurred during error reporting (printing register info), id 0xc0000005, EXCEPTION_ACCESS_VIOLATION (0xc0000005) at pc=0x00007fff39aaf590]
R9 =0x0000000000000201 is an unknown value
R10=0x0 is null
R11=0x0000000000000005 is an unknown value
R12=0xffffffffffffffff is an unknown value
R13=0x000001e2dadd7890 is pointing into metadata
R14=0x0000007a458fd8e0 is pointing into the stack for thread: 0x000001e2df8b1d90
R15=0x000001e2df8b1d90 is a thread

Top of Stack: (sp=0x0000007a458fc700)
0x0000007a458fc700:   0000007affffffff 0000007a00000001   ....z.......z...
0x0000007a458fc710:   0000efb77fd5cc28 00007fffcb06350c   (........5......
0x0000007a458fc720:   0000000000240040 00007fffcd4faed8   @.$.......O.....
0x0000007a458fc730:   0000007a458fd810 00007ffe740ad7e1   ...Ez......t....
0x0000007a458fc740:   0000007a458fcca0 00000000ffffffff   ...Ez...........
0x0000007a458fc750:   000001e2dadd7890 0000000000000000   .x..............
0x0000007a458fc760:   0000007a00000000 0000007a458fd690   ....z......Ez...
0x0000007a458fc770:   0000007a458fd810 00007ffe7419bf09   ...Ez......t....
0x0000007a458fc780:   0000000000000000 0000007a458fcca0   ...........Ez...
0x0000007a458fc790:   0000007a458fd690 00007fffcd3f9be1   ...Ez.....?.....
0x0000007a458fc7a0:   000001e2d6db0001 000001e2d6db0000   ................
0x0000007a458fc7b0:   000000b800000000 000001e2d6db00b8   ................
0x0000007a458fc7c0:   0000000000240001 0000000300000004   ..$.............
0x0000007a458fc7d0:   000001e2d6db0000 00007fffcd3f96aa   ..........?.....
0x0000007a458fc7e0:   000001e200000001 0000000000000000   ................
0x0000007a458fc7f0:   0000efb77fd5ca98 0000007a458fc820   ........ ..Ez...
0x0000007a458fc800:   0000000000000030 0000007a458fd690   0..........Ez...
0x0000007a458fc810:   0000000000000000 0000000000000000   ................
0x0000007a458fc820:   000001e2d6db00b8 000001e2d6db00b8   ................
0x0000007a458fc830:   000001e2d6db0400 00000000000b0000   ................
0x0000007a458fc840:   00007fff00000001 00000001458fc9b8   ...........E....
0x0000007a458fc850:   0000000000001c00 0000000000000001   ................
0x0000007a458fc860:   0000efb77fd5ca28 00000000000000c8   (...............
0x0000007a458fc870:   00007fff00000000 000001e2deac6590   .........e......
0x0000007a458fc880:   00007fff83690000 0000000000042504   ..i......%......
0x0000007a458fc890:   0000000000000000 00007fff837623d0   .........#v.....
0x0000007a458fc8a0:   000001e2b7270a01 00007fff837623d0   ..'......#v.....
0x0000007a458fc8b0:   0000007a458fc9c0 00007fffcd3ede03   ...Ez.....>.....
0x0000007a458fc8c0:   00007fffcd4fae80 0000000000000346   ..O.....F.......
0x0000007a458fc8d0:   0000007a458fc9b0 0000007a458fc918   ...Ez......Ez...
0x0000007a458fc8e0:   00007fffcd4fab50 000001e2deac6590   P.O......e......
0x0000007a458fc8f0:   000001e2d6db0510 000000007ffe0385   ................

Instructions: (pc=0x00007fff38be7555)
  0x00007fff38be7455:   00 ff 42 44 89 52 0c 45 89 11 4c 89 52 10 4c 89
  0x00007fff38be7465:   52 18 4c 89 52 20 4c 89 52 28 4c 89 52 30 4c 89
  0x00007fff38be7475:   52 38 49 8b c0 48 8b 4c 24 50 48 33 cc e8 69 38
  0x00007fff38be7485:   21 00 48 83 c4 68 c3 48 8d 15 0d 12 27 00 48 8d
  0x00007fff38be7495:   4c 24 30 e8 13 c2 ec ff 90 c7 44 24 20 62 02 00
  0x00007fff38be74a5:   00 4c 8d 0d 73 0d 27 00 4c 8d 05 bc 10 27 00 48
  0x00007fff38be74b5:   8d 54 24 30 b9 29 ff ff ff e8 8d c0 13 00 cc cc
  0x00007fff38be74c5:   cc cc cc cc cc cc cc cc cc cc cc 48 89 5c 24 08
  0x00007fff38be74d5:   48 89 74 24 10 57 48 83 ec 30 8b 02 48 8b d9 89
  0x00007fff38be74e5:   01 33 ff 8b 42 04 48 8b f2 89 41 04 48 83 c1 08
  0x00007fff38be74f5:   8b 42 08 89 01 8b 42 0c 89 43 0c 48 8b 42 10 48
  0x00007fff38be7505:   89 43 10 48 8b 42 18 48 89 43 18 48 8b 42 20 48
  0x00007fff38be7515:   89 43 20 48 8b 42 28 48 89 43 28 48 8b 42 30 48
  0x00007fff38be7525:   89 43 30 48 8b 42 38 48 89 43 38 48 8d 43 50 48
  0x00007fff38be7535:   89 43 48 48 89 4b 40 48 89 38 48 8b 43 48 48 89
  0x00007fff38be7545:   78 08 48 8b 4b 38 48 85 c9 74 0a b8 01 00 00 00
=>0x00007fff38be7555:   f0 0f c1 41 14 83 7a 04 02 7f 31 48 8b 42 48 48
  0x00007fff38be7565:   8b 4b 48 48 8b 00 48 89 01 48 8b 42 48 48 8b 4b
  0x00007fff38be7575:   48 48 8b 40 08 48 89 41 08 48 8b c3 48 8b 5c 24
  0x00007fff38be7585:   40 48 8b 74 24 48 48 83 c4 30 5f c3 89 7b 04 45
  0x00007fff38be7595:   33 c9 8b 52 04 45 33 c0 48 8b cb 40 88 7c 24 20
  0x00007fff38be75a5:   e8 f6 5a 00 00 39 7b 04 7e 44 48 8b d7 4c 8b c7
  0x00007fff38be75b5:   66 66 66 0f 1f 84 00 00 00 00 00 48 8b 46 40 4d
  0x00007fff38be75c5:   8d 40 04 48 8b 4b 40 48 8d 52 08 ff c7 41 8b 44
  0x00007fff38be75d5:   00 fc 41 89 44 08 fc 48 8b 46 48 48 8b 4b 48 48
  0x00007fff38be75e5:   8b 44 02 f8 48 89 44 0a f8 3b 7b 04 7c cd 48 8b
  0x00007fff38be75f5:   74 24 48 48 8b c3 48 8b 5c 24 40 48 83 c4 30 5f
  0x00007fff38be7605:   c3 cc cc cc cc cc cc cc cc cc cc 48 89 5c 24 10
  0x00007fff38be7615:   48 89 6c 24 18 48 89 74 24 20 57 48 83 ec 60 48
  0x00007fff38be7625:   8b 05 4d 12 36 00 48 33 c4 48 89 44 24 50 4c 8b
  0x00007fff38be7635:   d2 48 8b d9 8b 02 89 01 c7 41 04 02 00 00 00 48
  0x00007fff38be7645:   8d 79 08 41 8b 40 0c 89 07 41 8b 40 08 89 41 0c


Stack slot to memory mapping:

stack at sp + 0 slots: 0x0000007affffffff is an unknown value
stack at sp + 1 slots: 0x0000007a00000001 is an unknown value
stack at sp + 2 slots: 0x0000efb77fd5cc28 is an unknown value
stack at sp + 3 slots: 0x00007fffcb06350c KERNELBASE.dll
stack at sp + 4 slots: 0x0000000000240040 is an unknown value
stack at sp + 5 slots: 0x00007fffcd4faed8 ntdll.dll
stack at sp + 6 slots: 0x0000007a458fd810 is pointing into the stack for thread: 0x000001e2df8b1d90
stack at sp + 7 slots: 0x00007ffe740ad7e1 points into unknown readable memory: eb 0f 44 8b c6 48 8b

Lock stack of current Java thread (top to bottom):


Compiled method (c1) 360647 7870   !   3       java.util.concurrent.ThreadPoolExecutor::runWorker (187 bytes)
 total in heap  [0x000001e2c27ba088,0x000001e2c27bbc78] = 7152
 main code      [0x000001e2c27ba180,0x000001e2c27bbba8] = 6696
 stub code      [0x000001e2c27bbba8,0x000001e2c27bbc78] = 208
 mutable data [0x000001e2db36d7f0,0x000001e2db36da48] = 600
 relocation     [0x000001e2db36d7f0,0x000001e2db36d9c8] = 472
 metadata       [0x000001e2db36d9c8,0x000001e2db36da48] = 128
 immutable data [0x000001e2db193370,0x000001e2db193b20] = 1968
 dependencies   [0x000001e2db193370,0x000001e2db1933a0] = 48
 nul chk table  [0x000001e2db1933a0,0x000001e2db1933d8] = 56
 handler table  [0x000001e2db1933d8,0x000001e2db193598] = 448
 scopes pcs     [0x000001e2db193598,0x000001e2db193818] = 640
 scopes data    [0x000001e2db193818,0x000001e2db193b20] = 776

[Constant Pool (empty)]

[MachCode]
[Instructions begin]
  0x000001e2c27ba180: 660f 1f84 | 0000 0000 | 0066 0f1f | 8400 0000 | 0000 448b | 5208 443b 

  0x000001e2c27ba198: ;   {runtime_call Shared Runtime ic_miss_blob}
  0x000001e2c27ba198: 5008 0f85 | 4049 a206 
[Verified Entry Point]
  0x000001e2c27ba1a0: 8984 2400 | 80ff ff55 | 4881 ecf0 | 0000 0090 | 4181 7f20 | 1d00 0000 

  0x000001e2c27ba1b8: ;   {runtime_call Stub::method_entry_barrier}
  0x000001e2c27ba1b8: 7405 e841 | a0a0 0648 | 8994 2498 | 0000 004c | 8984 24a0 

  0x000001e2c27ba1cc: ;   {metadata(method data for {method} {0x000001e2d7277488} 'runWorker' '(Ljava/util/concurrent/ThreadPoolExecutor$Worker;)V' in 'java/util/concurrent/ThreadPoolExecutor')}
  0x000001e2c27ba1cc: 0000 0048 | bee8 3750 | dae2 0100 | 008b be90 | 0000 0083 | c702 89be | 9000 0000 | 81e7 fe07 
  0x000001e2c27ba1ec: 0000 85ff | 0f84 b316 

  0x000001e2c27ba1f4: ;   {metadata(method data for {method} {0x000001e2d7277488} 'runWorker' '(Ljava/util/concurrent/ThreadPoolExecutor$Worker;)V' in 'java/util/concurrent/ThreadPoolExecutor')}
  0x000001e2c27ba1f4: 0000 48be | e837 50da | e201 0000 | 4883 86d8 | 0000 0001 | 498b b710 | 0400 0048 | 8b36 4889 
  0x000001e2c27ba214: b424 a800 | 0000 418b | 7828 410f | be5f 4885 | db0f 85a4 | 1600 0041 | c740 2800 | 0000 0049 
  0x000001e2c27ba234: ;   {metadata(method data for {method} {0x000001e2d7277488} 'runWorker' '(Ljava/util/concurrent/ThreadPoolExecutor$Worker;)V' in 'java/util/concurrent/ThreadPoolExecutor')}
  0x000001e2c27ba234: 8bd8 48b8 | e837 50da | e201 0000 | 8b5b 0841 | ba00 0000 | 2e49 03da | 483b 98f0 | 0000 0075 
  0x000001e2c27ba254: 0d48 8380 | f800 0000 | 01e9 6000 | 0000 483b | 9800 0100 | 0075 0d48 | 8380 0801 | 0000 01e9 
  0x000001e2c27ba274: 4a00 0000 | 4883 b8f0 | 0000 0000 | 7517 4889 | 98f0 0000 | 0048 c780 | f800 0000 | 0100 0000 
  0x000001e2c27ba294: e929 0000 | 0048 83b8 | 0001 0000 | 0075 1748 | 8998 0001 | 0000 48c7 | 8008 0100 | 0001 0000 
  0x000001e2c27ba2b4: 00e9 0800 | 0000 4883 | 80e8 0000 

  0x000001e2c27ba2c0: ;   {metadata(method data for {method} {0x000001e2d73e9b08} 'unlock' '()V' in 'java/util/concurrent/ThreadPoolExecutor$Worker')}
  0x000001e2c27ba2c0: 0001 48bb | 40a6 bed8 | e201 0000 | 8b83 9000 | 0000 83c0 | 0289 8390 | 0000 0025 | feff 1f00 
  0x000001e2c27ba2e0: 85c0 0f84 | 0316 0000 

  0x000001e2c27ba2e8: ;   {metadata(method data for {method} {0x000001e2d73e9b08} 'unlock' '()V' in 'java/util/concurrent/ThreadPoolExecutor$Worker')}
  0x000001e2c27ba2e8: 498b d848 | b840 a6be | d8e2 0100 | 008b 5b08 | 41ba 0000 | 002e 4903 | da48 3b98 | e000 0000 
  0x000001e2c27ba308: 750d 4883 | 80e8 0000 | 0001 e960 | 0000 0048 | 3b98 f000 | 0000 750d | 4883 80f8 | 0000 0001 
  0x000001e2c27ba328: e94a 0000 | 0048 83b8 | e000 0000 | 0075 1748 | 8998 e000 | 0000 48c7 | 80e8 0000 | 0001 0000 
  0x000001e2c27ba348: 00e9 2900 | 0000 4883 | b8f0 0000 | 0000 7517 | 4889 98f0 | 0000 0048 | c780 f800 | 0000 0100 
  0x000001e2c27ba368: 0000 e908 | 0000 0048 | 8380 d800 

  0x000001e2c27ba374: ;   {metadata(method data for {method} {0x000000002e2d24b8} 'release' '(I)Z' in 'java/util/concurrent/locks/AbstractQueuedSynchronizer')}
  0x000001e2c27ba374: 0000 0148 | bb00 6422 | d7e2 0100 | 008b 8390 | 0000 0083 | c002 8983 | 9000 0000 | 25fe ff1f 
  0x000001e2c27ba394: 0085 c00f | 846f 1500 | 0049 8bd8 

  0x000001e2c27ba3a0: ;   {metadata(method data for {method} {0x000000002e2d24b8} 'release' '(I)Z' in 'java/util/concurrent/locks/AbstractQueuedSynchronizer')}
  0x000001e2c27ba3a0: 48b8 0064 | 22d7 e201 | 0000 4883 | 80f8 0000 

  0x000001e2c27ba3b0: ;   {metadata(method data for {method} {0x000001e2d73e98f8} 'tryRelease' '(I)Z' in 'java/util/concurrent/ThreadPoolExecutor$Worker')}
  0x000001e2c27ba3b0: 0001 48bb | 88a7 bed8 | e201 0000 | 8b83 9000 | 0000 83c0 | 0289 8390 | 0000 0025 | feff 1f00 
  0x000001e2c27ba3d0: 85c0 0f84 | 5515 0000 

  0x000001e2c27ba3d8: ;   {metadata(method data for {method} {0x000001e2d73e98f8} 'tryRelease' '(I)Z' in 'java/util/concurrent/ThreadPoolExecutor$Worker')}
  0x000001e2c27ba3d8: 498b d848 | b888 a7be | d8e2 0100 | 008b 5b08 | 41ba 0000 | 002e 4903 | da48 3b98 | e000 0000 
  0x000001e2c27ba3f8: 750d 4883 | 80e8 0000 | 0001 e960 | 0000 0048 | 3b98 f000 | 0000 750d | 4883 80f8 | 0000 0001 
  0x000001e2c27ba418: e94a 0000 | 0048 83b8 | e000 0000 | 0075 1748 | 8998 e000 | 0000 48c7 | 80e8 0000 | 0001 0000 
  0x000001e2c27ba438: 00e9 2900 | 0000 4883 | b8f0 0000 | 0000 7517 | 4889 98f0 | 0000 0048 | c780 f800 | 0000 0100 
  0x000001e2c27ba458: 0000 e908 | 0000 0048 | 8380 d800 | 0000 0141 | 0fbe 5f48 | 85db 0f85 | da14 0000 | 41c7 400c 
  0x000001e2c27ba478: 0000 0000 

  0x000001e2c27ba47c: ;   {metadata(method data for {method} {0x000001e2d73e98f8} 'tryRelease' '(I)Z' in 'java/util/concurrent/ThreadPoolExecutor$Worker')}
  0x000001e2c27ba47c: 498b d848 | b888 a7be | d8e2 0100 | 008b 5b08 | 41ba 0000 | 002e 4903 | da48 3b98 | 1001 0000 
  0x000001e2c27ba49c: 750d 4883 | 8018 0100 | 0001 e960 | 0000 0048 | 3b98 2001 | 0000 750d | 4883 8028 | 0100 0001 
  0x000001e2c27ba4bc: e94a 0000 | 0048 83b8 | 1001 0000 | 0075 1748 | 8998 1001 | 0000 48c7 | 8018 0100 | 0001 0000 
  0x000001e2c27ba4dc: 00e9 2900 | 0000 4883 | b820 0100 | 0000 7517 | 4889 9820 | 0100 0048 | c780 2801 | 0000 0100 
  0x000001e2c27ba4fc: 0000 e908 | 0000 0048 | 8380 0801 | 0000 01bb | 0000 0000 | 4189 5818 | f083 4424 

  0x000001e2c27ba518: ;   {metadata(method data for {method} {0x000000002e2d24b8} 'release' '(I)Z' in 'java/util/concurrent/locks/AbstractQueuedSynchronizer')}
  0x000001e2c27ba518: c000 48bb | 0064 22d7 | e201 0000 | ff83 1801 | 0000 4889 | bc24 9000 | 0000 418b 

  0x000001e2c27ba534: ;   {metadata(method data for {method} {0x000000002e2d24b8} 'release' '(I)Z' in 'java/util/concurrent/locks/AbstractQueuedSynchronizer')}
  0x000001e2c27ba534: 5810 48b8 | 0064 22d7 | e201 0000 | 4883 8028 | 0100 0001 | 488b d30f 

  0x000001e2c27ba54c: ;   {static_call}
  0x000001e2c27ba54c: 1f40 00e8 

  0x000001e2c27ba550: ; ImmutableOopMap {[144]=Oop [152]=Oop [160]=Oop [168]=Oop }
                      ;*invokestatic signalNext {reexecute=0 rethrow=0 return_oop=0}
                      ; - java.util.concurrent.locks.AbstractQueuedSynchronizer::release@12 (line 1100)
                      ; - java.util.concurrent.ThreadPoolExecutor$Worker::unlock@2 (line 642)
                      ; - java.util.concurrent.ThreadPoolExecutor::runWorker@15 (line 1073)
  0x000001e2c27ba550: 2cba 4307 

  0x000001e2c27ba554: ;   {post_call_nop}
  0x000001e2c27ba554: 0f1f 8400 | cc04 0000 | 488b bc24 | 9000 0000 | 0f1f 4000 | 488b 9424 | 9800 0000 

  0x000001e2c27ba570: ;   {metadata(method data for {method} {0x000001e2d7277488} 'runWorker' '(Ljava/util/concurrent/ThreadPoolExecutor$Worker;)V' in 'java/util/concurrent/ThreadPoolExecutor')}
  0x000001e2c27ba570: 4885 ff48 | bbe8 3750 | dae2 0100 | 00b8 1801 | 0000 7505 | b828 0100 | 0048 8b0c | 0348 8d49 
  0x000001e2c27ba590: 0148 890c | 030f 8557 | 0000 0048 

  0x000001e2c27ba59c: ;   {metadata(method data for {method} {0x000001e2d7277488} 'runWorker' '(Ljava/util/concurrent/ThreadPoolExecutor$Worker;)V' in 'java/util/concurrent/ThreadPoolExecutor')}
  0x000001e2c27ba59c: 8bfa 48bb | e837 50da | e201 0000 | 4883 8338 | 0100 0001 | 488b fa48 

  0x000001e2c27ba5b4: ;   {optimized virtual_call}
  0x000001e2c27ba5b4: 8bd7 90e8 

  0x000001e2c27ba5b8: ; ImmutableOopMap {[152]=Oop [160]=Oop [168]=Oop }
                      ;*invokevirtual getTask {reexecute=0 rethrow=0 return_oop=0}
                      ; - java.util.concurrent.ThreadPoolExecutor::runWorker@26 (line 1076)
  0x000001e2c27ba5b8: e489 75ff 

  0x000001e2c27ba5bc: ;   {post_call_nop}
  0x000001e2c27ba5bc: 0f1f 8400 | 3405 0001 

  0x000001e2c27ba5c4: ;   {metadata(method data for {method} {0x000001e2d7277488} 'runWorker' '(Ljava/util/concurrent/ThreadPoolExecutor$Worker;)V' in 'java/util/concurrent/ThreadPoolExecutor')}
  0x000001e2c27ba5c4: 4885 c049 | b8e8 3750 | dae2 0100 | 00ba 6801 | 0000 7405 | ba78 0100 | 0049 8b34 | 1048 8d76 
  0x000001e2c27ba5e4: 0149 8934 | 100f 8459 | 0d00 0048 | 8bf8 4889 | bc24 b000 | 0000 4c8b | 8424 a000 

  0x000001e2c27ba600: ;   {metadata(method data for {method} {0x000001e2d7277488} 'runWorker' '(Ljava/util/concurrent/ThreadPoolExecutor$Worker;)V' in 'java/util/concurrent/ThreadPoolExecutor')}
  0x000001e2c27ba600: 0000 48be | e837 50da | e201 0000 | 458b 4008 | 41ba 0000 | 002e 4d03 | c24c 3b86 | 9001 0000 
  0x000001e2c27ba620: 750d 4883 | 8698 0100 | 0001 e960 | 0000 004c | 3b86 a001 | 0000 750d | 4883 86a8 | 0100 0001 
  0x000001e2c27ba640: e94a 0000 | 0048 83be | 9001 0000 | 0075 174c | 8986 9001 | 0000 48c7 | 8698 0100 | 0001 0000 
  0x000001e2c27ba660: 00e9 2900 | 0000 4883 | bea0 0100 | 0000 7517 | 4c89 86a0 | 0100 0048 | c786 a801 | 0000 0100 
  0x000001e2c27ba680: 0000 e908 | 0000 0048 | 8386 8801 

  0x000001e2c27ba68c: ;   {metadata(method data for {method} {0x000001e2d73e99a8} 'lock' '()V' in 'java/util/concurrent/ThreadPoolExecutor$Worker')}
  0x000001e2c27ba68c: 0000 0149 | b850 b751 | d9e2 0100 | 0041 8bb0 | 9000 0000 | 83c6 0241 | 89b0 9000 | 0000 81e6 
  0x000001e2c27ba6ac: feff 1f00 | 85f6 0f84 | b212 0000 | 4c8b 8424 | a000 0000 

  0x000001e2c27ba6c0: ;   {metadata(method data for {method} {0x000001e2d73e99a8} 'lock' '()V' in 'java/util/concurrent/ThreadPoolExecutor$Worker')}
  0x000001e2c27ba6c0: 48be 50b7 | 51d9 e201 | 0000 458b | 4008 41ba | 0000 002e | 4d03 c24c | 3b86 e000 | 0000 750d 
  0x000001e2c27ba6e0: 4883 86e8 | 0000 0001 | e960 0000 | 004c 3b86 | f000 0000 | 750d 4883 | 86f8 0000 | 0001 e94a 
  0x000001e2c27ba700: 0000 0048 | 83be e000 | 0000 0075 | 174c 8986 | e000 0000 | 48c7 86e8 | 0000 0001 | 0000 00e9 
  0x000001e2c27ba720: 2900 0000 | 4883 bef0 | 0000 0000 | 7517 4c89 | 86f0 0000 | 0048 c786 | f800 0000 | 0100 0000 
  0x000001e2c27ba740: e908 0000 | 0048 8386 | d800 0000 | 0141 b801 | 0000 0048 | 8b94 24a0 | 0000 000f 

  0x000001e2c27ba75c: ;   {optimized virtual_call}
  0x000001e2c27ba75c: 1f40 00e8 

  0x000001e2c27ba760: ; ImmutableOopMap {[152]=Oop [160]=Oop [168]=Oop [176]=Oop }
                      ;*invokevirtual acquire {reexecute=0 rethrow=0 return_oop=0}
                      ; - java.util.concurrent.ThreadPoolExecutor$Worker::lock@2 (line 640)
                      ; - java.util.concurrent.ThreadPoolExecutor::runWorker@35 (line 1077)
  0x000001e2c27ba760: 3cc7 76ff 

  0x000001e2c27ba764: ;   {post_call_nop}
  0x000001e2c27ba764: 0f1f 8400 | dc06 0002 | 488b 9424 | 9800 0000 | 8b72 2c48 | 3b06 488b 

  0x000001e2c27ba77c: ;   {metadata(method data for {method} {0x000001e2d7277488} 'runWorker' '(Ljava/util/concurrent/ThreadPoolExecutor$Worker;)V' in 'java/util/concurrent/ThreadPoolExecutor')}
  0x000001e2c27ba77c: fe48 bbe8 | 3750 dae2 | 0100 008b | 7f08 41ba | 0000 002e | 4903 fa48 | 3bbb c001 | 0000 750d 
  0x000001e2c27ba79c: 4883 83c8 | 0100 0001 | e960 0000 | 0048 3bbb | d001 0000 | 750d 4883 | 83d8 0100 | 0001 e94a 
  0x000001e2c27ba7bc: 0000 0048 | 83bb c001 | 0000 0075 | 1748 89bb | c001 0000 | 48c7 83c8 | 0100 0001 | 0000 00e9 
  0x000001e2c27ba7dc: 2900 0000 | 4883 bbd0 | 0100 0000 | 7517 4889 | bbd0 0100 | 0048 c783 | d801 0000 | 0100 0000 
  0x000001e2c27ba7fc: e908 0000 | 0048 8383 | b801 0000 | 018b 760c 

  0x000001e2c27ba80c: ;   {metadata(method data for {method} {0x000001e2d7277488} 'runWorker' '(Ljava/util/concurrent/ThreadPoolExecutor$Worker;)V' in 'java/util/concurrent/ThreadPoolExecutor')}
  0x000001e2c27ba80c: 48bf e837 | 50da e201 | 0000 4883 | 87e8 0100 

  0x000001e2c27ba81c: ;   {metadata(method data for {method} {0x000001e2d7275eb0} 'runStateAtLeast' '(II)Z' in 'java/util/concurrent/ThreadPoolExecutor')}
  0x000001e2c27ba81c: 0001 48bf | 8052 d4d7 | e201 0000 | 8b9f 9000 | 0000 83c3 | 0289 9f90 | 0000 0081 | e3fe ff1f 
  0x000001e2c27ba83c: 0085 db0f | 844b 1100 | 0081 fe00 

  0x000001e2c27ba848: ;   {metadata(method data for {method} {0x000001e2d7275eb0} 'runStateAtLeast' '(II)Z' in 'java/util/concurrent/ThreadPoolExecutor')}
  0x000001e2c27ba848: 0000 2048 | be80 52d4 | d7e2 0100 | 00bf d800 | 0000 7c05 | bfe8 0000 | 0048 8b1c | 3e48 8d5b 
  0x000001e2c27ba868: 0148 891c | 3e0f 8c1a 

  0x000001e2c27ba870: ;   {metadata(method data for {method} {0x000001e2d7275eb0} 'runStateAtLeast' '(II)Z' in 'java/util/concurrent/ThreadPoolExecutor')}
  0x000001e2c27ba870: 0000 0048 | be80 52d4 | d7e2 0100 | 00ff 86f8 | 0000 00be | 0100 0000 | e905 0000 | 00be 0000 
  0x000001e2c27ba890: 0000 83e6 

  0x000001e2c27ba894: ;   {metadata(method data for {method} {0x000001e2d7277488} 'runWorker' '(Ljava/util/concurrent/ThreadPoolExecutor$Worker;)V' in 'java/util/concurrent/ThreadPoolExecutor')}
  0x000001e2c27ba894: 0185 f648 | bee8 3750 | dae2 0100 | 00bf f801 | 0000 7505 | bf08 0200 | 0048 8b1c | 3e48 8d5b 
  0x000001e2c27ba8b4: 0148 891c | 3e0f 85ff 

  0x000001e2c27ba8bc: ;   {metadata(method data for {method} {0x000001e2d7277488} 'runWorker' '(Ljava/util/concurrent/ThreadPoolExecutor$Worker;)V' in 'java/util/concurrent/ThreadPoolExecutor')}
  0x000001e2c27ba8bc: 0200 0048 | bee8 3750 | dae2 0100 | 0048 8386 | 1802 0000 

  0x000001e2c27ba8d0: ;   {metadata(method data for {method} {0x000000002e4a3658} 'interrupted' '()Z' in 'java/lang/Thread')}
  0x000001e2c27ba8d0: 0148 bea8 | 54d4 d7e2 | 0100 008b | be90 0000 | 0083 c702 | 89be 9000 | 0000 81e7 | feff 1f00 
  0x000001e2c27ba8f0: 85ff 0f84 | b910 0000 

  0x000001e2c27ba8f8: ;   {metadata(method data for {method} {0x000000002e4a3658} 'interrupted' '()Z' in 'java/lang/Thread')}
  0x000001e2c27ba8f8: 48be a854 | d4d7 e201 | 0000 4883 | 86d8 0000 | 0001 498b | b710 0400 | 0048 8b36 

  0x000001e2c27ba914: ; implicit exception: dispatches to 0x000001e2c27bb9d2
  0x000001e2c27ba914: 483b 0648 

  0x000001e2c27ba918: ;   {metadata(method data for {method} {0x000000002e4a3658} 'interrupted' '()Z' in 'java/lang/Thread')}
  0x000001e2c27ba918: 8bfe 48bb | a854 d4d7 | e201 0000 | 8b7f 0841 | ba00 0000 | 2e49 03fa | 483b bbf0 | 0000 0075 
  0x000001e2c27ba938: 0d48 8383 | f800 0000 | 01e9 6000 | 0000 483b | bb00 0100 | 0075 0d48 | 8383 0801 | 0000 01e9 
  0x000001e2c27ba958: 4a00 0000 | 4883 bbf0 | 0000 0000 | 7517 4889 | bbf0 0000 | 0048 c783 | f800 0000 | 0100 0000 
  0x000001e2c27ba978: e929 0000 | 0048 83bb | 0001 0000 | 0075 1748 | 89bb 0001 | 0000 48c7 | 8308 0100 | 0001 0000 
  0x000001e2c27ba998: 00e9 0800 | 0000 4883 | 83e8 0000 

  0x000001e2c27ba9a4: ;   {metadata(method data for {method} {0x000000002e191170} 'getAndClearInterrupt' '()Z' in 'java/lang/Thread')}
  0x000001e2c27ba9a4: 0001 48bf | f855 d4d7 | e201 0000 | 8b9f 9000 | 0000 83c3 | 0289 9f90 | 0000 0081 | e3fe ff1f 
  0x000001e2c27ba9c4: 0085 db0f | 840a 1000 | 000f be7e 

  0x000001e2c27ba9d0: ;   {metadata(method data for {method} {0x000000002e191170} 'getAndClearInterrupt' '()Z' in 'java/lang/Thread')}
  0x000001e2c27ba9d0: 3a85 ff48 | bbf8 55d4 | d7e2 0100 | 00b8 d800 | 0000 7405 | b8e8 0000 | 0048 8b0c | 0348 8d49 
  0x000001e2c27ba9f0: 0148 890c | 030f 8440 | 0000 0089 | bc24 b800 | 0000 bb00 | 0000 0088 | 5e3a f083 | 4424 c000 
  0x000001e2c27baa10: ;   {metadata(method data for {method} {0x000000002e191170} 'getAndClearInterrupt' '()Z' in 'java/lang/Thread')}
  0x000001e2c27baa10: 48be f855 | d4d7 e201 | 0000 4883 | 86f8 0000 | 0001 0f1f 

  0x000001e2c27baa24: ;   {static_call}
  0x000001e2c27baa24: 4400 00e8 

  0x000001e2c27baa28: ; ImmutableOopMap {[152]=Oop [160]=Oop [168]=Oop [176]=Oop }
                      ;*invokestatic clearInterruptEvent {reexecute=0 rethrow=0 return_oop=0}
                      ; - java.lang.Thread::getAndClearInterrupt@14 (line 1663)
                      ; - java.lang.Thread::interrupted@3 (line 1625)
                      ; - java.util.concurrent.ThreadPoolExecutor::runWorker@53 (line 1083)
  0x000001e2c27baa28: b449 a206 

  0x000001e2c27baa2c: ;   {post_call_nop}
  0x000001e2c27baa2c: 0f1f 8400 | a409 0003 | 8bbc 24b8 | 0000 0083 | e701 83e7 

  0x000001e2c27baa40: ;   {metadata(method data for {method} {0x000001e2d7277488} 'runWorker' '(Ljava/util/concurrent/ThreadPoolExecutor$Worker;)V' in 'java/util/concurrent/ThreadPoolExecutor')}
  0x000001e2c27baa40: 0185 ff48 | bae8 3750 | dae2 0100 | 00be 2802 | 0000 7405 | be38 0200 | 0048 8b3c | 3248 8d7f 
  0x000001e2c27baa60: 0148 893c | 320f 84c1 | 0200 0048 | 8b94 2498 | 0000 008b | 722c 483b | 0648 8bfe 

  0x000001e2c27baa7c: ;   {metadata(method data for {method} {0x000001e2d7277488} 'runWorker' '(Ljava/util/concurrent/ThreadPoolExecutor$Worker;)V' in 'java/util/concurrent/ThreadPoolExecutor')}
  0x000001e2c27baa7c: 48bb e837 | 50da e201 | 0000 8b7f | 0841 ba00 | 0000 2e49 | 03fa 483b | bb50 0200 | 0075 0d48 
  0x000001e2c27baa9c: 8383 5802 | 0000 01e9 | 6000 0000 | 483b bb60 | 0200 0075 | 0d48 8383 | 6802 0000 | 01e9 4a00 
  0x000001e2c27baabc: 0000 4883 | bb50 0200 | 0000 7517 | 4889 bb50 | 0200 0048 | c783 5802 | 0000 0100 | 0000 e929 
  0x000001e2c27baadc: 0000 0048 | 83bb 6002 | 0000 0075 | 1748 89bb | 6002 0000 | 48c7 8368 | 0200 0001 | 0000 00e9 
  0x000001e2c27baafc: 0800 0000 | 4883 8348 | 0200 0001 

  0x000001e2c27bab08: ;   {metadata(method data for {method} {0x000001e2d7277488} 'runWorker' '(Ljava/util/concurrent/ThreadPoolExecutor$Worker;)V' in 'java/util/concurrent/ThreadPoolExecutor')}
  0x000001e2c27bab08: 8b76 0c48 | bfe8 3750 | dae2 0100 | 0048 8387 | 7802 0000 

  0x000001e2c27bab1c: ;   {metadata(method data for {method} {0x000001e2d7275eb0} 'runStateAtLeast' '(II)Z' in 'java/util/concurrent/ThreadPoolExecutor')}
  0x000001e2c27bab1c: 0148 bf80 | 52d4 d7e2 | 0100 008b | 9f90 0000 | 0083 c302 | 899f 9000 | 0000 81e3 | feff 1f00 
  0x000001e2c27bab3c: 85db 0f84 | b90e 0000 | 81fe 0000 

  0x000001e2c27bab48: ;   {metadata(method data for {method} {0x000001e2d7275eb0} 'runStateAtLeast' '(II)Z' in 'java/util/concurrent/ThreadPoolExecutor')}
  0x000001e2c27bab48: 0020 48be | 8052 d4d7 | e201 0000 | bfd8 0000 | 007c 05bf | e800 0000 | 488b 1c3e | 488d 5b01 
  0x000001e2c27bab68: 4889 1c3e | 0f8c 1a00 

  0x000001e2c27bab70: ;   {metadata(method data for {method} {0x000001e2d7275eb0} 'runStateAtLeast' '(II)Z' in 'java/util/concurrent/ThreadPoolExecutor')}
  0x000001e2c27bab70: 0000 48be | 8052 d4d7 | e201 0000 | ff86 f800 | 0000 be01 | 0000 00e9 | 0500 0000 | be00 0000 
  0x000001e2c27bab90: 0083 e601 

  0x000001e2c27bab94: ;   {metadata(method data for {method} {0x000001e2d7277488} 'runWorker' '(Ljava/util/concurrent/ThreadPoolExecutor$Worker;)V' in 'java/util/concurrent/ThreadPoolExecutor')}
  0x000001e2c27bab94: 85f6 48be | e837 50da | e201 0000 | bf88 0200 | 0074 05bf | 9802 0000 | 488b 1c3e | 488d 5b01 
  0x000001e2c27babb4: 4889 1c3e | 0f84 6e01 | 0000 488b | b424 a800 | 0000 483b | 0648 8bfe 

  0x000001e2c27babcc: ;   {metadata(method data for {method} {0x000001e2d7277488} 'runWorker' '(Ljava/util/concurrent/ThreadPoolExecutor$Worker;)V' in 'java/util/concurrent/ThreadPoolExecutor')}
  0x000001e2c27babcc: 48bb e837 | 50da e201 | 0000 8b7f | 0841 ba00 | 0000 2e49 | 03fa 483b | bbb0 0200 | 0075 0d48 
  0x000001e2c27babec: 8383 b802 | 0000 01e9 | 6000 0000 | 483b bbc0 | 0200 0075 | 0d48 8383 | c802 0000 | 01e9 4a00 
  0x000001e2c27bac0c: 0000 4883 | bbb0 0200 | 0000 7517 | 4889 bbb0 | 0200 0048 | c783 b802 | 0000 0100 | 0000 e929 
  0x000001e2c27bac2c: 0000 0048 | 83bb c002 | 0000 0075 | 1748 89bb | c002 0000 | 48c7 83c8 | 0200 0001 | 0000 00e9 
  0x000001e2c27bac4c: 0800 0000 | 4883 83a8 | 0200 0001 | 0fbe 7e3a | 83e7 0185 

  0x000001e2c27bac60: ;   {metadata(method data for {method} {0x000001e2d7277488} 'runWorker' '(Ljava/util/concurrent/ThreadPoolExecutor$Worker;)V' in 'java/util/concurrent/ThreadPoolExecutor')}
  0x000001e2c27bac60: ff48 bfe8 | 3750 dae2 | 0100 00bb | d802 0000 | 7505 bbe8 | 0200 0048 | 8b04 1f48 | 8d40 0148 
  0x000001e2c27bac80: 8904 1f0f | 85a3 0000 | 0048 8bfe 

  0x000001e2c27bac8c: ;   {metadata(method data for {method} {0x000001e2d7277488} 'runWorker' '(Ljava/util/concurrent/ThreadPoolExecutor$Worker;)V' in 'java/util/concurrent/ThreadPoolExecutor')}
  0x000001e2c27bac8c: 48bb e837 | 50da e201 | 0000 8b7f | 0841 ba00 | 0000 2e49 | 03fa 483b | bb00 0300 | 0075 0d48 
  0x000001e2c27bacac: 8383 0803 | 0000 01e9 | 6000 0000 | 483b bb10 | 0300 0075 | 0d48 8383 | 1803 0000 | 01e9 4a00 
  0x000001e2c27baccc: 0000 4883 | bb00 0300 | 0000 7517 | 4889 bb00 | 0300 0048 | c783 0803 | 0000 0100 | 0000 e929 
  0x000001e2c27bacec: 0000 0048 | 83bb 1003 | 0000 0075 | 1748 89bb | 1003 0000 | 48c7 8318 | 0300 0001 | 0000 00e9 
  0x000001e2c27bad0c: 0800 0000 | 4883 83f8 | 0200 0001 | 488b d60f 

  0x000001e2c27bad1c: ;   {optimized virtual_call}
  0x000001e2c27bad1c: 1f40 00e8 

  0x000001e2c27bad20: ; ImmutableOopMap {[152]=Oop [160]=Oop [168]=Oop [176]=Oop }
                      ;*invokevirtual interrupt {reexecute=0 rethrow=0 return_oop=0}
                      ; - java.util.concurrent.ThreadPoolExecutor::runWorker@82 (line 1086)
  0x000001e2c27bad20: bc40 a206 

  0x000001e2c27bad24: ;   {post_call_nop}
  0x000001e2c27bad24: 0f1f 8400 | 9c0c 0004 | 488b 9424 | 9800 0000 

  0x000001e2c27bad34: ;   {metadata(method data for {method} {0x000001e2d7277488} 'runWorker' '(Ljava/util/concurrent/ThreadPoolExecutor$Worker;)V' in 'java/util/concurrent/ThreadPoolExecutor')}
  0x000001e2c27bad34: 49b8 e837 | 50da e201 | 0000 8b52 | 0841 ba00 | 0000 2e49 | 03d2 493b | 9030 0300 | 0075 0d49 
  0x000001e2c27bad54: 8380 3803 | 0000 01e9 | 6000 0000 | 493b 9040 | 0300 0075 | 0d49 8380 | 4803 0000 | 01e9 4a00 
  0x000001e2c27bad74: 0000 4983 | b830 0300 | 0000 7517 | 4989 9030 | 0300 0049 | c780 3803 | 0000 0100 | 0000 e929 
  0x000001e2c27bad94: 0000 0049 | 83b8 4003 | 0000 0075 | 1749 8990 | 4003 0000 | 49c7 8048 | 0300 0001 | 0000 00e9 
  0x000001e2c27badb4: 0800 0000 | 4983 8028 | 0300 0001 | 4c8b 8424 | a800 0000 | 4c8b 8c24 | b000 0000 | 488b 9424 
  0x000001e2c27badd4: 9800 0000 | 0f1f 4400 | 0048 b8c0 | ed90 e1e2 

  0x000001e2c27bade4: ;   {virtual_call}
  0x000001e2c27bade4: 0100 00e8 

  0x000001e2c27bade8: ; ImmutableOopMap {[152]=Oop [160]=Oop [168]=Oop [176]=Oop }
                      ;*invokevirtual beforeExecute {reexecute=0 rethrow=0 return_oop=0}
                      ; - java.util.concurrent.ThreadPoolExecutor::runWorker@88 (line 1088)
  0x000001e2c27bade8: 169b 4607 

  0x000001e2c27badec: ;   {post_call_nop}
  0x000001e2c27badec: 0f1f 8400 | 640d 0005 | 488b bc24 | b000 0000 

  0x000001e2c27badfc: ; implicit exception: dispatches to 0x000001e2c27bba23
  0x000001e2c27badfc: 483b 0748 

  0x000001e2c27bae00: ;   {metadata(method data for {method} {0x000001e2d7277488} 'runWorker' '(Ljava/util/concurrent/ThreadPoolExecutor$Worker;)V' in 'java/util/concurrent/ThreadPoolExecutor')}
  0x000001e2c27bae00: 8bd7 48be | e837 50da | e201 0000 | 8b52 0841 | ba00 0000 | 2e49 03d2 | 483b 9660 | 0300 0075 
  0x000001e2c27bae20: 0d48 8386 | 6803 0000 | 01e9 6000 | 0000 483b | 9670 0300 | 0075 0d48 | 8386 7803 | 0000 01e9 
  0x000001e2c27bae40: 4a00 0000 | 4883 be60 | 0300 0000 | 7517 4889 | 9660 0300 | 0048 c786 | 6803 0000 | 0100 0000 
  0x000001e2c27bae60: e929 0000 | 0048 83be | 7003 0000 | 0075 1748 | 8996 7003 | 0000 48c7 | 8678 0300 | 0001 0000 
  0x000001e2c27bae80: 00e9 0800 | 0000 4883 | 8658 0300 | 0001 488b | d748 89bc | 24b0 0000 | 000f 1f40 | 0048 b8e8 
  0x000001e2c27baea0: ed90 e1e2 

  0x000001e2c27baea4: ;   {virtual_call}
  0x000001e2c27baea4: 0100 00e8 

  0x000001e2c27baea8: ; ImmutableOopMap {[152]=Oop [160]=Oop [168]=Oop [176]=Oop }
                      ;*invokeinterface run {reexecute=0 rethrow=0 return_oop=0}
                      ; - java.util.concurrent.ThreadPoolExecutor::runWorker@92 (line 1090)
  0x000001e2c27baea8: 4cf2 b906 

  0x000001e2c27baeac: ;   {post_call_nop}
  0x000001e2c27baeac: 0f1f 8400 | 240e 0006 | 488b 9424 | 9800 0000 

  0x000001e2c27baebc: ;   {metadata(method data for {method} {0x000001e2d7277488} 'runWorker' '(Ljava/util/concurrent/ThreadPoolExecutor$Worker;)V' in 'java/util/concurrent/ThreadPoolExecutor')}
  0x000001e2c27baebc: 49b8 e837 | 50da e201 | 0000 8b52 | 0841 ba00 | 0000 2e49 | 03d2 493b | 9090 0300 | 0075 0d49 
  0x000001e2c27baedc: 8380 9803 | 0000 01e9 | 6000 0000 | 493b 90a0 | 0300 0075 | 0d49 8380 | a803 0000 | 01e9 4a00 
  0x000001e2c27baefc: 0000 4983 | b890 0300 | 0000 7517 | 4989 9090 | 0300 0049 | c780 9803 | 0000 0100 | 0000 e929 
  0x000001e2c27baf1c: 0000 0049 | 83b8 a003 | 0000 0075 | 1749 8990 | a003 0000 | 49c7 80a8 | 0300 0001 | 0000 00e9 
  0x000001e2c27baf3c: 0800 0000 | 4983 8088 | 0300 0001 | 4c8b 8424 | b000 0000 

  0x000001e2c27baf50: ;   {oop(nullptr)}
  0x000001e2c27baf50: 49b9 0000 | 0000 0000 | 0000 488b | 9424 9800 | 0000 6666 | 9048 b810 | ee90 e1e2 

  0x000001e2c27baf6c: ;   {virtual_call}
  0x000001e2c27baf6c: 0100 00e8 

  0x000001e2c27baf70: ; ImmutableOopMap {[152]=Oop [160]=Oop [168]=Oop [176]=Oop }
                      ;*invokevirtual afterExecute {reexecute=0 rethrow=0 return_oop=0}
                      ; - java.util.concurrent.ThreadPoolExecutor::runWorker@100 (line 1091)
  0x000001e2c27baf70: 8e9c 4607 

  0x000001e2c27baf74: ;   {post_call_nop}
  0x000001e2c27baf74: 0f1f 8400 | ec0e 0007 

  0x000001e2c27baf7c: ;   {metadata(method data for {method} {0x000001e2d7277488} 'runWorker' '(Ljava/util/concurrent/ThreadPoolExecutor$Worker;)V' in 'java/util/concurrent/ThreadPoolExecutor')}
  0x000001e2c27baf7c: 48ba e837 | 50da e201 | 0000 ff82 | b803 0000 | 4c8b 8424 | a000 0000 | c4c1 7b10 | 4020 c4e1 
  0x000001e2c27baf9c: f97e c241 | ba01 0000 | 0049 03d2 | 4889 9424 | c000 0000 | c5fb 1084 | 24c0 0000 | 00c4 c17b 
  0x000001e2c27bafbc: 1140 20f0 | 8344 24c0 | 0049 8bd0 

  0x000001e2c27bafc8: ;   {metadata(method data for {method} {0x000001e2d7277488} 'runWorker' '(Ljava/util/concurrent/ThreadPoolExecutor$Worker;)V' in 'java/util/concurrent/ThreadPoolExecutor')}
  0x000001e2c27bafc8: 48be e837 | 50da e201 | 0000 8b52 | 0841 ba00 | 0000 2e49 | 03d2 483b | 9608 0400 | 0075 0d48 
  0x000001e2c27bafe8: 8386 1004 | 0000 01e9 | 6000 0000 | 483b 9618 | 0400 0075 | 0d48 8386 | 2004 0000 | 01e9 4a00 
  0x000001e2c27bb008: 0000 4883 | be08 0400 | 0000 7517 | 4889 9608 | 0400 0048 | c786 1004 | 0000 0100 | 0000 e929 
  0x000001e2c27bb028: 0000 0048 | 83be 1804 | 0000 0075 | 1748 8996 | 1804 0000 | 48c7 8620 | 0400 0001 | 0000 00e9 
  0x000001e2c27bb048: 0800 0000 | 4883 8600 | 0400 0001 

  0x000001e2c27bb054: ;   {metadata(method data for {method} {0x000001e2d73e9b08} 'unlock' '()V' in 'java/util/concurrent/ThreadPoolExecutor$Worker')}
  0x000001e2c27bb054: 48ba 40a6 | bed8 e201 | 0000 8bb2 | 9000 0000 | 83c6 0289 | b290 0000 | 0081 e6fe | ff1f 0085 
  0x000001e2c27bb074: f60f 84ad | 0900 0049 

  0x000001e2c27bb07c: ;   {metadata(method data for {method} {0x000001e2d73e9b08} 'unlock' '()V' in 'java/util/concurrent/ThreadPoolExecutor$Worker')}
  0x000001e2c27bb07c: 8bd0 48be | 40a6 bed8 | e201 0000 | 8b52 0841 | ba00 0000 | 2e49 03d2 | 483b 96e0 | 0000 0075 
  0x000001e2c27bb09c: 0d48 8386 | e800 0000 | 01e9 6000 | 0000 483b | 96f0 0000 | 0075 0d48 | 8386 f800 | 0000 01e9 
  0x000001e2c27bb0bc: 4a00 0000 | 4883 bee0 | 0000 0000 | 7517 4889 | 96e0 0000 | 0048 c786 | e800 0000 | 0100 0000 
  0x000001e2c27bb0dc: e929 0000 | 0048 83be | f000 0000 | 0075 1748 | 8996 f000 | 0000 48c7 | 86f8 0000 | 0001 0000 
  0x000001e2c27bb0fc: 00e9 0800 | 0000 4883 | 86d8 0000 

  0x000001e2c27bb108: ;   {metadata(method data for {method} {0x000000002e2d24b8} 'release' '(I)Z' in 'java/util/concurrent/locks/AbstractQueuedSynchronizer')}
  0x000001e2c27bb108: 0001 48ba | 0064 22d7 | e201 0000 | 8bb2 9000 | 0000 83c6 | 0289 b290 | 0000 0081 | e6fe ff1f 
  0x000001e2c27bb128: 0085 f60f | 8418 0900 | 0049 8bd0 

  0x000001e2c27bb134: ;   {metadata(method data for {method} {0x000000002e2d24b8} 'release' '(I)Z' in 'java/util/concurrent/locks/AbstractQueuedSynchronizer')}
  0x000001e2c27bb134: 48be 0064 | 22d7 e201 | 0000 4883 | 86f8 0000 

  0x000001e2c27bb144: ;   {metadata(method data for {method} {0x000001e2d73e98f8} 'tryRelease' '(I)Z' in 'java/util/concurrent/ThreadPoolExecutor$Worker')}
  0x000001e2c27bb144: 0001 48ba | 88a7 bed8 | e201 0000 | 8bb2 9000 | 0000 83c6 | 0289 b290 | 0000 0081 | e6fe ff1f 
  0x000001e2c27bb164: 0085 f60f | 84fd 0800 | 0049 8bd0 

  0x000001e2c27bb170: ;   {metadata(method data for {method} {0x000001e2d73e98f8} 'tryRelease' '(I)Z' in 'java/util/concurrent/ThreadPoolExecutor$Worker')}
  0x000001e2c27bb170: 48be 88a7 | bed8 e201 | 0000 8b52 | 0841 ba00 | 0000 2e49 | 03d2 483b | 96e0 0000 | 0075 0d48 
  0x000001e2c27bb190: 8386 e800 | 0000 01e9 | 6000 0000 | 483b 96f0 | 0000 0075 | 0d48 8386 | f800 0000 | 01e9 4a00 
  0x000001e2c27bb1b0: 0000 4883 | bee0 0000 | 0000 7517 | 4889 96e0 | 0000 0048 | c786 e800 | 0000 0100 | 0000 e929 
  0x000001e2c27bb1d0: 0000 0048 | 83be f000 | 0000 0075 | 1748 8996 | f000 0000 | 48c7 86f8 | 0000 0001 | 0000 00e9 
  0x000001e2c27bb1f0: 0800 0000 | 4883 86d8 | 0000 0001 | 410f be57 | 4885 d20f | 8582 0800 | 0041 c740 | 0c00 0000 
  0x000001e2c27bb210: 0049 8bd0 

  0x000001e2c27bb214: ;   {metadata(method data for {method} {0x000001e2d73e98f8} 'tryRelease' '(I)Z' in 'java/util/concurrent/ThreadPoolExecutor$Worker')}
  0x000001e2c27bb214: 48be 88a7 | bed8 e201 | 0000 8b52 | 0841 ba00 | 0000 2e49 | 03d2 483b | 9610 0100 | 0075 0d48 
  0x000001e2c27bb234: 8386 1801 | 0000 01e9 | 6000 0000 | 483b 9620 | 0100 0075 | 0d48 8386 | 2801 0000 | 01e9 4a00 
  0x000001e2c27bb254: 0000 4883 | be10 0100 | 0000 7517 | 4889 9610 | 0100 0048 | c786 1801 | 0000 0100 | 0000 e929 
  0x000001e2c27bb274: 0000 0048 | 83be 2001 | 0000 0075 | 1748 8996 | 2001 0000 | 48c7 8628 | 0100 0001 | 0000 00e9 
  0x000001e2c27bb294: 0800 0000 | 4883 8608 | 0100 0001 | ba00 0000 | 0041 8950 | 18f0 8344 

  0x000001e2c27bb2ac: ;   {metadata(method data for {method} {0x000000002e2d24b8} 'release' '(I)Z' in 'java/util/concurrent/locks/AbstractQueuedSynchronizer')}
  0x000001e2c27bb2ac: 24c0 0048 | ba00 6422 | d7e2 0100 | 00ff 8218 | 0100 0041 

  0x000001e2c27bb2c0: ;   {metadata(method data for {method} {0x000000002e2d24b8} 'release' '(I)Z' in 'java/util/concurrent/locks/AbstractQueuedSynchronizer')}
  0x000001e2c27bb2c0: 8b50 1048 | be00 6422 | d7e2 0100 | 0048 8386 | 2801 0000 

  0x000001e2c27bb2d4: ;   {static_call}
  0x000001e2c27bb2d4: 0166 90e8 

  0x000001e2c27bb2d8: ; ImmutableOopMap {[152]=Oop [160]=Oop [168]=Oop }
                      ;*invokestatic signalNext {reexecute=0 rethrow=0 return_oop=0}
                      ; - java.util.concurrent.locks.AbstractQueuedSynchronizer::release@12 (line 1100)
                      ; - java.util.concurrent.ThreadPoolExecutor$Worker::unlock@2 (line 642)
                      ; - java.util.concurrent.ThreadPoolExecutor::runWorker@131 (line 1099)
  0x000001e2c27bb2d8: a4ac 4307 

  0x000001e2c27bb2dc: ;   {post_call_nop}
  0x000001e2c27bb2dc: 0f1f 8400 | 5412 0008 

  0x000001e2c27bb2e4: ;   {metadata(method data for {method} {0x000001e2d7277488} 'runWorker' '(Ljava/util/concurrent/ThreadPoolExecutor$Worker;)V' in 'java/util/concurrent/ThreadPoolExecutor')}
  0x000001e2c27bb2e4: 49b8 e837 | 50da e201 | 0000 41ff | 8030 0400 

  0x000001e2c27bb2f4: ;   {metadata(method data for {method} {0x000001e2d7277488} 'runWorker' '(Ljava/util/concurrent/ThreadPoolExecutor$Worker;)V' in 'java/util/concurrent/ThreadPoolExecutor')}
  0x000001e2c27bb2f4: 0049 b8e8 | 3750 dae2 | 0100 0045 | 8b88 9400 | 0000 4183 | c102 4589 | 8894 0000 | 0041 81e1 
  0x000001e2c27bb314: fe3f 0000 | 4585 c90f | 8486 0700 | 004d 8b57 

  0x000001e2c27bb324: ; ImmutableOopMap {[152]=Oop [160]=Oop [168]=Oop }
                      ;*goto {reexecute=1 rethrow=0 return_oop=0}
                      ; - (reexecute) java.util.concurrent.ThreadPoolExecutor::runWorker@158 (line 1100)
                      ;   {poll}
  0x000001e2c27bb324: 3041 8502 

  0x000001e2c27bb328: ;   {metadata(method data for {method} {0x000001e2d7277488} 'runWorker' '(Ljava/util/concurrent/ThreadPoolExecutor$Worker;)V' in 'java/util/concurrent/ThreadPoolExecutor')}
  0x000001e2c27bb328: 49b8 e837 | 50da e201 | 0000 41ff | 8078 0400 

  0x000001e2c27bb338: ;   {oop(nullptr)}
  0x000001e2c27bb338: 0048 bf00 | 0000 0000 | 0000 00e9 | 20f2 ffff | 488b 9424 | 9800 0000 

  0x000001e2c27bb350: ;   {metadata(method data for {method} {0x000001e2d7277488} 'runWorker' '(Ljava/util/concurrent/ThreadPoolExecutor$Worker;)V' in 'java/util/concurrent/ThreadPoolExecutor')}
  0x000001e2c27bb350: 49b8 e837 | 50da e201 | 0000 4983 | 8090 0400 | 0001 4c8b | 8424 a000 | 0000 41b9 | 0000 0000 
  0x000001e2c27bb370: 488b 9424 | 9800 0000 | 0f1f 8000 

  0x000001e2c27bb37c: ;   {optimized virtual_call}
  0x000001e2c27bb37c: 0000 00e8 

  0x000001e2c27bb380: ; ImmutableOopMap {}
                      ;*invokevirtual processWorkerExit {reexecute=0 rethrow=0 return_oop=0}
                      ; - java.util.concurrent.ThreadPoolExecutor::runWorker@168 (line 1104)
  0x000001e2c27bb380: 9608 0000 

  0x000001e2c27bb384: ;   {post_call_nop}
  0x000001e2c27bb384: 0f1f 8400 | fc12 000a 

  0x000001e2c27bb38c: ;   {metadata(method data for {method} {0x000001e2d7277488} 'runWorker' '(Ljava/util/concurrent/ThreadPoolExecutor$Worker;)V' in 'java/util/concurrent/ThreadPoolExecutor')}
  0x000001e2c27bb38c: 48b8 e837 | 50da e201 | 0000 ff80 | c004 0000 | 4881 c4f0 | 0000 005d 

  0x000001e2c27bb3a4: ;   {poll_return}
  0x000001e2c27bb3a4: 493b 6728 | 0f87 1a07 | 0000 c349 | 8b87 8805 | 0000 4d33 | d24d 8997 | 8805 0000 | 4d33 d24d 
  0x000001e2c27bb3c4: 8997 9005 | 0000 488b | 9424 9800 

  0x000001e2c27bb3d0: ;   {metadata(method data for {method} {0x000001e2d7277488} 'runWorker' '(Ljava/util/concurrent/ThreadPoolExecutor$Worker;)V' in 'java/util/concurrent/ThreadPoolExecutor')}
  0x000001e2c27bb3d0: 0000 49b8 | e837 50da | e201 0000 | 8b52 0841 | ba00 0000 | 2e49 03d2 | 493b 90d8 | 0300 0075 
  0x000001e2c27bb3f0: 0d49 8380 | e003 0000 | 01e9 6000 | 0000 493b | 90e8 0300 | 0075 0d49 | 8380 f003 | 0000 01e9 
  0x000001e2c27bb410: 4a00 0000 | 4983 b8d8 | 0300 0000 | 7517 4989 | 90d8 0300 | 0049 c780 | e003 0000 | 0100 0000 
  0x000001e2c27bb430: e929 0000 | 0049 83b8 | e803 0000 | 0075 1749 | 8990 e803 | 0000 49c7 | 80f0 0300 | 0001 0000 
  0x000001e2c27bb450: 00e9 0800 | 0000 4983 | 80d0 0300 | 0001 4c8b | c74c 8bc8 | 488b 9424 | 9800 0000 | 4889 8424 
  0x000001e2c27bb470: c800 0000 | 9048 b838 | ee90 e1e2 

  0x000001e2c27bb47c: ;   {virtual_call}
  0x000001e2c27bb47c: 0100 00e8 

  0x000001e2c27bb480: ; ImmutableOopMap {[152]=Oop [160]=Oop [200]=Oop }
                      ;*invokevirtual afterExecute {reexecute=0 rethrow=0 return_oop=0}
                      ; - java.util.concurrent.ThreadPoolExecutor::runWorker@112 (line 1093)
  0x000001e2c27bb480: 5c3c a206 

  0x000001e2c27bb484: ;   {post_call_nop}
  0x000001e2c27bb484: 0f1f 8400 | fc13 000b | 488b 8424 

  0x000001e2c27bb490: ; ImmutableOopMap {rax=Oop [152]=Oop [160]=Oop }
                      ;*athrow {reexecute=1 rethrow=0 return_oop=0}
                      ; - (reexecute) java.util.concurrent.ThreadPoolExecutor::runWorker@117 (line 1094)
  0x000001e2c27bb490: c800 0000 

  0x000001e2c27bb494: ;   {section_word}
  0x000001e2c27bb494: 48ba 94b4 | 7bc2 e201 

  0x000001e2c27bb49c: ;   {runtime_call C1 Runtime handle_exception_blob}
  0x000001e2c27bb49c: 0000 e8bd | f9ae 0690 | 498b 8788 | 0500 004d | 33d2 4d89 | 9788 0500 | 004d 33d2 | 4d89 9790 
  0x000001e2c27bb4bc: 0500 004c | 8b84 24a0 | 0000 00c4 | c17b 1040 | 20c4 e1f9 | 7ec2 41ba | 0100 0000 | 4903 d248 
  0x000001e2c27bb4dc: 8994 24d0 | 0000 00c5 | fb10 8424 | d000 0000 | c4c1 7b11 | 4020 f083 | 4424 c000 

  0x000001e2c27bb4f8: ;   {metadata(method data for {method} {0x000001e2d7277488} 'runWorker' '(Ljava/util/concurrent/ThreadPoolExecutor$Worker;)V' in 'java/util/concurrent/ThreadPoolExecutor')}
  0x000001e2c27bb4f8: 498b d048 | bee8 3750 | dae2 0100 | 008b 5208 | 41ba 0000 | 002e 4903 | d248 3b96 | 5004 0000 
  0x000001e2c27bb518: 750d 4883 | 8658 0400 | 0001 e960 | 0000 0048 | 3b96 6004 | 0000 750d | 4883 8668 | 0400 0001 
  0x000001e2c27bb538: e94a 0000 | 0048 83be | 5004 0000 | 0075 1748 | 8996 5004 | 0000 48c7 | 8658 0400 | 0001 0000 
  0x000001e2c27bb558: 00e9 2900 | 0000 4883 | be60 0400 | 0000 7517 | 4889 9660 | 0400 0048 | c786 6804 | 0000 0100 
  0x000001e2c27bb578: 0000 e908 | 0000 0048 | 8386 4804 

  0x000001e2c27bb584: ;   {metadata(method data for {method} {0x000001e2d73e9b08} 'unlock' '()V' in 'java/util/concurrent/ThreadPoolExecutor$Worker')}
  0x000001e2c27bb584: 0000 0148 | ba40 a6be | d8e2 0100 | 008b b290 | 0000 0083 | c602 89b2 | 9000 0000 | 81e6 feff 
  0x000001e2c27bb5a4: 1f00 85f6 | 0f84 3005 | 0000 498b 

  0x000001e2c27bb5b0: ;   {metadata(method data for {method} {0x000001e2d73e9b08} 'unlock' '()V' in 'java/util/concurrent/ThreadPoolExecutor$Worker')}
  0x000001e2c27bb5b0: d048 be40 | a6be d8e2 | 0100 008b | 5208 41ba | 0000 002e | 4903 d248 | 3b96 e000 | 0000 750d 
  0x000001e2c27bb5d0: 4883 86e8 | 0000 0001 | e960 0000 | 0048 3b96 | f000 0000 | 750d 4883 | 86f8 0000 | 0001 e94a 
  0x000001e2c27bb5f0: 0000 0048 | 83be e000 | 0000 0075 | 1748 8996 | e000 0000 | 48c7 86e8 | 0000 0001 | 0000 00e9 
  0x000001e2c27bb610: 2900 0000 | 4883 bef0 | 0000 0000 | 7517 4889 | 96f0 0000 | 0048 c786 | f800 0000 | 0100 0000 
  0x000001e2c27bb630: e908 0000 | 0048 8386 | d800 0000 

  0x000001e2c27bb63c: ;   {metadata(method data for {method} {0x000000002e2d24b8} 'release' '(I)Z' in 'java/util/concurrent/locks/AbstractQueuedSynchronizer')}
  0x000001e2c27bb63c: 0148 ba00 | 6422 d7e2 | 0100 008b | b290 0000 | 0083 c602 | 89b2 9000 | 0000 81e6 | feff 1f00 
  0x000001e2c27bb65c: 85f6 0f84 | 9b04 0000 

  0x000001e2c27bb664: ;   {metadata(method data for {method} {0x000000002e2d24b8} 'release' '(I)Z' in 'java/util/concurrent/locks/AbstractQueuedSynchronizer')}
  0x000001e2c27bb664: 498b d048 | be00 6422 | d7e2 0100 | 0048 8386 | f800 0000 

  0x000001e2c27bb678: ;   {metadata(method data for {method} {0x000001e2d73e98f8} 'tryRelease' '(I)Z' in 'java/util/concurrent/ThreadPoolExecutor$Worker')}
  0x000001e2c27bb678: 0148 ba88 | a7be d8e2 | 0100 008b | b290 0000 | 0083 c602 | 89b2 9000 | 0000 81e6 | feff 1f00 
  0x000001e2c27bb698: 85f6 0f84 | 8004 0000 

  0x000001e2c27bb6a0: ;   {metadata(method data for {method} {0x000001e2d73e98f8} 'tryRelease' '(I)Z' in 'java/util/concurrent/ThreadPoolExecutor$Worker')}
  0x000001e2c27bb6a0: 498b d048 | be88 a7be | d8e2 0100 | 008b 5208 | 41ba 0000 | 002e 4903 | d248 3b96 | e000 0000 
  0x000001e2c27bb6c0: 750d 4883 | 86e8 0000 | 0001 e960 | 0000 0048 | 3b96 f000 | 0000 750d | 4883 86f8 | 0000 0001 
  0x000001e2c27bb6e0: e94a 0000 | 0048 83be | e000 0000 | 0075 1748 | 8996 e000 | 0000 48c7 | 86e8 0000 | 0001 0000 
  0x000001e2c27bb700: 00e9 2900 | 0000 4883 | bef0 0000 | 0000 7517 | 4889 96f0 | 0000 0048 | c786 f800 | 0000 0100 
  0x000001e2c27bb720: 0000 e908 | 0000 0048 | 8386 d800 | 0000 0141 | 0fbe 5748 | 85d2 0f85 | 0504 0000 | 41c7 400c 
  0x000001e2c27bb740: 0000 0000 

  0x000001e2c27bb744: ;   {metadata(method data for {method} {0x000001e2d73e98f8} 'tryRelease' '(I)Z' in 'java/util/concurrent/ThreadPoolExecutor$Worker')}
  0x000001e2c27bb744: 498b d048 | be88 a7be | d8e2 0100 | 008b 5208 | 41ba 0000 | 002e 4903 | d248 3b96 | 1001 0000 
  0x000001e2c27bb764: 750d 4883 | 8618 0100 | 0001 e960 | 0000 0048 | 3b96 2001 | 0000 750d | 4883 8628 | 0100 0001 
  0x000001e2c27bb784: e94a 0000 | 0048 83be | 1001 0000 | 0075 1748 | 8996 1001 | 0000 48c7 | 8618 0100 | 0001 0000 
  0x000001e2c27bb7a4: 00e9 2900 | 0000 4883 | be20 0100 | 0000 7517 | 4889 9620 | 0100 0048 | c786 2801 | 0000 0100 
  0x000001e2c27bb7c4: 0000 e908 | 0000 0048 | 8386 0801 | 0000 01ba | 0000 0000 | 4189 5018 | f083 4424 

  0x000001e2c27bb7e0: ;   {metadata(method data for {method} {0x000000002e2d24b8} 'release' '(I)Z' in 'java/util/concurrent/locks/AbstractQueuedSynchronizer')}
  0x000001e2c27bb7e0: c000 48ba | 0064 22d7 | e201 0000 | ff82 1801 | 0000 4889 | 8424 d800 | 0000 418b 

  0x000001e2c27bb7fc: ;   {metadata(method data for {method} {0x000000002e2d24b8} 'release' '(I)Z' in 'java/util/concurrent/locks/AbstractQueuedSynchronizer')}
  0x000001e2c27bb7fc: 5010 48be | 0064 22d7 | e201 0000 | 4883 8628 | 0100 0001 | 0f1f 8000 

  0x000001e2c27bb814: ;   {static_call}
  0x000001e2c27bb814: 0000 00e8 

  0x000001e2c27bb818: ; ImmutableOopMap {[152]=Oop [160]=Oop [216]=Oop }
                      ;*invokestatic signalNext {reexecute=0 rethrow=0 return_oop=0}
                      ; - java.util.concurrent.locks.AbstractQueuedSynchronizer::release@12 (line 1100)
                      ; - java.util.concurrent.ThreadPoolExecutor$Worker::unlock@2 (line 642)
                      ; - java.util.concurrent.ThreadPoolExecutor::runWorker@152 (line 1099)
  0x000001e2c27bb818: c43b a206 

  0x000001e2c27bb81c: ;   {post_call_nop}
  0x000001e2c27bb81c: 0f1f 8400 | 9417 000d | 488b 8424 

  0x000001e2c27bb828: ; ImmutableOopMap {rax=Oop [152]=Oop [160]=Oop }
                      ;*athrow {reexecute=1 rethrow=0 return_oop=0}
                      ; - (reexecute) java.util.concurrent.ThreadPoolExecutor::runWorker@157 (line 1100)
  0x000001e2c27bb828: d800 0000 

  0x000001e2c27bb82c: ;   {section_word}
  0x000001e2c27bb82c: 48ba 2cb8 | 7bc2 e201 

  0x000001e2c27bb834: ;   {runtime_call C1 Runtime handle_exception_blob}
  0x000001e2c27bb834: 0000 e825 | f6ae 0690 | 498b 8788 | 0500 004d | 33d2 4d89 | 9788 0500 | 004d 33d2 | 4d89 9790 
  0x000001e2c27bb854: 0500 0048 | 8984 24e0 | 0000 004c | 8b84 24a0 | 0000 0048 | 8b94 2498 | 0000 004c 

  0x000001e2c27bb870: ;   {metadata(method data for {method} {0x000001e2d7277488} 'runWorker' '(Ljava/util/concurrent/ThreadPoolExecutor$Worker;)V' in 'java/util/concurrent/ThreadPoolExecutor')}
  0x000001e2c27bb870: 8bca 48be | e837 50da | e201 0000 | 4883 86d8 | 0400 0001 | 41b9 0100 | 0000 0f1f 

  0x000001e2c27bb88c: ;   {optimized virtual_call}
  0x000001e2c27bb88c: 4400 00e8 

  0x000001e2c27bb890: ; ImmutableOopMap {[224]=Oop }
                      ;*invokevirtual processWorkerExit {reexecute=0 rethrow=0 return_oop=0}
                      ; - java.util.concurrent.ThreadPoolExecutor::runWorker@180 (line 1104)
  0x000001e2c27bb890: 4c35 a206 

  0x000001e2c27bb894: ;   {post_call_nop}
  0x000001e2c27bb894: 0f1f 8400 | 0c18 000f | 488b 8424 | e000 0000 | e9eb 0200 

  0x000001e2c27bb8a8: ;   {metadata({method} {0x000001e2d7277488} 'runWorker' '(Ljava/util/concurrent/ThreadPoolExecutor$Worker;)V' in 'java/util/concurrent/ThreadPoolExecutor')}
  0x000001e2c27bb8a8: 0049 ba80 | 7427 d7e2 | 0100 004c | 8954 2408 | 48c7 0424 | ffff ffff 

  0x000001e2c27bb8c0: ;   {runtime_call C1 Runtime counter_overflow_blob}
  0x000001e2c27bb8c0: e89b 2eaf 

  0x000001e2c27bb8c4: ; ImmutableOopMap {rdx=Oop r8=Oop [152]=Oop [160]=Oop }
                      ;*synchronization entry
                      ; - java.util.concurrent.ThreadPoolExecutor::runWorker@-1 (line 1070)
  0x000001e2c27bb8c4: 06e9 2ce9 

  0x000001e2c27bb8c8: ;   {runtime_call C1 Runtime throw_null_pointer_exception_blob}
  0x000001e2c27bb8c8: ffff e891 

  0x000001e2c27bb8cc: ; ImmutableOopMap {rdx=Oop r8=Oop rsi=Oop [152]=Oop [160]=Oop [168]=Oop }
                      ;*getfield firstTask {reexecute=1 rethrow=0 return_oop=0}
                      ; - (reexecute) java.util.concurrent.ThreadPoolExecutor::runWorker@5 (line 1071)
  0x000001e2c27bb8cc: d3ae 0641 | 8b58 2848 | 83fb 000f | 844e e9ff | ff48 891c 

  0x000001e2c27bb8e0: ;   {runtime_call g1_pre_barrier_slow}
  0x000001e2c27bb8e0: 24e8 7a34 | af06 e940 

  0x000001e2c27bb8e8: ;   {metadata({method} {0x000001e2d73e9b08} 'unlock' '()V' in 'java/util/concurrent/ThreadPoolExecutor$Worker')}
  0x000001e2c27bb8e8: e9ff ff49 | ba00 9b3e | d7e2 0100 | 004c 8954 | 2408 48c7 | 0424 ffff 

  0x000001e2c27bb900: ;   {runtime_call C1 Runtime counter_overflow_blob}
  0x000001e2c27bb900: ffff e859 

  0x000001e2c27bb904: ; ImmutableOopMap {rdx=Oop r8=Oop rsi=Oop rdi=Oop [152]=Oop [160]=Oop [168]=Oop }
                      ;*synchronization entry
                      ; - java.util.concurrent.ThreadPoolExecutor$Worker::unlock@-1 (line 642)
                      ; - java.util.concurrent.ThreadPoolExecutor::runWorker@15 (line 1073)
  0x000001e2c27bb904: 2eaf 06e9 | dce9 ffff 

  0x000001e2c27bb90c: ;   {metadata({method} {0x000000002e2d24b8} 'release' '(I)Z' in 'java/util/concurrent/locks/AbstractQueuedSynchronizer')}
  0x000001e2c27bb90c: 49ba b024 | 2d2e 0000 | 0000 4c89 | 5424 0848 | c704 24ff 

  0x000001e2c27bb920: ;   {runtime_call C1 Runtime counter_overflow_blob}
  0x000001e2c27bb920: ffff ffe8 

  0x000001e2c27bb924: ; ImmutableOopMap {rdx=Oop r8=Oop rsi=Oop rdi=Oop [152]=Oop [160]=Oop [168]=Oop }
                      ;*synchronization entry
                      ; - java.util.concurrent.locks.AbstractQueuedSynchronizer::release@-1 (line 1099)
                      ; - java.util.concurrent.ThreadPoolExecutor$Worker::unlock@2 (line 642)
                      ; - java.util.concurrent.ThreadPoolExecutor::runWorker@15 (line 1073)
  0x000001e2c27bb924: 382e af06 | e970 eaff 

  0x000001e2c27bb92c: ;   {metadata({method} {0x000001e2d73e98f8} 'tryRelease' '(I)Z' in 'java/util/concurrent/ThreadPoolExecutor$Worker')}
  0x000001e2c27bb92c: ff49 baf0 | 983e d7e2 | 0100 004c | 8954 2408 | 48c7 0424 | ffff ffff 

  0x000001e2c27bb944: ;   {runtime_call C1 Runtime counter_overflow_blob}
  0x000001e2c27bb944: e817 2eaf 

  0x000001e2c27bb948: ; ImmutableOopMap {rdx=Oop r8=Oop rsi=Oop rdi=Oop [152]=Oop [160]=Oop [168]=Oop }
                      ;*synchronization entry
                      ; - java.util.concurrent.ThreadPoolExecutor$Worker::tryRelease@-1 (line 635)
                      ; - java.util.concurrent.locks.AbstractQueuedSynchronizer::release@2 (line 1099)
                      ; - java.util.concurrent.ThreadPoolExecutor$Worker::unlock@2 (line 642)
                      ; - java.util.concurrent.ThreadPoolExecutor::runWorker@15 (line 1073)
  0x000001e2c27bb948: 06e9 8aea | ffff 418b | 580c 4883 | fb00 0f84 | 18eb ffff | 4889 1c24 

  0x000001e2c27bb960: ;   {runtime_call g1_pre_barrier_slow}
  0x000001e2c27bb960: e8fb 33af | 06e9 0aeb 

  0x000001e2c27bb968: ;   {metadata({method} {0x000001e2d73e99a8} 'lock' '()V' in 'java/util/concurrent/ThreadPoolExecutor$Worker')}
  0x000001e2c27bb968: ffff 49ba | a099 3ed7 | e201 0000 | 4c89 5424 | 0848 c704 | 24ff ffff 

  0x000001e2c27bb980: ;   {runtime_call C1 Runtime counter_overflow_blob}
  0x000001e2c27bb980: ffe8 da2d 

  0x000001e2c27bb984: ; ImmutableOopMap {[152]=Oop [160]=Oop [168]=Oop [176]=Oop }
                      ;*synchronization entry
                      ; - java.util.concurrent.ThreadPoolExecutor$Worker::lock@-1 (line 640)
                      ; - java.util.concurrent.ThreadPoolExecutor::runWorker@35 (line 1077)
  0x000001e2c27bb984: af06 e92d 

  0x000001e2c27bb988: ;   {runtime_call C1 Runtime throw_null_pointer_exception_blob}
  0x000001e2c27bb988: edff ffe8 

  0x000001e2c27bb98c: ; ImmutableOopMap {rdx=Oop rsi=Oop [152]=Oop [160]=Oop [168]=Oop [176]=Oop }
                      ;*invokevirtual get {reexecute=0 rethrow=0 return_oop=0}
                      ; - java.util.concurrent.ThreadPoolExecutor::runWorker@42 (line 1082)
  0x000001e2c27bb98c: d0d2 ae06 

  0x000001e2c27bb990: ;   {metadata({method} {0x000001e2d7275eb0} 'runStateAtLeast' '(II)Z' in 'java/util/concurrent/ThreadPoolExecutor')}
  0x000001e2c27bb990: 49ba a85e | 27d7 e201 | 0000 4c89 | 5424 0848 | c704 24ff 

  0x000001e2c27bb9a4: ;   {runtime_call C1 Runtime counter_overflow_blob}
  0x000001e2c27bb9a4: ffff ffe8 

  0x000001e2c27bb9a8: ; ImmutableOopMap {rdx=Oop [152]=Oop [160]=Oop [168]=Oop [176]=Oop }
                      ;*synchronization entry
                      ; - java.util.concurrent.ThreadPoolExecutor::runStateAtLeast@-1 (line 408)
                      ; - java.util.concurrent.ThreadPoolExecutor::runWorker@47 (line 1082)
  0x000001e2c27bb9a8: b42d af06 | e994 eeff 

  0x000001e2c27bb9b0: ;   {metadata({method} {0x000000002e4a3658} 'interrupted' '()Z' in 'java/lang/Thread')}
  0x000001e2c27bb9b0: ff49 ba50 | 364a 2e00 | 0000 004c | 8954 2408 | 48c7 0424 | ffff ffff 

  0x000001e2c27bb9c8: ;   {runtime_call C1 Runtime counter_overflow_blob}
  0x000001e2c27bb9c8: e893 2daf 

  0x000001e2c27bb9cc: ; ImmutableOopMap {rdx=Oop [152]=Oop [160]=Oop [168]=Oop [176]=Oop }
                      ;*synchronization entry
                      ; - java.lang.Thread::interrupted@-1 (line 1625)
                      ; - java.util.concurrent.ThreadPoolExecutor::runWorker@53 (line 1083)
  0x000001e2c27bb9cc: 06e9 26ef 

  0x000001e2c27bb9d0: ;   {runtime_call C1 Runtime throw_null_pointer_exception_blob}
  0x000001e2c27bb9d0: ffff e889 

  0x000001e2c27bb9d4: ; ImmutableOopMap {rdx=Oop rsi=Oop [152]=Oop [160]=Oop [168]=Oop [176]=Oop }
                      ;*invokevirtual getAndClearInterrupt {reexecute=0 rethrow=0 return_oop=0}
                      ; - java.lang.Thread::interrupted@3 (line 1625)
                      ; - java.util.concurrent.ThreadPoolExecutor::runWorker@53 (line 1083)
                      ;   {metadata({method} {0x000000002e191170} 'getAndClearInterrupt' '()Z' in 'java/lang/Thread')}
  0x000001e2c27bb9d4: d2ae 0649 | ba68 1119 | 2e00 0000 | 004c 8954 | 2408 48c7 | 0424 ffff 

  0x000001e2c27bb9ec: ;   {runtime_call C1 Runtime counter_overflow_blob}
  0x000001e2c27bb9ec: ffff e86d 

  0x000001e2c27bb9f0: ; ImmutableOopMap {rdx=Oop rsi=Oop [152]=Oop [160]=Oop [168]=Oop [176]=Oop }
                      ;*synchronization entry
                      ; - java.lang.Thread::getAndClearInterrupt@-1 (line 1657)
                      ; - java.lang.Thread::interrupted@3 (line 1625)
                      ; - java.util.concurrent.ThreadPoolExecutor::runWorker@53 (line 1083)
  0x000001e2c27bb9f0: 2daf 06e9 | d5ef ffff 

  0x000001e2c27bb9f8: ;   {runtime_call C1 Runtime throw_null_pointer_exception_blob}
  0x000001e2c27bb9f8: e863 d2ae 

  0x000001e2c27bb9fc: ; ImmutableOopMap {rdx=Oop rsi=Oop [152]=Oop [160]=Oop [168]=Oop [176]=Oop }
                      ;*invokevirtual get {reexecute=0 rethrow=0 return_oop=0}
                      ; - java.util.concurrent.ThreadPoolExecutor::runWorker@63 (line 1084)
                      ;   {metadata({method} {0x000001e2d7275eb0} 'runStateAtLeast' '(II)Z' in 'java/util/concurrent/ThreadPoolExecutor')}
  0x000001e2c27bb9fc: 0649 baa8 | 5e27 d7e2 | 0100 004c | 8954 2408 | 48c7 0424 | ffff ffff 

  0x000001e2c27bba14: ;   {runtime_call C1 Runtime counter_overflow_blob}
  0x000001e2c27bba14: e847 2daf 

  0x000001e2c27bba18: ; ImmutableOopMap {rdx=Oop [152]=Oop [160]=Oop [168]=Oop [176]=Oop }
                      ;*synchronization entry
                      ; - java.util.concurrent.ThreadPoolExecutor::runStateAtLeast@-1 (line 408)
                      ; - java.util.concurrent.ThreadPoolExecutor::runWorker@68 (line 1084)
  0x000001e2c27bba18: 06e9 26f1 

  0x000001e2c27bba1c: ;   {runtime_call C1 Runtime throw_null_pointer_exception_blob}
  0x000001e2c27bba1c: ffff e83d 

  0x000001e2c27bba20: ; ImmutableOopMap {rdx=Oop rsi=Oop [152]=Oop [160]=Oop [168]=Oop [176]=Oop }
                      ;*invokevirtual isInterrupted {reexecute=0 rethrow=0 return_oop=0}
                      ; - java.util.concurrent.ThreadPoolExecutor::runWorker@75 (line 1085)
                      ;   {runtime_call C1 Runtime throw_null_pointer_exception_blob}
  0x000001e2c27bba20: d2ae 06e8 

  0x000001e2c27bba24: ; ImmutableOopMap {rdi=Oop [152]=Oop [160]=Oop [168]=Oop }
                      ;*invokeinterface run {reexecute=0 rethrow=0 return_oop=0}
                      ; - java.util.concurrent.ThreadPoolExecutor::runWorker@92 (line 1090)
  0x000001e2c27bba24: 38d2 ae06 

  0x000001e2c27bba28: ;   {metadata({method} {0x000001e2d73e9b08} 'unlock' '()V' in 'java/util/concurrent/ThreadPoolExecutor$Worker')}
  0x000001e2c27bba28: 49ba 009b | 3ed7 e201 | 0000 4c89 | 5424 0848 | c704 24ff 

  0x000001e2c27bba3c: ;   {runtime_call C1 Runtime counter_overflow_blob}
  0x000001e2c27bba3c: ffff ffe8 

  0x000001e2c27bba40: ; ImmutableOopMap {r8=Oop [152]=Oop [160]=Oop [168]=Oop }
                      ;*synchronization entry
                      ; - java.util.concurrent.ThreadPoolExecutor$Worker::unlock@-1 (line 642)
                      ; - java.util.concurrent.ThreadPoolExecutor::runWorker@131 (line 1099)
  0x000001e2c27bba40: 1c2d af06 | e932 f6ff 

  0x000001e2c27bba48: ;   {metadata({method} {0x000000002e2d24b8} 'release' '(I)Z' in 'java/util/concurrent/locks/AbstractQueuedSynchronizer')}
  0x000001e2c27bba48: ff49 bab0 | 242d 2e00 | 0000 004c | 8954 2408 | 48c7 0424 | ffff ffff 

  0x000001e2c27bba60: ;   {runtime_call C1 Runtime counter_overflow_blob}
  0x000001e2c27bba60: e8fb 2caf 

  0x000001e2c27bba64: ; ImmutableOopMap {r8=Oop [152]=Oop [160]=Oop [168]=Oop }
                      ;*synchronization entry
                      ; - java.util.concurrent.locks.AbstractQueuedSynchronizer::release@-1 (line 1099)
                      ; - java.util.concurrent.ThreadPoolExecutor$Worker::unlock@2 (line 642)
                      ; - java.util.concurrent.ThreadPoolExecutor::runWorker@131 (line 1099)
  0x000001e2c27bba64: 06e9 c7f6 

  0x000001e2c27bba68: ;   {metadata({method} {0x000001e2d73e98f8} 'tryRelease' '(I)Z' in 'java/util/concurrent/ThreadPoolExecutor$Worker')}
  0x000001e2c27bba68: ffff 49ba | f098 3ed7 | e201 0000 | 4c89 5424 | 0848 c704 | 24ff ffff 

  0x000001e2c27bba80: ;   {runtime_call C1 Runtime counter_overflow_blob}
  0x000001e2c27bba80: ffe8 da2c 

  0x000001e2c27bba84: ; ImmutableOopMap {r8=Oop [152]=Oop [160]=Oop [168]=Oop }
                      ;*synchronization entry
                      ; - java.util.concurrent.ThreadPoolExecutor$Worker::tryRelease@-1 (line 635)
                      ; - java.util.concurrent.locks.AbstractQueuedSynchronizer::release@2 (line 1099)
                      ; - java.util.concurrent.ThreadPoolExecutor$Worker::unlock@2 (line 642)
                      ; - java.util.concurrent.ThreadPoolExecutor::runWorker@131 (line 1099)
  0x000001e2c27bba84: af06 e9e2 | f6ff ff41 | 8b50 0c48 | 83fa 000f | 8470 f7ff | ff48 8914 

  0x000001e2c27bba9c: ;   {runtime_call g1_pre_barrier_slow}
  0x000001e2c27bba9c: 24e8 be32 | af06 e962 

  0x000001e2c27bbaa4: ;   {metadata({method} {0x000001e2d7277488} 'runWorker' '(Ljava/util/concurrent/ThreadPoolExecutor$Worker;)V' in 'java/util/concurrent/ThreadPoolExecutor')}
  0x000001e2c27bbaa4: f7ff ff49 | ba80 7427 | d7e2 0100 | 004c 8954 | 2408 48c7 | 0424 9e00 

  0x000001e2c27bbabc: ;   {runtime_call C1 Runtime counter_overflow_blob}
  0x000001e2c27bbabc: 0000 e89d 

  0x000001e2c27bbac0: ; ImmutableOopMap {[152]=Oop [160]=Oop [168]=Oop }
                      ;*goto {reexecute=1 rethrow=0 return_oop=0}
                      ; - (reexecute) java.util.concurrent.ThreadPoolExecutor::runWorker@158 (line 1100)
  0x000001e2c27bbac0: 2caf 06e9 | 59f8 ffff 

  0x000001e2c27bbac8: ;   {internal_word}
  0x000001e2c27bbac8: 49ba a4b3 | 7bc2 e201 | 0000 4d89 | 97e0 0400 

  0x000001e2c27bbad8: ;   {runtime_call SafepointBlob}
  0x000001e2c27bbad8: 00e9 8254 

  0x000001e2c27bbadc: ;   {metadata({method} {0x000001e2d73e9b08} 'unlock' '()V' in 'java/util/concurrent/ThreadPoolExecutor$Worker')}
  0x000001e2c27bbadc: a206 49ba | 009b 3ed7 | e201 0000 | 4c89 5424 | 0848 c704 | 24ff ffff 

  0x000001e2c27bbaf4: ;   {runtime_call C1 Runtime counter_overflow_blob}
  0x000001e2c27bbaf4: ffe8 662c 

  0x000001e2c27bbaf8: ; ImmutableOopMap {rax=Oop r8=Oop [152]=Oop [160]=Oop }
                      ;*synchronization entry
                      ; - java.util.concurrent.ThreadPoolExecutor$Worker::unlock@-1 (line 642)
                      ; - java.util.concurrent.ThreadPoolExecutor::runWorker@152 (line 1099)
  0x000001e2c27bbaf8: af06 e9af 

  0x000001e2c27bbafc: ;   {metadata({method} {0x000000002e2d24b8} 'release' '(I)Z' in 'java/util/concurrent/locks/AbstractQueuedSynchronizer')}
  0x000001e2c27bbafc: faff ff49 | bab0 242d | 2e00 0000 | 004c 8954 | 2408 48c7 | 0424 ffff 

  0x000001e2c27bbb14: ;   {runtime_call C1 Runtime counter_overflow_blob}
  0x000001e2c27bbb14: ffff e845 

  0x000001e2c27bbb18: ; ImmutableOopMap {rax=Oop r8=Oop [152]=Oop [160]=Oop }
                      ;*synchronization entry
                      ; - java.util.concurrent.locks.AbstractQueuedSynchronizer::release@-1 (line 1099)
                      ; - java.util.concurrent.ThreadPoolExecutor$Worker::unlock@2 (line 642)
                      ; - java.util.concurrent.ThreadPoolExecutor::runWorker@152 (line 1099)
  0x000001e2c27bbb18: 2caf 06e9 | 44fb ffff 

  0x000001e2c27bbb20: ;   {metadata({method} {0x000001e2d73e98f8} 'tryRelease' '(I)Z' in 'java/util/concurrent/ThreadPoolExecutor$Worker')}
  0x000001e2c27bbb20: 49ba f098 | 3ed7 e201 | 0000 4c89 | 5424 0848 | c704 24ff 

  0x000001e2c27bbb34: ;   {runtime_call C1 Runtime counter_overflow_blob}
  0x000001e2c27bbb34: ffff ffe8 

  0x000001e2c27bbb38: ; ImmutableOopMap {rax=Oop r8=Oop [152]=Oop [160]=Oop }
                      ;*synchronization entry
                      ; - java.util.concurrent.ThreadPoolExecutor$Worker::tryRelease@-1 (line 635)
                      ; - java.util.concurrent.locks.AbstractQueuedSynchronizer::release@2 (line 1099)
                      ; - java.util.concurrent.ThreadPoolExecutor$Worker::unlock@2 (line 642)
                      ; - java.util.concurrent.ThreadPoolExecutor::runWorker@152 (line 1099)
  0x000001e2c27bbb38: 242c af06 | e95f fbff | ff41 8b50 | 0c48 83fa | 000f 84ed | fbff ff48 

  0x000001e2c27bbb50: ;   {runtime_call g1_pre_barrier_slow}
  0x000001e2c27bbb50: 8914 24e8 | 0832 af06 | e9df fbff | ff48 8bbc | 24b0 0000 | 00e9 45f8 | ffff 488b | bc24 b000 
  0x000001e2c27bbb70: 0000 e938 | f8ff ff49 | 8b87 8805 | 0000 49c7 | 8788 0500 | 0000 0000 | 0049 c787 | 9005 0000 
  0x000001e2c27bbb90: 0000 0000 | 4881 c4f0 | 0000 005d 

  0x000001e2c27bbb9c: ;   {runtime_call C1 Runtime unwind_exception_blob}
  0x000001e2c27bbb9c: e93f beae | 06f4 f4f4 | f4f4 f4f4 
[Stub Code]
  0x000001e2c27bbba8: ;   {other}
  0x000001e2c27bbba8: 0f1f 4400 

  0x000001e2c27bbbac: ;   {static_stub}
  0x000001e2c27bbbac: 0048 bb00 | 0000 0000 

  0x000001e2c27bbbb4: ;   {runtime_call nmethod}
  0x000001e2c27bbbb4: 0000 00e9 | fbff ffff 

  0x000001e2c27bbbbc: ;   {static_stub}
  0x000001e2c27bbbbc: 9048 bb00 | 0000 0000 

  0x000001e2c27bbbc4: ;   {runtime_call nmethod}
  0x000001e2c27bbbc4: 0000 00e9 | fbff ffff 

  0x000001e2c27bbbcc: ;   {static_stub}
  0x000001e2c27bbbcc: 9048 bb00 | 0000 0000 

  0x000001e2c27bbbd4: ;   {runtime_call nmethod}
  0x000001e2c27bbbd4: 0000 00e9 | fbff ffff 

  0x000001e2c27bbbdc: ;   {static_stub}
  0x000001e2c27bbbdc: 9048 bb00 | 0000 0000 

  0x000001e2c27bbbe4: ;   {runtime_call nmethod}
  0x000001e2c27bbbe4: 0000 00e9 | fbff ffff 

  0x000001e2c27bbbec: ;   {static_stub}
  0x000001e2c27bbbec: 9048 bb00 | 0000 0000 

  0x000001e2c27bbbf4: ;   {runtime_call nmethod}
  0x000001e2c27bbbf4: 0000 00e9 | fbff ffff 

  0x000001e2c27bbbfc: ;   {static_stub}
  0x000001e2c27bbbfc: 48bb 0000 | 0000 0000 

  0x000001e2c27bbc04: ;   {runtime_call nmethod}
  0x000001e2c27bbc04: 0000 e9fb 

  0x000001e2c27bbc08: ;   {static_stub}
  0x000001e2c27bbc08: ffff ff48 | bb00 0000 | 0000 0000 

  0x000001e2c27bbc14: ;   {runtime_call nmethod}
  0x000001e2c27bbc14: 00e9 fbff 

  0x000001e2c27bbc18: ;   {static_stub}
  0x000001e2c27bbc18: ffff 48bb | 5870 27d7 | e201 0000 

  0x000001e2c27bbc24: ;   {runtime_call I2C/C2I adapters}
  0x000001e2c27bbc24: e991 fea1 

  0x000001e2c27bbc28: ;   {static_stub}
  0x000001e2c27bbc28: 0648 bb00 | 0000 0000 

  0x000001e2c27bbc30: ;   {runtime_call nmethod}
  0x000001e2c27bbc30: 0000 00e9 | fbff ffff 

  0x000001e2c27bbc38: ;   {static_stub}
  0x000001e2c27bbc38: 48bb 0000 | 0000 0000 

  0x000001e2c27bbc40: ;   {runtime_call nmethod}
  0x000001e2c27bbc40: 0000 e9fb 

  0x000001e2c27bbc44: ;   {runtime_call C1 Runtime handle_exception_from_callee_blob}
  0x000001e2c27bbc44: ffff ffe8 | 14f5 ae06 

  0x000001e2c27bbc4c: ;   {external_word}
  0x000001e2c27bbc4c: 48b9 6818 | 1b3a ff7f | 0000 4883 

  0x000001e2c27bbc58: ;   {runtime_call}
  0x000001e2c27bbc58: e4f0 48b8 | c09c de39 | ff7f 0000 

  0x000001e2c27bbc64: ;   {section_word}
  0x000001e2c27bbc64: ffd0 f449 | ba67 bc7b | c2e2 0100 

  0x000001e2c27bbc70: ;   {runtime_call DeoptimizationBlob}
  0x000001e2c27bbc70: 0041 52e9 | e855 a206 
[/MachCode]


Compiled method (c1) 360888 7869       3       java.util.concurrent.ThreadPoolExecutor$Worker::run (9 bytes)
 total in heap  [0x000001e2c27bdc08,0x000001e2c27bdec8] = 704
 main code      [0x000001e2c27bdd00,0x000001e2c27bde88] = 392
 stub code      [0x000001e2c27bde88,0x000001e2c27bdec8] = 64
 mutable data [0x000001e2dcff75b0,0x000001e2dcff75f8] = 72
 relocation     [0x000001e2dcff75b0,0x000001e2dcff75f0] = 64
 metadata       [0x000001e2dcff75f0,0x000001e2dcff75f8] = 8
 immutable data [0x000001e2dce329e0,0x000001e2dce32a60] = 128
 dependencies   [0x000001e2dce329e0,0x000001e2dce329e8] = 8
 nul chk table  [0x000001e2dce329e8,0x000001e2dce329f8] = 16
 scopes pcs     [0x000001e2dce329f8,0x000001e2dce32a48] = 80
 scopes data    [0x000001e2dce32a48,0x000001e2dce32a60] = 24

[Constant Pool (empty)]

[MachCode]
[Instructions begin]
  0x000001e2c27bdd00: 660f 1f84 | 0000 0000 | 0066 0f1f | 8400 0000 | 0000 448b | 5208 443b 

  0x000001e2c27bdd18: ;   {runtime_call Shared Runtime ic_miss_blob}
  0x000001e2c27bdd18: 5008 0f85 | c00d a206 
[Verified Entry Point]
  0x000001e2c27bdd20: 8984 2400 | 80ff ff55 | 4883 ec20 | 4181 7f20 | 1d00 0000 

  0x000001e2c27bdd34: ;   {runtime_call Stub::method_entry_barrier}
  0x000001e2c27bdd34: 7405 e8c5 

  0x000001e2c27bdd38: ;   {metadata(method data for {method} {0x000001e2d73e96a0} 'run' '()V' in 'java/util/concurrent/ThreadPoolExecutor$Worker')}
  0x000001e2c27bdd38: 64a0 0649 | b8f0 4c50 | dae2 0100 | 0041 8bb0 | 9000 0000 | 83c6 0241 | 89b0 9000 | 0000 81e6 
  0x000001e2c27bdd58: fe07 0000 | 85f6 0f84 | c000 0000 | 8b72 2c48 | 3b06 4c8b 

  0x000001e2c27bdd6c: ;   {metadata(method data for {method} {0x000001e2d73e96a0} 'run' '()V' in 'java/util/concurrent/ThreadPoolExecutor$Worker')}
  0x000001e2c27bdd6c: c648 bff0 | 4c50 dae2 | 0100 0045 | 8b40 0841 | ba00 0000 | 2e4d 03c2 | 4c3b 87e0 | 0000 0075 
  0x000001e2c27bdd8c: 0d48 8387 | e800 0000 | 01e9 6000 | 0000 4c3b | 87f0 0000 | 0075 0d48 | 8387 f800 | 0000 01e9 
  0x000001e2c27bddac: 4a00 0000 | 4883 bfe0 | 0000 0000 | 7517 4c89 | 87e0 0000 | 0048 c787 | e800 0000 | 0100 0000 
  0x000001e2c27bddcc: e929 0000 | 0048 83bf | f000 0000 | 0075 174c | 8987 f000 | 0000 48c7 | 87f8 0000 | 0001 0000 
  0x000001e2c27bddec: 00e9 0800 | 0000 4883 | 87d8 0000 | 0001 4c8b | c248 8bd6 | 0f1f 8000 

  0x000001e2c27bde04: ;   {optimized virtual_call}
  0x000001e2c27bde04: 0000 00e8 

  0x000001e2c27bde08: ; ImmutableOopMap {}
                      ;*invokevirtual runWorker {reexecute=0 rethrow=0 return_oop=0}
                      ; - java.util.concurrent.ThreadPoolExecutor$Worker::run@5 (line 614)
  0x000001e2c27bde08: 94c3 ffff 

  0x000001e2c27bde0c: ;   {post_call_nop}
  0x000001e2c27bde0c: 0f1f 8400 | 0402 0000 | 4883 c420 

  0x000001e2c27bde18: ;   {poll_return}
  0x000001e2c27bde18: 5d49 3b67 | 280f 8727 | 0000 00c3 

  0x000001e2c27bde24: ;   {metadata({method} {0x000001e2d73e96a0} 'run' '()V' in 'java/util/concurrent/ThreadPoolExecutor$Worker')}
  0x000001e2c27bde24: 49ba 9896 | 3ed7 e201 | 0000 4c89 | 5424 0848 | c704 24ff 

  0x000001e2c27bde38: ;   {runtime_call C1 Runtime counter_overflow_blob}
  0x000001e2c27bde38: ffff ffe8 

  0x000001e2c27bde3c: ; ImmutableOopMap {rdx=Oop }
                      ;*synchronization entry
                      ; - java.util.concurrent.ThreadPoolExecutor$Worker::run@-1 (line 614)
  0x000001e2c27bde3c: 2009 af06 | e91f ffff 

  0x000001e2c27bde44: ;   {runtime_call C1 Runtime throw_null_pointer_exception_blob}
  0x000001e2c27bde44: ffe8 16ae 

  0x000001e2c27bde48: ; ImmutableOopMap {rdx=Oop rsi=Oop }
                      ;*invokevirtual runWorker {reexecute=0 rethrow=0 return_oop=0}
                      ; - java.util.concurrent.ThreadPoolExecutor$Worker::run@5 (line 614)
                      ;   {internal_word}
  0x000001e2c27bde48: ae06 49ba | 19de 7bc2 | e201 0000 | 4d89 97e0 

  0x000001e2c27bde58: ;   {runtime_call SafepointBlob}
  0x000001e2c27bde58: 0400 00e9 | 0031 a206 | 498b 8788 | 0500 0049 | c787 8805 | 0000 0000 | 0000 49c7 | 8790 0500 
  0x000001e2c27bde78: 0000 0000 | 0048 83c4 

  0x000001e2c27bde80: ;   {runtime_call C1 Runtime unwind_exception_blob}
  0x000001e2c27bde80: 205d e959 | 9bae 06f4 
[Stub Code]
  0x000001e2c27bde88: ;   {static_stub}
  0x000001e2c27bde88: 48bb 0000 | 0000 0000 

  0x000001e2c27bde90: ;   {runtime_call nmethod}
  0x000001e2c27bde90: 0000 e9fb 

  0x000001e2c27bde94: ;   {runtime_call C1 Runtime handle_exception_from_callee_blob}
  0x000001e2c27bde94: ffff ffe8 | c4d2 ae06 

  0x000001e2c27bde9c: ;   {external_word}
  0x000001e2c27bde9c: 48b9 6818 | 1b3a ff7f | 0000 4883 

  0x000001e2c27bdea8: ;   {runtime_call}
  0x000001e2c27bdea8: e4f0 48b8 | c09c de39 | ff7f 0000 

  0x000001e2c27bdeb4: ;   {section_word}
  0x000001e2c27bdeb4: ffd0 f449 | bab7 de7b | c2e2 0100 

  0x000001e2c27bdec0: ;   {runtime_call DeoptimizationBlob}
  0x000001e2c27bdec0: 0041 52e9 | 9833 a206 
[/MachCode]


Compiled method (c1) 360906 7784       3       java.lang.Thread::run (23 bytes)
 total in heap  [0x000001e2c279b888,0x000001e2c279bd78] = 1264
 main code      [0x000001e2c279b980,0x000001e2c279bd20] = 928
 stub code      [0x000001e2c279bd20,0x000001e2c279bd78] = 88
 mutable data [0x000001e2ee79f770,0x000001e2ee79f808] = 152
 relocation     [0x000001e2ee79f770,0x000001e2ee79f7e0] = 112
 metadata       [0x000001e2ee79f7e0,0x000001e2ee79f808] = 40
 immutable data [0x000001e2db0fdd10,0x000001e2db0fde70] = 352
 dependencies   [0x000001e2db0fdd10,0x000001e2db0fdd20] = 16
 nul chk table  [0x000001e2db0fdd20,0x000001e2db0fdd40] = 32
 scopes pcs     [0x000001e2db0fdd40,0x000001e2db0fddf0] = 176
 scopes data    [0x000001e2db0fddf0,0x000001e2db0fde70] = 128

[Constant Pool (empty)]

[MachCode]
[Instructions begin]
  0x000001e2c279b980: 660f 1f84 | 0000 0000 | 0066 0f1f | 8400 0000 | 0000 448b | 5208 443b 

  0x000001e2c279b998: ;   {runtime_call Shared Runtime ic_miss_blob}
  0x000001e2c279b998: 5008 0f85 | 4031 a406 
[Verified Entry Point]
  0x000001e2c279b9a0: 8984 2400 | 80ff ff55 | 4883 ec50 | 4181 7f20 | 1d00 0000 

  0x000001e2c279b9b4: ;   {runtime_call Stub::method_entry_barrier}
  0x000001e2c279b9b4: 7405 e845 

  0x000001e2c279b9b8: ;   {metadata(method data for {method} {0x000000002e191000} 'run' '()V' in 'java/lang/Thread')}
  0x000001e2c279b9b8: 88a2 0648 | bed8 bd5f | d9e2 0100 | 008b be90 | 0000 0083 | c702 89be | 9000 0000 | 81e7 fe07 
  0x000001e2c279b9d8: 0000 85ff | 0f84 6b02 | 0000 8b72 | 448b 7624 

  0x000001e2c279b9e8: ;   {metadata(method data for {method} {0x000000002e191000} 'run' '()V' in 'java/lang/Thread')}
  0x000001e2c279b9e8: 4885 f648 | bfd8 bd5f | d9e2 0100 | 00bb d800 | 0000 7405 | bbe8 0000 | 0048 8b04 | 1f48 8d40 
  0x000001e2c279ba08: 0148 8904 | 1f0f 842a | 0200 0048 | 8974 2438 

  0x000001e2c279ba18: ;   {metadata(method data for {method} {0x000000002e191000} 'run' '()V' in 'java/lang/Thread')}
  0x000001e2c279ba18: 48bf d8bd | 5fd9 e201 | 0000 4883 | 87f8 0000 

  0x000001e2c279ba28: ;   {metadata(method data for {method} {0x000000002e4a39f8} 'scopedValueBindings' '()Ljava/lang/Object;' in 'java/lang/Thread')}
  0x000001e2c279ba28: 0001 48bf | 50bf 5fd9 | e201 0000 | 8b9f 9000 | 0000 83c3 | 0289 9f90 | 0000 0081 | e3fe ff1f 
  0x000001e2c279ba48: 0085 db0f | 8422 0200 

  0x000001e2c279ba50: ;   {metadata(method data for {method} {0x000000002e4a39f8} 'scopedValueBindings' '()Ljava/lang/Object;' in 'java/lang/Thread')}
  0x000001e2c279ba50: 0048 bf50 | bf5f d9e2 | 0100 0048 | 8387 d800 | 0000 0149 | 8bbf 1004 | 0000 488b | 3f8b 7f50 
  0x000001e2c279ba70: ;   {metadata(method data for {method} {0x000000002e191000} 'run' '()V' in 'java/lang/Thread')}
  0x000001e2c279ba70: 48bb d8bd | 5fd9 e201 | 0000 8b52 | 0841 ba00 | 0000 2e49 | 03d2 483b | 9310 0100 | 0075 0d48 
  0x000001e2c279ba90: 8383 1801 | 0000 01e9 | 6000 0000 | 483b 9320 | 0100 0075 | 0d48 8383 | 2801 0000 | 01e9 4a00 
  0x000001e2c279bab0: 0000 4883 | bb10 0100 | 0000 7517 | 4889 9310 | 0100 0048 | c783 1801 | 0000 0100 | 0000 e929 
  0x000001e2c279bad0: 0000 0048 | 83bb 2001 | 0000 0075 | 1748 8993 | 2001 0000 | 48c7 8328 | 0100 0001 | 0000 00e9 
  0x000001e2c279baf0: 0800 0000 | 4883 8308 | 0100 0001 

  0x000001e2c279bafc: ;   {metadata(method data for {method} {0x000000002e4a4168} 'runWith' '(Ljava/lang/Object;Ljava/lang/Runnable;)V' in 'java/lang/Thread')}
  0x000001e2c279bafc: 48ba 70c0 | 5fd9 e201 | 0000 8b9a | 9000 0000 | 83c3 0289 | 9a90 0000 | 0081 e3fe | ff1f 0085 
  0x000001e2c279bb1c: db0f 8476 

  0x000001e2c279bb20: ;   {metadata(method data for {method} {0x000000002e4a4168} 'runWith' '(Ljava/lang/Object;Ljava/lang/Runnable;)V' in 'java/lang/Thread')}
  0x000001e2c279bb20: 0100 0048 | ba70 c05f | d9e2 0100 | 0048 8382 | d800 0000 | 0148 8bd7 | 4889 7c24 

  0x000001e2c279bb3c: ;   {static_call}
  0x000001e2c279bb3c: 4066 90e8 

  0x000001e2c279bb40: ; ImmutableOopMap {[56]=Oop [64]=Oop }
                      ;*invokestatic ensureMaterializedForStackWalk {reexecute=0 rethrow=0 return_oop=0}
                      ; - java.lang.Thread::runWith@1 (line 1486)
                      ; - java.lang.Thread::run@19 (line 1474)
  0x000001e2c279bb40: 4c89 4507 

  0x000001e2c279bb44: ;   {post_call_nop}
  0x000001e2c279bb44: 0f1f 8400 | bc02 0000 | 488b 7424 | 3848 3b06 

  0x000001e2c279bb54: ;   {metadata(method data for {method} {0x000000002e4a4168} 'runWith' '(Ljava/lang/Object;Ljava/lang/Runnable;)V' in 'java/lang/Thread')}
  0x000001e2c279bb54: 488b d648 | bf70 c05f | d9e2 0100 | 008b 5208 | 41ba 0000 | 002e 4903 | d248 3b97 | f000 0000 
  0x000001e2c279bb74: 750d 4883 | 87f8 0000 | 0001 e960 | 0000 0048 | 3b97 0001 | 0000 750d | 4883 8708 | 0100 0001 
  0x000001e2c279bb94: e94a 0000 | 0048 83bf | f000 0000 | 0075 1748 | 8997 f000 | 0000 48c7 | 87f8 0000 | 0001 0000 
  0x000001e2c279bbb4: 00e9 2900 | 0000 4883 | bf00 0100 | 0000 7517 | 4889 9700 | 0100 0048 | c787 0801 | 0000 0100 
  0x000001e2c279bbd4: 0000 e908 | 0000 0048 | 8387 e800 | 0000 0148 | 8bd6 0f1f | 8000 0000 | 0048 b850 | 5668 dfe2 
  0x000001e2c279bbf4: ;   {virtual_call}
  0x000001e2c279bbf4: 0100 00e8 

  0x000001e2c279bbf8: ; ImmutableOopMap {[64]=Oop }
                      ;*invokeinterface run {reexecute=0 rethrow=0 return_oop=0}
                      ; - java.lang.Thread::runWith@5 (line 1487)
                      ; - java.lang.Thread::run@19 (line 1474)
  0x000001e2c279bbf8: fce4 bb06 

  0x000001e2c279bbfc: ;   {post_call_nop}
  0x000001e2c279bbfc: 0f1f 8400 | 7403 0001 

  0x000001e2c279bc04: ;   {metadata(method data for {method} {0x000000002e4a4168} 'runWith' '(Ljava/lang/Object;Ljava/lang/Runnable;)V' in 'java/lang/Thread')}
  0x000001e2c279bc04: 48be 70c0 | 5fd9 e201 | 0000 4883 | 8618 0100 

  0x000001e2c279bc14: ;   {metadata(method data for {method} {0x000000002e1b7b60} 'reachabilityFence' '(Ljava/lang/Object;)V' in 'java/lang/ref/Reference')}
  0x000001e2c279bc14: 0001 48be | b8e6 06d7 | e201 0000 | 8bbe 9000 | 0000 83c7 | 0289 be90 | 0000 0081 | e7fe ff1f 
  0x000001e2c279bc34: 0085 ff0f | 8482 0000 | 0048 83c4 

  0x000001e2c279bc40: ;   {poll_return}
  0x000001e2c279bc40: 505d 493b | 6728 0f87 | 9400 0000 

  0x000001e2c279bc4c: ;   {metadata({method} {0x000000002e191000} 'run' '()V' in 'java/lang/Thread')}
  0x000001e2c279bc4c: c349 baf8 | 0f19 2e00 | 0000 004c | 8954 2408 | 48c7 0424 | ffff ffff 

  0x000001e2c279bc64: ;   {runtime_call C1 Runtime counter_overflow_blob}
  0x000001e2c279bc64: e8f7 2ab1 

  0x000001e2c279bc68: ; ImmutableOopMap {rdx=Oop }
                      ;*synchronization entry
                      ; - java.lang.Thread::run@-1 (line 1471)
  0x000001e2c279bc68: 06e9 74fd 

  0x000001e2c279bc6c: ;   {runtime_call C1 Runtime throw_null_pointer_exception_blob}
  0x000001e2c279bc6c: ffff e8ed 

  0x000001e2c279bc70: ; ImmutableOopMap {rdx=Oop }
                      ;*getfield task {reexecute=1 rethrow=0 return_oop=0}
                      ; - (reexecute) java.lang.Thread::run@4 (line 1471)
                      ;   {metadata({method} {0x000000002e4a39f8} 'scopedValueBindings' '()Ljava/lang/Object;' in 'java/lang/Thread')}
  0x000001e2c279bc70: cfb0 0649 | baf0 394a | 2e00 0000 | 004c 8954 | 2408 48c7 | 0424 ffff 

  0x000001e2c279bc88: ;   {runtime_call C1 Runtime counter_overflow_blob}
  0x000001e2c279bc88: ffff e8d1 

  0x000001e2c279bc8c: ; ImmutableOopMap {rdx=Oop [56]=Oop }
                      ;*synchronization entry
                      ; - java.lang.Thread::scopedValueBindings@-1 (line 311)
                      ; - java.lang.Thread::run@12 (line 1473)
  0x000001e2c279bc8c: 2ab1 06e9 | bdfd ffff 

  0x000001e2c279bc94: ;   {runtime_call C1 Runtime throw_null_pointer_exception_blob}
  0x000001e2c279bc94: e8c7 cfb0 

  0x000001e2c279bc98: ; ImmutableOopMap {rdx=Oop [56]=Oop }
                      ;*getfield scopedValueBindings {reexecute=1 rethrow=0 return_oop=0}
                      ; - (reexecute) java.lang.Thread::scopedValueBindings@3 (line 311)
                      ; - java.lang.Thread::run@12 (line 1473)
                      ;   {metadata({method} {0x000000002e4a4168} 'runWith' '(Ljava/lang/Object;Ljava/lang/Runnable;)V' in 'java/lang/Thread')}
  0x000001e2c279bc98: 0649 ba60 | 414a 2e00 | 0000 004c | 8954 2408 | 48c7 0424 | ffff ffff 

  0x000001e2c279bcb0: ;   {runtime_call C1 Runtime counter_overflow_blob}
  0x000001e2c279bcb0: e8ab 2ab1 

  0x000001e2c279bcb4: ; ImmutableOopMap {rdi=Oop [56]=Oop }
                      ;*synchronization entry
                      ; - java.lang.Thread::runWith@-1 (line 1486)
                      ; - java.lang.Thread::run@19 (line 1474)
  0x000001e2c279bcb4: 06e9 69fe 

  0x000001e2c279bcb8: ;   {runtime_call C1 Runtime throw_null_pointer_exception_blob}
  0x000001e2c279bcb8: ffff e8a1 

  0x000001e2c279bcbc: ; ImmutableOopMap {rsi=Oop [64]=Oop }
                      ;*invokeinterface run {reexecute=0 rethrow=0 return_oop=0}
                      ; - java.lang.Thread::runWith@5 (line 1487)
                      ; - java.lang.Thread::run@19 (line 1474)
                      ;   {metadata({method} {0x000000002e1b7b60} 'reachabilityFence' '(Ljava/lang/Object;)V' in 'java/lang/ref/Reference')}
  0x000001e2c279bcbc: cfb0 0649 | ba58 7b1b | 2e00 0000 | 004c 8954 | 2408 48c7 | 0424 ffff 

  0x000001e2c279bcd4: ;   {runtime_call C1 Runtime counter_overflow_blob}
  0x000001e2c279bcd4: ffff e885 

  0x000001e2c279bcd8: ; ImmutableOopMap {}
                      ;*synchronization entry
                      ; - java.lang.ref.Reference::reachabilityFence@-1 (line 669)
                      ; - java.lang.Thread::runWith@11 (line 1488)
                      ; - java.lang.Thread::run@19 (line 1474)
  0x000001e2c279bcd8: 2ab1 06e9 | 5dff ffff 

  0x000001e2c279bce0: ;   {internal_word}
  0x000001e2c279bce0: 49ba 42bc | 79c2 e201 | 0000 4d89 | 97e0 0400 

  0x000001e2c279bcf0: ;   {runtime_call SafepointBlob}
  0x000001e2c279bcf0: 00e9 6a52 | a406 498b | 8788 0500 | 0049 c787 | 8805 0000 | 0000 0000 | 49c7 8790 | 0500 0000 
  0x000001e2c279bd10: 0000 0048 | 83c4 505d 

  0x000001e2c279bd18: ;   {runtime_call C1 Runtime unwind_exception_blob}
  0x000001e2c279bd18: e9c3 bcb0 | 06f4 f4f4 
[Stub Code]
  0x000001e2c279bd20: ;   {other}
  0x000001e2c279bd20: 0f1f 4400 

  0x000001e2c279bd24: ;   {static_stub}
  0x000001e2c279bd24: 0048 bb00 | 0000 0000 

  0x000001e2c279bd2c: ;   {runtime_call nmethod}
  0x000001e2c279bd2c: 0000 00e9 | fbff ffff 

  0x000001e2c279bd34: ;   {static_stub}
  0x000001e2c279bd34: 48bb 0000 | 0000 0000 

  0x000001e2c279bd3c: ;   {runtime_call nmethod}
  0x000001e2c279bd3c: 0000 e9fb 

  0x000001e2c279bd40: ;   {runtime_call C1 Runtime handle_exception_from_callee_blob}
  0x000001e2c279bd40: ffff ffe8 | 18f4 b006 

  0x000001e2c279bd48: ;   {external_word}
  0x000001e2c279bd48: 48b9 6818 | 1b3a ff7f | 0000 4883 

  0x000001e2c279bd54: ;   {runtime_call}
  0x000001e2c279bd54: e4f0 48b8 | c09c de39 | ff7f 0000 

  0x000001e2c279bd60: ;   {section_word}
  0x000001e2c279bd60: ffd0 f449 | ba63 bd79 | c2e2 0100 

  0x000001e2c279bd6c: ;   {runtime_call DeoptimizationBlob}
  0x000001e2c279bd6c: 0041 52e9 | ec54 a406 | f4f4 f4f4 
[/MachCode]


---------------  P R O C E S S  ---------------

Threads class SMR info:
_java_thread_list=0x000001e2dee9a500, length=108, elements={
0x000001e2d6a0e2b0, 0x000001e2d6a11a90, 0x000001e2d6a14260, 0x000001e2d6a14e20,
0x000001e2d6a159e0, 0x000001e2d6a1b110, 0x000001e2d6a1dc10, 0x000001e2d6a28480,
0x000001e2db06f090, 0x000001e2db075a40, 0x000001e2db389ee0, 0x000001e2dca62f40,
0x000001e2dca63ee0, 0x000001e2dca67d60, 0x000001e2dca68530, 0x000001e2dca68d00,
0x000001e2dca6a470, 0x000001e2de51ca40, 0x000001e2de5208c0, 0x000001e2de51e980,
0x000001e2de51d9e0, 0x000001e2de522030, 0x000001e2de522800, 0x000001e2dca665f0,
0x000001e2e0bf37d0, 0x000001e2dda8a8a0, 0x000001e2dda88190, 0x000001e2dda8b840,
0x000001e2dda89900, 0x000001e2df402ca0, 0x000001e2df404410, 0x000001e2df4053b0,
0x000001e2df4072f0, 0x000001e2df409a00, 0x000001e2e044a6e0, 0x000001e2e0447fd0,
0x000001e2e0455a90, 0x000001e2e04523e0, 0x000001e2df118bc0, 0x000001e2e0bb00e0,
0x000001e2e0bb1080, 0x000001e2e0bb1850, 0x000001e2e0bae970, 0x000001e2e0baf140,
0x000001e2e0bb56d0, 0x000001e2e0bb4f00, 0x000001e2df8a69e0, 0x000001e2df8b3500,
0x000001e2ddaefea0, 0x000001e2ddaedf60, 0x000001e2ddaf6c00, 0x000001e2ddaf73d0,
0x000001e2ddaf7ba0, 0x000001e2ddaf8370, 0x000001e2ddaf0e40, 0x000001e2ddafa2b0,
0x000001e2ddaf9ae0, 0x000001e2d6a2ffd0, 0x000001e2e044b680, 0x000001e2db174f10,
0x000001e2db177df0, 0x000001e2db17cc10, 0x000001e2db180a90, 0x000001e2db186850,
0x000001e2df8a8150, 0x000001e2df8b0df0, 0x000001e2db175eb0, 0x000001e2db1785c0,
0x000001e2db17c440, 0x000001e2db182200, 0x000001e2db186080, 0x000001e2db18b670,
0x000001e2db18d5b0, 0x000001e2db17acd0, 0x000001e2db187020, 0x000001e2db18fcc0,
0x000001e2db190490, 0x000001e2db18dd80, 0x000001e2db181a30, 0x000001e2df8abfd0,
0x000001e2df8acf70, 0x000001e2df8b3cd0, 0x000001e2e0447800, 0x000001e2e0450c70,
0x000001e2e0454320, 0x000001e2df111e60, 0x000001e2df112e00, 0x000001e2df115ce0,
0x000001e2df113da0, 0x000001e2df115510, 0x000001e2df8a90f0, 0x000001e2df8ab030,
0x000001e2df8ac7a0, 0x000001e2df8aa090, 0x000001e2df8b1d90, 0x000001e2df8ae6e0,
0x000001e2df8af680, 0x000001e2d6a31740, 0x000001e2d6a33e50, 0x000001e2db1923d0,
0x000001e2db192ba0, 0x000001e2dd1ad790, 0x000001e2dd1af6d0, 0x000001e2dca65e20,
0x000001e2e23750c0, 0x000001e2db257a00, 0x000001e2db254350, 0x000001e2e23758d0
}

Java Threads: ( => current thread )
  0x000001e2d6a0e2b0 JavaThread "Reference Handler"          daemon [_thread_blocked, id=39796, stack(0x0000007a3f000000,0x0000007a3f100000) (1024K)]
  0x000001e2d6a11a90 JavaThread "Finalizer"                  daemon [_thread_blocked, id=21100, stack(0x0000007a3f100000,0x0000007a3f200000) (1024K)]
  0x000001e2d6a14260 JavaThread "Signal Dispatcher"          daemon [_thread_blocked, id=41980, stack(0x0000007a3f200000,0x0000007a3f300000) (1024K)]
  0x000001e2d6a14e20 JavaThread "Attach Listener"            daemon [_thread_blocked, id=17744, stack(0x0000007a3f300000,0x0000007a3f400000) (1024K)]
  0x000001e2d6a159e0 JavaThread "Service Thread"             daemon [_thread_blocked, id=37420, stack(0x0000007a3f400000,0x0000007a3f500000) (1024K)]
  0x000001e2d6a1b110 JavaThread "Monitor Deflation Thread"   daemon [_thread_blocked, id=23596, stack(0x0000007a3f500000,0x0000007a3f600000) (1024K)]
  0x000001e2d6a1dc10 JavaThread "C2 CompilerThread0"         daemon [_thread_blocked, id=27668, stack(0x0000007a3f600000,0x0000007a3f700000) (1024K)]
  0x000001e2d6a28480 JavaThread "C1 CompilerThread0"         daemon [_thread_blocked, id=41068, stack(0x0000007a3f700000,0x0000007a3f800000) (1024K)]
  0x000001e2db06f090 JavaThread "Notification Thread"        daemon [_thread_blocked, id=35768, stack(0x0000007a3f800000,0x0000007a3f900000) (1024K)]
  0x000001e2db075a40 JavaThread "Common-Cleaner"             daemon [_thread_blocked, id=25400, stack(0x0000007a3f900000,0x0000007a3fa00000) (1024K)]
  0x000001e2db389ee0 JavaThread "Cleaner-0"                  daemon [_thread_blocked, id=41972, stack(0x0000007a3fb00000,0x0000007a3fc00000) (1024K)]
  0x000001e2dca62f40 JavaThread "com.alibaba.nacos.client.logging.0" daemon [_thread_blocked, id=39148, stack(0x0000007a41300000,0x0000007a41400000) (1024K)]
  0x000001e2dca63ee0 JavaThread "AsyncAppender-Worker-ASYNC-CONFIG" daemon [_thread_blocked, id=14540, stack(0x0000007a41500000,0x0000007a41600000) (1024K)]
  0x000001e2dca67d60 JavaThread "AsyncAppender-Worker-ASYNC-NAMING" daemon [_thread_blocked, id=21368, stack(0x0000007a41600000,0x0000007a41700000) (1024K)]
  0x000001e2dca68530 JavaThread "AsyncAppender-Worker-ASYNC-REMOTE" daemon [_thread_blocked, id=41912, stack(0x0000007a41700000,0x0000007a41800000) (1024K)]
  0x000001e2dca68d00 JavaThread "com.alibaba.nacos.client.auth.ram.identify.watcher.0" daemon [_thread_blocked, id=3148, stack(0x0000007a41900000,0x0000007a41a00000) (1024K)]
  0x000001e2dca6a470 JavaThread "com.alibaba.nacos.client.Worker.0" daemon [_thread_blocked, id=18628, stack(0x0000007a41a00000,0x0000007a41b00000) (1024K)]
  0x000001e2de51ca40 JavaThread "com.alibaba.nacos.client.Worker.1" daemon [_thread_blocked, id=41796, stack(0x0000007a41b00000,0x0000007a41c00000) (1024K)]
  0x000001e2de5208c0 JavaThread "com.alibaba.nacos.client.Worker.2" daemon [_thread_blocked, id=6664, stack(0x0000007a41c00000,0x0000007a41d00000) (1024K)]
  0x000001e2de51e980 JavaThread "nacos.publisher-com.alibaba.nacos.common.notify.SlowEvent" daemon [_thread_blocked, id=39060, stack(0x0000007a41d00000,0x0000007a41e00000) (1024K)]
  0x000001e2de51d9e0 JavaThread "com.alibaba.nacos.client.remote.worker.0" daemon [_thread_blocked, id=29876, stack(0x0000007a41e00000,0x0000007a41f00000) (1024K)]
  0x000001e2de522030 JavaThread "com.alibaba.nacos.client.remote.worker.1" daemon [_thread_blocked, id=41452, stack(0x0000007a41f00000,0x0000007a42000000) (1024K)]
  0x000001e2de522800 JavaThread "grpc-nio-worker-ELG-1-1"    daemon [_thread_in_native, id=31796, stack(0x0000007a3ff00000,0x0000007a40000000) (1024K)]
  0x000001e2dca665f0 JavaThread "grpc-nio-worker-ELG-1-2"    daemon [_thread_in_native, id=41552, stack(0x0000007a42200000,0x0000007a42300000) (1024K)]
  0x000001e2e0bf37d0 JavaThread "nacos.publisher-com.alibaba.nacos.common.ability.AbstractAbilityControlManager$AbilityUpdateEvent" daemon [_thread_blocked, id=8004, stack(0x0000007a42a00000,0x0000007a42b00000) (1024K)]
  0x000001e2dda8a8a0 JavaThread "metrics-collector-sync-job-thread-1" daemon [_thread_blocked, id=32408, stack(0x0000007a43700000,0x0000007a43800000) (1024K)]
  0x000001e2dda88190 JavaThread "DubboMetadataReportTimer-thread-1" daemon [_thread_blocked, id=42132, stack(0x0000007a43800000,0x0000007a43900000) (1024K)]
  0x000001e2dda8b840 JavaThread "com.alibaba.nacos.client.Worker.0" daemon [_thread_blocked, id=12424, stack(0x0000007a43900000,0x0000007a43a00000) (1024K)]
  0x000001e2dda89900 JavaThread "com.alibaba.nacos.client.Worker.1" daemon [_thread_blocked, id=14128, stack(0x0000007a43a00000,0x0000007a43b00000) (1024K)]
  0x000001e2df402ca0 JavaThread "com.alibaba.nacos.client.Worker.2" daemon [_thread_blocked, id=22924, stack(0x0000007a43b00000,0x0000007a43c00000) (1024K)]
  0x000001e2df404410 JavaThread "com.alibaba.nacos.client.remote.worker.0" daemon [_thread_blocked, id=34648, stack(0x0000007a43c00000,0x0000007a43d00000) (1024K)]
  0x000001e2df4053b0 JavaThread "com.alibaba.nacos.client.remote.worker.1" daemon [_thread_blocked, id=42064, stack(0x0000007a43d00000,0x0000007a43e00000) (1024K)]
  0x000001e2df4072f0 JavaThread "grpc-nio-worker-ELG-1-3"    daemon [_thread_in_native, id=23392, stack(0x0000007a43e00000,0x0000007a43f00000) (1024K)]
  0x000001e2df409a00 JavaThread "grpc-nio-worker-ELG-1-4"    daemon [_thread_in_native, id=42608, stack(0x0000007a44100000,0x0000007a44200000) (1024K)]
  0x000001e2e044a6e0 JavaThread "qos-boss-1-1"               daemon [_thread_in_native, id=16076, stack(0x0000007a3fd00000,0x0000007a3fe00000) (1024K)]
  0x000001e2e0447fd0 JavaThread "nacos.client.config.listener.task-0" daemon [_thread_blocked, id=4424, stack(0x0000007a45600000,0x0000007a45700000) (1024K)]
  0x000001e2e0455a90 JavaThread "NettyServerBoss-4-1"        daemon [_thread_in_native, id=25700, stack(0x0000007a46000000,0x0000007a46100000) (1024K)]
  0x000001e2e04523e0 JavaThread "Dubbo-framework-cache-refreshing-scheduler-thread-1" daemon [_thread_blocked, id=41244, stack(0x0000007a46100000,0x0000007a46200000) (1024K)]
  0x000001e2df118bc0 JavaThread "Dubbo-framework-shared-scheduler-thread-1" daemon [_thread_blocked, id=6748, stack(0x0000007a46200000,0x0000007a46300000) (1024K)]
  0x000001e2e0bb00e0 JavaThread "nacos.publisher-com.alibaba.nacos.client.naming.event.InstancesChangeEvent" daemon [_thread_blocked, id=7028, stack(0x0000007a46300000,0x0000007a46400000) (1024K)]
  0x000001e2e0bb1080 JavaThread "com.alibaba.nacos.naming.failover.0" daemon [_thread_blocked, id=8484, stack(0x0000007a46400000,0x0000007a46500000) (1024K)]
  0x000001e2e0bb1850 JavaThread "com.alibaba.nacos.client.naming.security.0" daemon [_thread_blocked, id=39352, stack(0x0000007a46500000,0x0000007a46600000) (1024K)]
  0x000001e2e0bae970 JavaThread "com.alibaba.nacos.client.naming.grpc.redo.0" daemon [_thread_blocked, id=15068, stack(0x0000007a46600000,0x0000007a46700000) (1024K)]
  0x000001e2e0baf140 JavaThread "com.alibaba.nacos.client.remote.worker.0" daemon [_thread_blocked, id=27616, stack(0x0000007a46700000,0x0000007a46800000) (1024K)]
  0x000001e2e0bb56d0 JavaThread "com.alibaba.nacos.client.remote.worker.1" daemon [_thread_blocked, id=2932, stack(0x0000007a46800000,0x0000007a46900000) (1024K)]
  0x000001e2e0bb4f00 JavaThread "grpc-nio-worker-ELG-1-5"    daemon [_thread_in_native, id=42004, stack(0x0000007a46900000,0x0000007a46a00000) (1024K)]
  0x000001e2df8a69e0 JavaThread "grpc-nio-worker-ELG-1-6"    daemon [_thread_in_native, id=29340, stack(0x0000007a46c00000,0x0000007a46d00000) (1024K)]
  0x000001e2df8b3500 JavaThread "DubboSaveMetadataReport-thread-1" daemon [_thread_blocked, id=17756, stack(0x0000007a47700000,0x0000007a47800000) (1024K)]
  0x000001e2ddaefea0 JavaThread "Dubbo-framework-shared-scheduler-thread-2" daemon [_thread_blocked, id=18176, stack(0x0000007a47d00000,0x0000007a47e00000) (1024K)]
  0x000001e2ddaedf60 JavaThread "Dubbo-framework-shared-scheduler-thread-3" daemon [_thread_blocked, id=38384, stack(0x0000007a47e00000,0x0000007a47f00000) (1024K)]
  0x000001e2ddaf6c00 JavaThread "pool-1-thread-1"                   [_thread_blocked, id=14008, stack(0x0000007a48300000,0x0000007a48400000) (1024K)]
  0x000001e2ddaf73d0 JavaThread "DestroyJavaVM"                     [_thread_blocked, id=7912, stack(0x0000007a3e800000,0x0000007a3e900000) (1024K)]
  0x000001e2ddaf7ba0 JavaThread "Dubbo-framework-shared-scheduler-thread-4" daemon [_thread_blocked, id=37048, stack(0x0000007a48400000,0x0000007a48500000) (1024K)]
  0x000001e2ddaf8370 JavaThread "com.alibaba.nacos.client.Worker.3" daemon [_thread_blocked, id=42904, stack(0x0000007a48500000,0x0000007a48600000) (1024K)]
  0x000001e2ddaf0e40 JavaThread "Dubbo-framework-shared-scheduler-thread-5" daemon [_thread_blocked, id=41012, stack(0x0000007a40d00000,0x0000007a40e00000) (1024K)]
  0x000001e2ddafa2b0 JavaThread "com.alibaba.nacos.client.Worker.3" daemon [_thread_blocked, id=11748, stack(0x0000007a3fc00000,0x0000007a3fd00000) (1024K)]
  0x000001e2ddaf9ae0 JavaThread "Dubbo-framework-shared-scheduler-thread-6" daemon [_thread_blocked, id=38480, stack(0x0000007a45100000,0x0000007a45200000) (1024K)]
  0x000001e2d6a2ffd0 JavaThread "Dubbo-framework-shared-scheduler-thread-7" daemon [_thread_blocked, id=33732, stack(0x0000007a47f00000,0x0000007a48000000) (1024K)]
  0x000001e2e044b680 JavaThread "Dubbo-framework-shared-scheduler-thread-8" daemon [_thread_blocked, id=34728, stack(0x0000007a48600000,0x0000007a48700000) (1024K)]
  0x000001e2db174f10 JavaThread "com.alibaba.nacos.client.Worker.4" daemon [_thread_blocked, id=38532, stack(0x0000007a48700000,0x0000007a48800000) (1024K)]
  0x000001e2db177df0 JavaThread "com.alibaba.nacos.client.Worker.4" daemon [_thread_blocked, id=36512, stack(0x0000007a3fa00000,0x0000007a3fb00000) (1024K)]
  0x000001e2db17cc10 JavaThread "com.alibaba.nacos.client.Worker.5" daemon [_thread_blocked, id=40180, stack(0x0000007a42600000,0x0000007a42700000) (1024K)]
  0x000001e2db180a90 JavaThread "com.alibaba.nacos.client.Worker.5" daemon [_thread_blocked, id=39412, stack(0x0000007a42b00000,0x0000007a42c00000) (1024K)]
  0x000001e2db186850 JavaThread "com.alibaba.nacos.client.Worker.6" daemon [_thread_blocked, id=36204, stack(0x0000007a43f00000,0x0000007a44000000) (1024K)]
  0x000001e2df8a8150 JavaThread "com.alibaba.nacos.client.Worker.6" daemon [_thread_blocked, id=6240, stack(0x0000007a43200000,0x0000007a43300000) (1024K)]
  0x000001e2df8b0df0 JavaThread "com.alibaba.nacos.client.Worker.7" daemon [_thread_blocked, id=40644, stack(0x0000007a44000000,0x0000007a44100000) (1024K)]
  0x000001e2db175eb0 JavaThread "com.alibaba.nacos.client.Worker.7" daemon [_thread_blocked, id=42768, stack(0x0000007a44200000,0x0000007a44300000) (1024K)]
  0x000001e2db1785c0 JavaThread "NettyServerWorker-5-1"      daemon [_thread_in_native, id=22180, stack(0x0000007a42e00000,0x0000007a42f00000) (1024K)]
  0x000001e2db17c440 JavaThread "DubboServerHandler-192.168.174.1:8001-thread-1" daemon [_thread_blocked, id=39012, stack(0x0000007a43500000,0x0000007a43600000) (1024K)]
  0x000001e2db182200 JavaThread "com.alibaba.nacos.client.Worker.8" daemon [_thread_blocked, id=13680, stack(0x0000007a44600000,0x0000007a44700000) (1024K)]
  0x000001e2db186080 JavaThread "com.alibaba.nacos.client.Worker.8" daemon [_thread_blocked, id=24948, stack(0x0000007a43100000,0x0000007a43200000) (1024K)]
  0x000001e2db18b670 JavaThread "com.alibaba.nacos.client.Worker.9" daemon [_thread_blocked, id=31524, stack(0x0000007a42500000,0x0000007a42600000) (1024K)]
  0x000001e2db18d5b0 JavaThread "com.alibaba.nacos.client.Worker.9" daemon [_thread_blocked, id=34892, stack(0x0000007a42900000,0x0000007a42a00000) (1024K)]
  0x000001e2db17acd0 JavaThread "com.alibaba.nacos.client.Worker.10" daemon [_thread_blocked, id=15760, stack(0x0000007a44300000,0x0000007a44400000) (1024K)]
  0x000001e2db187020 JavaThread "com.alibaba.nacos.client.Worker.10" daemon [_thread_blocked, id=41504, stack(0x0000007a44400000,0x0000007a44500000) (1024K)]
  0x000001e2db18fcc0 JavaThread "com.alibaba.nacos.client.Worker.11" daemon [_thread_blocked, id=10816, stack(0x0000007a44500000,0x0000007a44600000) (1024K)]
  0x000001e2db190490 JavaThread "com.alibaba.nacos.client.Worker.11" daemon [_thread_blocked, id=37708, stack(0x0000007a44700000,0x0000007a44800000) (1024K)]
  0x000001e2db18dd80 JavaThread "com.alibaba.nacos.client.Worker.12" daemon [_thread_blocked, id=41492, stack(0x0000007a44900000,0x0000007a44a00000) (1024K)]
  0x000001e2db181a30 JavaThread "com.alibaba.nacos.client.Worker.12" daemon [_thread_blocked, id=15012, stack(0x0000007a42f00000,0x0000007a43000000) (1024K)]
  0x000001e2df8abfd0 JavaThread "com.alibaba.nacos.client.Worker.13" daemon [_thread_blocked, id=25868, stack(0x0000007a42000000,0x0000007a42100000) (1024K)]
  0x000001e2df8acf70 JavaThread "com.alibaba.nacos.client.Worker.13" daemon [_thread_blocked, id=42372, stack(0x0000007a45500000,0x0000007a45600000) (1024K)]
  0x000001e2df8b3cd0 JavaThread "com.alibaba.nacos.client.Worker.14" daemon [_thread_blocked, id=22208, stack(0x0000007a40b00000,0x0000007a40c00000) (1024K)]
  0x000001e2e0447800 JavaThread "com.alibaba.nacos.client.Worker.14" daemon [_thread_blocked, id=36896, stack(0x0000007a43400000,0x0000007a43500000) (1024K)]
  0x000001e2e0450c70 JavaThread "com.alibaba.nacos.client.Worker.15" daemon [_thread_blocked, id=7112, stack(0x0000007a43300000,0x0000007a43400000) (1024K)]
  0x000001e2e0454320 JavaThread "com.alibaba.nacos.client.Worker.15" daemon [_thread_blocked, id=10284, stack(0x0000007a44a00000,0x0000007a44b00000) (1024K)]
  0x000001e2df111e60 JavaThread "Dubbo-global-shared-handler-thread-3" daemon [_thread_blocked, id=41640, stack(0x0000007a3e500000,0x0000007a3e600000) (1024K)]
  0x000001e2df112e00 JavaThread "nacos-grpc-client-executor-127.0.0.1-149" daemon [_thread_blocked, id=34680, stack(0x0000007a42400000,0x0000007a42500000) (1024K)]
  0x000001e2df115ce0 JavaThread "nacos-grpc-client-executor-127.0.0.1-150" daemon [_thread_blocked, id=23688, stack(0x0000007a43600000,0x0000007a43700000) (1024K)]
  0x000001e2df113da0 JavaThread "DubboServerHandler-192.168.174.1:8001-thread-2" daemon [_thread_blocked, id=9144, stack(0x0000007a44800000,0x0000007a44900000) (1024K)]
  0x000001e2df115510 JavaThread "DubboServerHandler-192.168.174.1:8001-thread-3" daemon [_thread_blocked, id=39836, stack(0x0000007a44b00000,0x0000007a44c00000) (1024K)]
  0x000001e2df8a90f0 JavaThread "DubboServerHandler-192.168.174.1:8001-thread-4" daemon [_thread_blocked, id=41768, stack(0x0000007a45200000,0x0000007a45300000) (1024K)]
  0x000001e2df8ab030 JavaThread "DubboServerHandler-192.168.174.1:8001-thread-5" daemon [_thread_blocked, id=17460, stack(0x0000007a45300000,0x0000007a45400000) (1024K)]
  0x000001e2df8ac7a0 JavaThread "DubboServerHandler-192.168.174.1:8001-thread-6" daemon [_thread_blocked, id=2688, stack(0x0000007a45400000,0x0000007a45500000) (1024K)]
  0x000001e2df8aa090 JavaThread "DubboServerHandler-192.168.174.1:8001-thread-7" daemon [_thread_blocked, id=37092, stack(0x0000007a45700000,0x0000007a45800000) (1024K)]
=>0x000001e2df8b1d90 JavaThread "DubboServerHandler-192.168.174.1:8001-thread-8" daemon [_thread_in_native, id=31940, stack(0x0000007a45800000,0x0000007a45900000) (1024K)]
  0x000001e2df8ae6e0 JavaThread "Java2D Disposer"            daemon [_thread_blocked, id=12300, stack(0x0000007a45900000,0x0000007a45a00000) (1024K)]
  0x000001e2df8af680 JavaThread "JavaCPP Deallocator"        daemon [_thread_blocked, id=16992, stack(0x0000007a45c00000,0x0000007a45d00000) (1024K)]
  0x000001e2d6a31740 JavaThread "nacos-grpc-client-executor-127.0.0.1-166" daemon [_thread_blocked, id=9220, stack(0x0000007a3e600000,0x0000007a3e700000) (1024K)]
  0x000001e2d6a33e50 JavaThread "nacos-grpc-client-executor-127.0.0.1-167" daemon [_thread_blocked, id=17152, stack(0x0000007a41800000,0x0000007a41900000) (1024K)]
  0x000001e2db1923d0 JavaThread "nacos-grpc-client-executor-127.0.0.1-156" daemon [_thread_blocked, id=28944, stack(0x0000007a42700000,0x0000007a42800000) (1024K)]
  0x000001e2db192ba0 JavaThread "nacos-grpc-client-executor-127.0.0.1-157" daemon [_thread_blocked, id=25224, stack(0x0000007a49200000,0x0000007a49300000) (1024K)]
  0x000001e2dd1ad790 JavaThread "nacos-grpc-client-executor-127.0.0.1-151" daemon [_thread_blocked, id=42208, stack(0x0000007a47600000,0x0000007a47700000) (1024K)]
  0x000001e2dd1af6d0 JavaThread "nacos-grpc-client-executor-127.0.0.1-152" daemon [_thread_blocked, id=39432, stack(0x0000007a48f00000,0x0000007a49000000) (1024K)]
  0x000001e2dca65e20 JavaThread "nacos-grpc-client-executor-127.0.0.1-153" daemon [_thread_blocked, id=13056, stack(0x0000007a49300000,0x0000007a49400000) (1024K)]
  0x000001e2e23750c0 JavaThread "C1 CompilerThread1"         daemon [_thread_blocked, id=42972, stack(0x0000007a40600000,0x0000007a40700000) (1024K)]
  0x000001e2db257a00 JavaThread "nacos-grpc-client-executor-127.0.0.1-168" daemon [_thread_blocked, id=19764, stack(0x0000007a40700000,0x0000007a40800000) (1024K)]
  0x000001e2db254350 JavaThread "nacos-grpc-client-executor-127.0.0.1-169" daemon [_thread_blocked, id=32248, stack(0x0000007a42300000,0x0000007a42400000) (1024K)]
  0x000001e2e23758d0 JavaThread "C1 CompilerThread2"         daemon [_thread_blocked, id=4140, stack(0x0000007a42c00000,0x0000007a42d00000) (1024K)]
Total: 108

Other Threads:
  0x000001e2d69ffdb0 VMThread "VM Thread"                           [id=2136, stack(0x0000007a3ef00000,0x0000007a3f000000) (1024K)]
  0x000001e2d69ee050 WatcherThread "VM Periodic Task Thread"        [id=41692, stack(0x0000007a3ee00000,0x0000007a3ef00000) (1024K)]
  0x000001e2b9501fb0 WorkerThread "GC Thread#0"                     [id=9524, stack(0x0000007a3e900000,0x0000007a3ea00000) (1024K)]
  0x000001e2dc28c7a0 WorkerThread "GC Thread#1"                     [id=30400, stack(0x0000007a40100000,0x0000007a40200000) (1024K)]
  0x000001e2dc877db0 WorkerThread "GC Thread#2"                     [id=20004, stack(0x0000007a40200000,0x0000007a40300000) (1024K)]
  0x000001e2dc8789f0 WorkerThread "GC Thread#3"                     [id=34800, stack(0x0000007a40300000,0x0000007a40400000) (1024K)]
  0x000001e2dc878e20 WorkerThread "GC Thread#4"                     [id=24996, stack(0x0000007a40400000,0x0000007a40500000) (1024K)]
  0x000001e2dccb2250 WorkerThread "GC Thread#5"                     [id=33040, stack(0x0000007a40500000,0x0000007a40600000) (1024K)]
  0x000001e2dc9eab90 WorkerThread "GC Thread#6"                     [id=41164, stack(0x0000007a40800000,0x0000007a40900000) (1024K)]
  0x000001e2dc9e9a50 WorkerThread "GC Thread#7"                     [id=41024, stack(0x0000007a40900000,0x0000007a40a00000) (1024K)]
  0x000001e2de127780 WorkerThread "GC Thread#8"                     [id=19892, stack(0x0000007a40c00000,0x0000007a40d00000) (1024K)]
  0x000001e2de126ee0 WorkerThread "GC Thread#9"                     [id=40384, stack(0x0000007a40e00000,0x0000007a40f00000) (1024K)]
  0x000001e2de129160 WorkerThread "GC Thread#10"                    [id=29488, stack(0x0000007a40f00000,0x0000007a41000000) (1024K)]
  0x000001e2de129a00 WorkerThread "GC Thread#11"                    [id=15396, stack(0x0000007a41000000,0x0000007a41100000) (1024K)]
  0x000001e2de12c0d0 WorkerThread "GC Thread#12"                    [id=13288, stack(0x0000007a41400000,0x0000007a41500000) (1024K)]
  0x000001e2b951bf70 ConcurrentGCThread "G1 Main Marker"            [id=25848, stack(0x0000007a3ea00000,0x0000007a3eb00000) (1024K)]
  0x000001e2b951d320 WorkerThread "G1 Conc#0"                       [id=8036, stack(0x0000007a3eb00000,0x0000007a3ec00000) (1024K)]
  0x000001e2de129e50 WorkerThread "G1 Conc#1"                       [id=35820, stack(0x0000007a41100000,0x0000007a41200000) (1024K)]
  0x000001e2de12a2a0 WorkerThread "G1 Conc#2"                       [id=19528, stack(0x0000007a41200000,0x0000007a41300000) (1024K)]
  0x000001e2b955e9c0 ConcurrentGCThread "G1 Refine#0"               [id=32748, stack(0x0000007a3ec00000,0x0000007a3ed00000) (1024K)]
  0x000001e2d68ab070 ConcurrentGCThread "G1 Service"                [id=5988, stack(0x0000007a3ed00000,0x0000007a3ee00000) (1024K)]
Total: 21

Threads with active compile tasks:
Total: 0

VM state: not at safepoint (normal execution)

VM Mutex/Monitor currently owned by a thread: None

Heap address: 0x0000000080000000, size: 2048 MB, Compressed Oops mode: 32-bit

CDS archive(s) mapped at: [0x000000002e000000-0x000000002edd0000-0x000000002edd0000), size 14483456, SharedBaseAddress: 0x000000002e000000, ArchiveRelocationMode: 1.
Compressed class space mapped at: 0x000000002f000000-0x000000006f000000, reserved size: 1073741824
UseCompressedClassPointers 1, UseCompactObjectHeaders 0
Narrow klass pointer bits 32, Max shift 3
Narrow klass base: 0x000000002e000000, Narrow klass shift: 0
Encoding Range: [0x000000002e000000 - 0x000000012e000000), (4294967296 bytes)
Klass Range:    [0x000000002e010000 - 0x000000006f000000), (1090453504 bytes)
Klass ID Range:  [65536 - 1090519033) (1090453497)
Protection zone: [0x000000002e000000 - 0x000000002e010000), (65536 bytes)

GC Precious Log:
 CardTable entry size: 512
 Card Set container configuration: InlinePtr #cards 5 size 8 Array Of Cards #cards 10 size 36 Howl #buckets 4 coarsen threshold 1843 Howl Bitmap #cards 512 size 80 coarsen threshold 460 Card regions per heap region 1 cards per card region 2048
 CPUs: 16 total, 16 available
 Memory: 14198M
 Large Page Support: Disabled
 NUMA Support: Disabled
 Compressed Oops: Enabled (32-bit)
 Heap Region Size: 1M
 Heap Min Capacity: 8M
 Heap Initial Capacity: 222M
 Heap Max Capacity: 2G
 Pre-touch: Disabled
 Parallel Workers: 13
 Concurrent Workers: 3
 Concurrent Refinement Workers: 13
 Periodic GC: Disabled

Heap:
 garbage-first heap   total reserved 2097152K, committed 130048K, used 53795K [0x0000000080000000, 0x0000000100000000)
  region size 1024K, 13 young (13312K), 1 survivors (1024K)

Heap Regions: E=young(eden), S=young(survivor), O=old, HS=humongous(starts), HC=humongous(continues), CS=collection set, F=free, TAMS=top-at-mark-start, PB=parsable bottom
|   0|0x0000000080000000, 0x0000000080100000, 0x0000000080100000|100%| O|  |TAMS 0x0000000080000000| PB 0x0000000080000000| Untracked |  0
|   1|0x0000000080100000, 0x0000000080200000, 0x0000000080200000|100%| O|  |TAMS 0x0000000080100000| PB 0x0000000080100000| Untracked |  0
|   2|0x0000000080200000, 0x0000000080300000, 0x0000000080300000|100%| O|  |TAMS 0x0000000080200000| PB 0x0000000080200000| Untracked |  0
|   3|0x0000000080300000, 0x0000000080400000, 0x0000000080400000|100%| O|  |TAMS 0x0000000080300000| PB 0x0000000080300000| Untracked |  0
|   4|0x0000000080400000, 0x0000000080500000, 0x0000000080500000|100%| O|  |TAMS 0x0000000080400000| PB 0x0000000080400000| Untracked |  0
|   5|0x0000000080500000, 0x0000000080600000, 0x0000000080600000|100%| O|  |TAMS 0x0000000080500000| PB 0x0000000080500000| Untracked |  0
|   6|0x0000000080600000, 0x0000000080700000, 0x0000000080700000|100%| O|  |TAMS 0x0000000080600000| PB 0x0000000080600000| Untracked |  0
|   7|0x0000000080700000, 0x0000000080800000, 0x0000000080800000|100%| O|  |TAMS 0x0000000080700000| PB 0x0000000080700000| Untracked |  0
|   8|0x0000000080800000, 0x0000000080900000, 0x0000000080900000|100%| O|  |TAMS 0x0000000080800000| PB 0x0000000080800000| Untracked |  0
|   9|0x0000000080900000, 0x0000000080a00000, 0x0000000080a00000|100%| O|  |TAMS 0x0000000080900000| PB 0x0000000080900000| Untracked |  0
|  10|0x0000000080a00000, 0x0000000080b00000, 0x0000000080b00000|100%| O|  |TAMS 0x0000000080a00000| PB 0x0000000080a00000| Untracked |  0
|  11|0x0000000080b00000, 0x0000000080b664b8, 0x0000000080c00000| 39%| O|  |TAMS 0x0000000080b00000| PB 0x0000000080b00000| Untracked |  0
|  12|0x0000000080c00000, 0x0000000080d00000, 0x0000000080d00000|100%| O|  |TAMS 0x0000000080c00000| PB 0x0000000080c00000| Untracked |  0
|  13|0x0000000080d00000, 0x0000000080e00000, 0x0000000080e00000|100%| O|  |TAMS 0x0000000080d00000| PB 0x0000000080d00000| Untracked |  0
|  14|0x0000000080e00000, 0x0000000080f00000, 0x0000000080f00000|100%| O|  |TAMS 0x0000000080e00000| PB 0x0000000080e00000| Untracked |  0
|  15|0x0000000080f00000, 0x0000000081000000, 0x0000000081000000|100%| O|  |TAMS 0x0000000080f00000| PB 0x0000000080f00000| Untracked |  0
|  16|0x0000000081000000, 0x00000000810cf1f8, 0x0000000081100000| 80%| O|Cm|TAMS 0x0000000081000000| PB 0x0000000081000000| Complete |  0
|  17|0x0000000081100000, 0x0000000081200000, 0x0000000081200000|100%| O|  |TAMS 0x0000000081100000| PB 0x0000000081100000| Untracked |  0
|  18|0x0000000081200000, 0x0000000081300000, 0x0000000081300000|100%| O|  |TAMS 0x0000000081200000| PB 0x0000000081200000| Untracked |  0
|  19|0x0000000081300000, 0x0000000081400000, 0x0000000081400000|100%| O|  |TAMS 0x0000000081300000| PB 0x0000000081300000| Untracked |  0
|  20|0x0000000081400000, 0x0000000081500000, 0x0000000081500000|100%| O|  |TAMS 0x0000000081400000| PB 0x0000000081400000| Untracked |  0
|  21|0x0000000081500000, 0x0000000081600000, 0x0000000081600000|100%| O|  |TAMS 0x0000000081500000| PB 0x0000000081500000| Untracked |  0
|  22|0x0000000081600000, 0x0000000081700000, 0x0000000081700000|100%| O|  |TAMS 0x0000000081600000| PB 0x0000000081600000| Untracked |  0
|  23|0x0000000081700000, 0x0000000081800000, 0x0000000081800000|100%| O|  |TAMS 0x0000000081700000| PB 0x0000000081700000| Untracked |  0
|  24|0x0000000081800000, 0x0000000081900000, 0x0000000081900000|100%|HS|  |TAMS 0x0000000081800000| PB 0x0000000081800000| Complete |  0
|  25|0x0000000081900000, 0x0000000081a00000, 0x0000000081a00000|100%|HS|  |TAMS 0x0000000081900000| PB 0x0000000081900000| Complete |  0
|  26|0x0000000081a00000, 0x0000000081b00000, 0x0000000081b00000|100%|HS|  |TAMS 0x0000000081a00000| PB 0x0000000081a00000| Complete |  0
|  27|0x0000000081b00000, 0x0000000081c00000, 0x0000000081c00000|100%|HC|  |TAMS 0x0000000081b00000| PB 0x0000000081b00000| Complete |  0
|  28|0x0000000081c00000, 0x0000000081d00000, 0x0000000081d00000|100%|HS|  |TAMS 0x0000000081c00000| PB 0x0000000081c00000| Complete |  0
|  29|0x0000000081d00000, 0x0000000081e00000, 0x0000000081e00000|100%|HC|  |TAMS 0x0000000081d00000| PB 0x0000000081d00000| Complete |  0
|  30|0x0000000081e00000, 0x0000000081f00000, 0x0000000081f00000|100%|HC|  |TAMS 0x0000000081e00000| PB 0x0000000081e00000| Complete |  0
|  31|0x0000000081f00000, 0x0000000082000000, 0x0000000082000000|100%|HC|  |TAMS 0x0000000081f00000| PB 0x0000000081f00000| Complete |  0
|  32|0x0000000082000000, 0x0000000082100000, 0x0000000082100000|100%|HC|  |TAMS 0x0000000082000000| PB 0x0000000082000000| Complete |  0
|  33|0x0000000082100000, 0x0000000082200000, 0x0000000082200000|100%|HS|  |TAMS 0x0000000082100000| PB 0x0000000082100000| Complete |  0
|  34|0x0000000082200000, 0x0000000082300000, 0x0000000082300000|100%|HC|  |TAMS 0x0000000082200000| PB 0x0000000082200000| Complete |  0
|  35|0x0000000082300000, 0x0000000082400000, 0x0000000082400000|100%|HC|  |TAMS 0x0000000082300000| PB 0x0000000082300000| Complete |  0
|  36|0x0000000082400000, 0x0000000082500000, 0x0000000082500000|100%|HC|  |TAMS 0x0000000082400000| PB 0x0000000082400000| Complete |  0
|  37|0x0000000082500000, 0x0000000082600000, 0x0000000082600000|100%|HC|  |TAMS 0x0000000082500000| PB 0x0000000082500000| Complete |  0
|  38|0x0000000082600000, 0x0000000082600000, 0x0000000082700000|  0%| F|  |TAMS 0x0000000082600000| PB 0x0000000082600000| Untracked |  0
|  39|0x0000000082700000, 0x0000000082700000, 0x0000000082800000|  0%| F|  |TAMS 0x0000000082700000| PB 0x0000000082700000| Untracked |  0
|  40|0x0000000082800000, 0x0000000082800000, 0x0000000082900000|  0%| F|  |TAMS 0x0000000082800000| PB 0x0000000082800000| Untracked |  0
|  41|0x0000000082900000, 0x0000000082900000, 0x0000000082a00000|  0%| F|  |TAMS 0x0000000082900000| PB 0x0000000082900000| Untracked |  0
|  42|0x0000000082a00000, 0x0000000082a00000, 0x0000000082b00000|  0%| F|  |TAMS 0x0000000082a00000| PB 0x0000000082a00000| Untracked |  0
|  43|0x0000000082b00000, 0x0000000082b00000, 0x0000000082c00000|  0%| F|  |TAMS 0x0000000082b00000| PB 0x0000000082b00000| Untracked |  0
|  44|0x0000000082c00000, 0x0000000082c00000, 0x0000000082d00000|  0%| F|  |TAMS 0x0000000082c00000| PB 0x0000000082c00000| Untracked |  0
|  45|0x0000000082d00000, 0x0000000082d00000, 0x0000000082e00000|  0%| F|  |TAMS 0x0000000082d00000| PB 0x0000000082d00000| Untracked |  0
|  46|0x0000000082e00000, 0x0000000082e00000, 0x0000000082f00000|  0%| F|  |TAMS 0x0000000082e00000| PB 0x0000000082e00000| Untracked |  0
|  47|0x0000000082f00000, 0x0000000082f00000, 0x0000000083000000|  0%| F|  |TAMS 0x0000000082f00000| PB 0x0000000082f00000| Untracked |  0
|  48|0x0000000083000000, 0x0000000083000000, 0x0000000083100000|  0%| F|  |TAMS 0x0000000083000000| PB 0x0000000083000000| Untracked |  0
|  49|0x0000000083100000, 0x0000000083100000, 0x0000000083200000|  0%| F|  |TAMS 0x0000000083100000| PB 0x0000000083100000| Untracked |  0
|  50|0x0000000083200000, 0x00000000832538a0, 0x0000000083300000| 32%| S|CS|TAMS 0x0000000083200000| PB 0x0000000083200000| Complete |  0
|  51|0x0000000083300000, 0x0000000083300000, 0x0000000083400000|  0%| F|  |TAMS 0x0000000083300000| PB 0x0000000083300000| Untracked |  0
|  52|0x0000000083400000, 0x0000000083400000, 0x0000000083500000|  0%| F|  |TAMS 0x0000000083400000| PB 0x0000000083400000| Untracked |  0
|  53|0x0000000083500000, 0x0000000083500000, 0x0000000083600000|  0%| F|  |TAMS 0x0000000083500000| PB 0x0000000083500000| Untracked |  0
|  54|0x0000000083600000, 0x0000000083600000, 0x0000000083700000|  0%| F|  |TAMS 0x0000000083600000| PB 0x0000000083600000| Untracked |  0
|  55|0x0000000083700000, 0x0000000083700000, 0x0000000083800000|  0%| F|  |TAMS 0x0000000083700000| PB 0x0000000083700000| Untracked |  0
|  56|0x0000000083800000, 0x0000000083800000, 0x0000000083900000|  0%| F|  |TAMS 0x0000000083800000| PB 0x0000000083800000| Untracked |  0
|  57|0x0000000083900000, 0x0000000083900000, 0x0000000083a00000|  0%| F|  |TAMS 0x0000000083900000| PB 0x0000000083900000| Untracked |  0
|  58|0x0000000083a00000, 0x0000000083a00000, 0x0000000083b00000|  0%| F|  |TAMS 0x0000000083a00000| PB 0x0000000083a00000| Untracked |  0
|  59|0x0000000083b00000, 0x0000000083b00000, 0x0000000083c00000|  0%| F|  |TAMS 0x0000000083b00000| PB 0x0000000083b00000| Untracked |  0
|  60|0x0000000083c00000, 0x0000000083c00000, 0x0000000083d00000|  0%| F|  |TAMS 0x0000000083c00000| PB 0x0000000083c00000| Untracked |  0
|  61|0x0000000083d00000, 0x0000000083d00000, 0x0000000083e00000|  0%| F|  |TAMS 0x0000000083d00000| PB 0x0000000083d00000| Untracked |  0
|  62|0x0000000083e00000, 0x0000000083e00000, 0x0000000083f00000|  0%| F|  |TAMS 0x0000000083e00000| PB 0x0000000083e00000| Untracked |  0
|  63|0x0000000083f00000, 0x0000000083f00000, 0x0000000084000000|  0%| F|  |TAMS 0x0000000083f00000| PB 0x0000000083f00000| Untracked |  0
|  64|0x0000000084000000, 0x0000000084000000, 0x0000000084100000|  0%| F|  |TAMS 0x0000000084000000| PB 0x0000000084000000| Untracked |  0
|  65|0x0000000084100000, 0x0000000084100000, 0x0000000084200000|  0%| F|  |TAMS 0x0000000084100000| PB 0x0000000084100000| Untracked |  0
|  66|0x0000000084200000, 0x0000000084200000, 0x0000000084300000|  0%| F|  |TAMS 0x0000000084200000| PB 0x0000000084200000| Untracked |  0
|  67|0x0000000084300000, 0x0000000084300000, 0x0000000084400000|  0%| F|  |TAMS 0x0000000084300000| PB 0x0000000084300000| Untracked |  0
|  68|0x0000000084400000, 0x0000000084400000, 0x0000000084500000|  0%| F|  |TAMS 0x0000000084400000| PB 0x0000000084400000| Untracked |  0
|  69|0x0000000084500000, 0x0000000084500000, 0x0000000084600000|  0%| F|  |TAMS 0x0000000084500000| PB 0x0000000084500000| Untracked |  0
|  70|0x0000000084600000, 0x0000000084600000, 0x0000000084700000|  0%| F|  |TAMS 0x0000000084600000| PB 0x0000000084600000| Untracked |  0
|  71|0x0000000084700000, 0x0000000084700000, 0x0000000084800000|  0%| F|  |TAMS 0x0000000084700000| PB 0x0000000084700000| Untracked |  0
|  72|0x0000000084800000, 0x0000000084800000, 0x0000000084900000|  0%| F|  |TAMS 0x0000000084800000| PB 0x0000000084800000| Untracked |  0
|  73|0x0000000084900000, 0x0000000084900000, 0x0000000084a00000|  0%| F|  |TAMS 0x0000000084900000| PB 0x0000000084900000| Untracked |  0
|  74|0x0000000084a00000, 0x0000000084a00000, 0x0000000084b00000|  0%| F|  |TAMS 0x0000000084a00000| PB 0x0000000084a00000| Untracked |  0
|  75|0x0000000084b00000, 0x0000000084b00000, 0x0000000084c00000|  0%| F|  |TAMS 0x0000000084b00000| PB 0x0000000084b00000| Untracked |  0
|  76|0x0000000084c00000, 0x0000000084c00000, 0x0000000084d00000|  0%| F|  |TAMS 0x0000000084c00000| PB 0x0000000084c00000| Untracked |  0
|  77|0x0000000084d00000, 0x0000000084d00000, 0x0000000084e00000|  0%| F|  |TAMS 0x0000000084d00000| PB 0x0000000084d00000| Untracked |  0
|  78|0x0000000084e00000, 0x0000000084e00000, 0x0000000084f00000|  0%| F|  |TAMS 0x0000000084e00000| PB 0x0000000084e00000| Untracked |  0
|  79|0x0000000084f00000, 0x0000000084f00000, 0x0000000085000000|  0%| F|  |TAMS 0x0000000084f00000| PB 0x0000000084f00000| Untracked |  0
|  80|0x0000000085000000, 0x0000000085000000, 0x0000000085100000|  0%| F|  |TAMS 0x0000000085000000| PB 0x0000000085000000| Untracked |  0
|  81|0x0000000085100000, 0x0000000085100000, 0x0000000085200000|  0%| F|  |TAMS 0x0000000085100000| PB 0x0000000085100000| Untracked |  0
|  82|0x0000000085200000, 0x0000000085200000, 0x0000000085300000|  0%| F|  |TAMS 0x0000000085200000| PB 0x0000000085200000| Untracked |  0
|  83|0x0000000085300000, 0x0000000085300000, 0x0000000085400000|  0%| F|  |TAMS 0x0000000085300000| PB 0x0000000085300000| Untracked |  0
|  84|0x0000000085400000, 0x0000000085400000, 0x0000000085500000|  0%| F|  |TAMS 0x0000000085400000| PB 0x0000000085400000| Untracked |  0
|  85|0x0000000085500000, 0x0000000085500000, 0x0000000085600000|  0%| F|  |TAMS 0x0000000085500000| PB 0x0000000085500000| Untracked |  0
|  86|0x0000000085600000, 0x0000000085600000, 0x0000000085700000|  0%| F|  |TAMS 0x0000000085600000| PB 0x0000000085600000| Untracked |  0
|  87|0x0000000085700000, 0x0000000085700000, 0x0000000085800000|  0%| F|  |TAMS 0x0000000085700000| PB 0x0000000085700000| Untracked |  0
|  88|0x0000000085800000, 0x0000000085800000, 0x0000000085900000|  0%| F|  |TAMS 0x0000000085800000| PB 0x0000000085800000| Untracked |  0
|  89|0x0000000085900000, 0x0000000085900000, 0x0000000085a00000|  0%| F|  |TAMS 0x0000000085900000| PB 0x0000000085900000| Untracked |  0
|  90|0x0000000085a00000, 0x0000000085a00000, 0x0000000085b00000|  0%| F|  |TAMS 0x0000000085a00000| PB 0x0000000085a00000| Untracked |  0
|  91|0x0000000085b00000, 0x0000000085b00000, 0x0000000085c00000|  0%| F|  |TAMS 0x0000000085b00000| PB 0x0000000085b00000| Untracked |  0
|  92|0x0000000085c00000, 0x0000000085c00000, 0x0000000085d00000|  0%| F|  |TAMS 0x0000000085c00000| PB 0x0000000085c00000| Untracked |  0
|  93|0x0000000085d00000, 0x0000000085d00000, 0x0000000085e00000|  0%| F|  |TAMS 0x0000000085d00000| PB 0x0000000085d00000| Untracked |  0
|  94|0x0000000085e00000, 0x0000000085e00000, 0x0000000085f00000|  0%| F|  |TAMS 0x0000000085e00000| PB 0x0000000085e00000| Untracked |  0
|  95|0x0000000085f00000, 0x0000000085f00000, 0x0000000086000000|  0%| F|  |TAMS 0x0000000085f00000| PB 0x0000000085f00000| Untracked |  0
|  96|0x0000000086000000, 0x0000000086000000, 0x0000000086100000|  0%| F|  |TAMS 0x0000000086000000| PB 0x0000000086000000| Untracked |  0
|  97|0x0000000086100000, 0x0000000086100000, 0x0000000086200000|  0%| F|  |TAMS 0x0000000086100000| PB 0x0000000086100000| Untracked |  0
|  98|0x0000000086200000, 0x0000000086200000, 0x0000000086300000|  0%| F|  |TAMS 0x0000000086200000| PB 0x0000000086200000| Untracked |  0
|  99|0x0000000086300000, 0x0000000086300000, 0x0000000086400000|  0%| F|  |TAMS 0x0000000086300000| PB 0x0000000086300000| Untracked |  0
| 100|0x0000000086400000, 0x0000000086400000, 0x0000000086500000|  0%| F|  |TAMS 0x0000000086400000| PB 0x0000000086400000| Untracked |  0
| 101|0x0000000086500000, 0x0000000086500000, 0x0000000086600000|  0%| F|  |TAMS 0x0000000086500000| PB 0x0000000086500000| Untracked |  0
| 102|0x0000000086600000, 0x0000000086600000, 0x0000000086700000|  0%| F|  |TAMS 0x0000000086600000| PB 0x0000000086600000| Untracked |  0
| 103|0x0000000086700000, 0x0000000086700000, 0x0000000086800000|  0%| F|  |TAMS 0x0000000086700000| PB 0x0000000086700000| Untracked |  0
| 104|0x0000000086800000, 0x0000000086800000, 0x0000000086900000|  0%| F|  |TAMS 0x0000000086800000| PB 0x0000000086800000| Untracked |  0
| 105|0x0000000086900000, 0x0000000086900000, 0x0000000086a00000|  0%| F|  |TAMS 0x0000000086900000| PB 0x0000000086900000| Untracked |  0
| 106|0x0000000086a00000, 0x0000000086a00000, 0x0000000086b00000|  0%| F|  |TAMS 0x0000000086a00000| PB 0x0000000086a00000| Untracked |  0
| 107|0x0000000086b00000, 0x0000000086b00000, 0x0000000086c00000|  0%| F|  |TAMS 0x0000000086b00000| PB 0x0000000086b00000| Untracked |  0
| 108|0x0000000086c00000, 0x0000000086c00000, 0x0000000086d00000|  0%| F|  |TAMS 0x0000000086c00000| PB 0x0000000086c00000| Untracked |  0
| 109|0x0000000086d00000, 0x0000000086d00000, 0x0000000086e00000|  0%| F|  |TAMS 0x0000000086d00000| PB 0x0000000086d00000| Untracked |  0
| 110|0x0000000086e00000, 0x0000000086e00000, 0x0000000086f00000|  0%| F|  |TAMS 0x0000000086e00000| PB 0x0000000086e00000| Untracked |  0
| 111|0x0000000086f00000, 0x0000000087000000, 0x0000000087000000|100%| E|  |TAMS 0x0000000086f00000| PB 0x0000000086f00000| Complete |  0
| 112|0x0000000087000000, 0x0000000087100000, 0x0000000087100000|100%| E|CS|TAMS 0x0000000087000000| PB 0x0000000087000000| Complete |  0
| 113|0x0000000087100000, 0x0000000087200000, 0x0000000087200000|100%| E|CS|TAMS 0x0000000087100000| PB 0x0000000087100000| Complete |  0
| 150|0x0000000089600000, 0x0000000089700000, 0x0000000089700000|100%| E|CS|TAMS 0x0000000089600000| PB 0x0000000089600000| Complete |  0
| 151|0x0000000089700000, 0x0000000089800000, 0x0000000089800000|100%| E|CS|TAMS 0x0000000089700000| PB 0x0000000089700000| Complete |  0
| 152|0x0000000089800000, 0x0000000089900000, 0x0000000089900000|100%| E|CS|TAMS 0x0000000089800000| PB 0x0000000089800000| Complete |  0
| 153|0x0000000089900000, 0x0000000089a00000, 0x0000000089a00000|100%| E|CS|TAMS 0x0000000089900000| PB 0x0000000089900000| Complete |  0
| 154|0x0000000089a00000, 0x0000000089b00000, 0x0000000089b00000|100%| E|CS|TAMS 0x0000000089a00000| PB 0x0000000089a00000| Complete |  0
| 155|0x0000000089b00000, 0x0000000089c00000, 0x0000000089c00000|100%| E|CS|TAMS 0x0000000089b00000| PB 0x0000000089b00000| Complete |  0
| 156|0x0000000089c00000, 0x0000000089d00000, 0x0000000089d00000|100%| E|CS|TAMS 0x0000000089c00000| PB 0x0000000089c00000| Complete |  0
| 157|0x0000000089d00000, 0x0000000089e00000, 0x0000000089e00000|100%| E|CS|TAMS 0x0000000089d00000| PB 0x0000000089d00000| Complete |  0
|2043|0x00000000ffb00000, 0x00000000ffc00000, 0x00000000ffc00000|100%| O|  |TAMS 0x00000000ffb00000| PB 0x00000000ffb00000| Untracked |  0
|2044|0x00000000ffc00000, 0x00000000ffd00000, 0x00000000ffd00000|100%| O|  |TAMS 0x00000000ffc00000| PB 0x00000000ffc00000| Untracked |  0
|2045|0x00000000ffd00000, 0x00000000ffe00000, 0x00000000ffe00000|100%| O|  |TAMS 0x00000000ffd00000| PB 0x00000000ffd00000| Untracked |  0
|2046|0x00000000ffe00000, 0x00000000fff00000, 0x00000000fff00000|100%| O|  |TAMS 0x00000000ffe00000| PB 0x00000000ffe00000| Untracked |  0
|2047|0x00000000fff00000, 0x0000000100000000, 0x0000000100000000|100%| E|CS|TAMS 0x00000000fff00000| PB 0x00000000fff00000| Complete |  0

Card table byte_map: [0x000001e2d19d0000,0x000001e2d1dd0000] _byte_map_base: 0x000001e2d15d0000

Marking Bits: (CMBitMap*) 0x000001e2b9502740
 Bits: [0x000001e2d1dd0000, 0x000001e2d3dd0000)

Polling page: 0x000001e2b7390000

Metaspace:
Metaspace        used 71175K, committed 71616K, reserved 1114112K
 class space     used 8202K, committed 8384K, reserved 1048576K

Usage:
  Non-class:     61.50 MB used.
      Class:      8.01 MB used.
       Both:     69.51 MB used.

Virtual space:
  Non-class space:       64.00 MB reserved,      61.75 MB ( 96%) committed,  1 nodes.
      Class space:        1.00 GB reserved,       8.19 MB ( <1%) committed,  1 nodes.
             Both:        1.06 GB reserved,      69.94 MB (  6%) committed. 

Chunk freelists:
   Non-Class:  1.84 MB
       Class:  7.70 MB
        Both:  9.55 MB

MaxMetaspaceSize: unlimited
CompressedClassSpaceSize: 1.00 GB
Initial GC threshold: 21.00 MB
Current GC threshold: 116.25 MB
CDS: on
 - commit_granule_bytes: 65536.
 - commit_granule_words: 8192.
 - virtual_space_node_default_size: 8388608.
 - enlarge_chunks_in_place: 1.
UseCompressedClassPointers 1, UseCompactObjectHeaders 0
Narrow klass pointer bits 32, Max shift 3
Narrow klass base: 0x000000002e000000, Narrow klass shift: 0
Encoding Range: [0x000000002e000000 - 0x000000012e000000), (4294967296 bytes)
Klass Range:    [0x000000002e010000 - 0x000000006f000000), (1090453504 bytes)
Klass ID Range:  [65536 - 1090519033) (1090453497)
Protection zone: [0x000000002e000000 - 0x000000002e010000), (65536 bytes)


Internal statistics:

num_allocs_failed_limit: 14.
num_arena_births: 496.
num_arena_deaths: 0.
num_vsnodes_births: 2.
num_vsnodes_deaths: 0.
num_space_committed: 1117.
num_space_uncommitted: 0.
num_chunks_returned_to_freelist: 14.
num_chunks_taken_from_freelist: 2833.
num_chunk_merges: 9.
num_chunk_splits: 2215.
num_chunks_enlarged: 1926.
num_inconsistent_stats: 0.

CodeHeap 'non-profiled nmethods': size=119232Kb used=1364Kb max_used=3524Kb free=117868Kb
 bounds [0x000001e2c98d0000, 0x000001e2c9c50000, 0x000001e2d0d40000]
CodeHeap 'profiled nmethods': size=119104Kb used=1955Kb max_used=12235Kb free=117148Kb
 bounds [0x000001e2c1d40000, 0x000001e2c2960000, 0x000001e2c9190000]
CodeHeap 'non-nmethods': size=7424Kb used=3459Kb max_used=4235Kb free=3964Kb
 bounds [0x000001e2c9190000, 0x000001e2c95c0000, 0x000001e2c98d0000]
CodeCache: size=245760Kb, used=6778Kb, max_used=19994Kb, free=238980Kb
 total_blobs=3099, nmethods=1698, adapters=1302, full_count=0
Compilation: enabled, stopped_count=0, restarted_count=0

Compilation events (20 events):
Event: 355.938 Thread 0x000001e2dc18f3f0 nmethod 9777 0x000001e2c9ae8b08 code [0x000001e2c9ae8c00, 0x000001e2c9ae9590]
Event: 355.956 Thread 0x000001e2d6a28480 9778       3       com.alibaba.nacos.client.utils.ParamUtil::simplyEnvNameIfOverLimit (49 bytes)
Event: 355.957 Thread 0x000001e2d6a28480 nmethod 9778 0x000001e2c27c2288 code [0x000001e2c27c2380, 0x000001e2c27c35a8]
Event: 355.963 Thread 0x000001e2e23768f0 9779       4       java.lang.Math::floorMod (28 bytes)
Event: 355.964 Thread 0x000001e2e23768f0 nmethod 9779 0x000001e2c99d4308 code [0x000001e2c99d4400, 0x000001e2c99d44e0]
Event: 355.994 Thread 0x000001e2d6a1dc10 9780       4       java.lang.Class::getInterfaces (40 bytes)
Event: 355.995 Thread 0x000001e2e23768f0 9781       4       java.util.ArrayDeque::addLast (51 bytes)
Event: 355.995 Thread 0x000001e2dfcf72b0 9782       3       java.lang.reflect.Constructor::newInstanceWithCaller (51 bytes)
Event: 355.995 Thread 0x000001e2dfcfb330 9783   !   3       jdk.internal.reflect.DirectConstructorHandleAccessor::newInstance (130 bytes)
Event: 355.995 Thread 0x000001e2dfcfab20 9784       3       jdk.internal.reflect.DirectConstructorHandleAccessor::invokeImpl (103 bytes)
Event: 355.995 Thread 0x000001e2dc18cba0 9785       4       java.lang.reflect.Modifier::isProtected (12 bytes)
Event: 355.995 Thread 0x000001e2dfcf72b0 nmethod 9782 0x000001e2c27c1e08 code [0x000001e2c27c1f00, 0x000001e2c27c2238]
Event: 355.995 Thread 0x000001e2dc18cba0 nmethod 9785 0x000001e2c99bab88 code [0x000001e2c99bac80, 0x000001e2c99bacf0]
Event: 355.996 Thread 0x000001e2e23768f0 nmethod 9781 0x000001e2c99ba708 code [0x000001e2c99ba800, 0x000001e2c99baa60]
Event: 355.996 Thread 0x000001e2dfcfab20 nmethod 9784 0x000001e2c27c0308 code [0x000001e2c27c0400, 0x000001e2c27c1dc0]
Event: 355.997 Thread 0x000001e2dfcfb330 nmethod 9783 0x000001e2c27b1088 code [0x000001e2c27b1180, 0x000001e2c27b3b58]
Event: 355.998 Thread 0x000001e2d6a1dc10 nmethod 9780 0x000001e2c99e7a08 code [0x000001e2c99e7b00, 0x000001e2c99e7f68]
Event: 356.031 Thread 0x000001e2dc18f3f0 9786       4       java.util.zip.ZipEntry::isCENHeaderValid (58 bytes)
Event: 356.032 Thread 0x000001e2dc18f3f0 nmethod 9786 0x000001e2c99e7708 code [0x000001e2c99e7800, 0x000001e2c99e7918]
Event: 356.047 Thread 0x000001e2d6a1dc10 9787  s!   4       org.bytedeco.javacpp.Loader::loadLibrary (1711 bytes)

GC Heap Usage History (20 events):
Event: 354.116 {heap Before GC invocations=64 (full 0):
 garbage-first heap   total reserved 2097152K, committed 112640K, used 98470K [0x0000000080000000, 0x0000000100000000)
  region size 1024K, 66 young (67584K), 1 survivors (1024K)
}
Event: 354.117 {heap After GC invocations=65 (full 0):
 garbage-first heap   total reserved 2097152K, committed 112640K, used 31954K [0x0000000080000000, 0x0000000100000000)
  region size 1024K, 1 young (1024K), 1 survivors (1024K)
}
Event: 354.182 {heap Before GC invocations=66 (full 0):
 garbage-first heap   total reserved 2097152K, committed 112640K, used 98514K [0x0000000080000000, 0x0000000100000000)
  region size 1024K, 66 young (67584K), 1 survivors (1024K)
}
Event: 354.183 {heap After GC invocations=67 (full 0):
 garbage-first heap   total reserved 2097152K, committed 112640K, used 31971K [0x0000000080000000, 0x0000000100000000)
  region size 1024K, 1 young (1024K), 1 survivors (1024K)
}
Event: 354.287 {heap Before GC invocations=67 (full 0):
 garbage-first heap   total reserved 2097152K, committed 112640K, used 98531K [0x0000000080000000, 0x0000000100000000)
  region size 1024K, 66 young (67584K), 1 survivors (1024K)
}
Event: 354.288 {heap After GC invocations=68 (full 0):
 garbage-first heap   total reserved 2097152K, committed 112640K, used 31957K [0x0000000080000000, 0x0000000100000000)
  region size 1024K, 1 young (1024K), 1 survivors (1024K)
}
Event: 354.346 {heap Before GC invocations=68 (full 0):
 garbage-first heap   total reserved 2097152K, committed 112640K, used 98517K [0x0000000080000000, 0x0000000100000000)
  region size 1024K, 66 young (67584K), 1 survivors (1024K)
}
Event: 354.348 {heap After GC invocations=69 (full 0):
 garbage-first heap   total reserved 2097152K, committed 135168K, used 31975K [0x0000000080000000, 0x0000000100000000)
  region size 1024K, 1 young (1024K), 1 survivors (1024K)
}
Event: 354.425 {heap Before GC invocations=70 (full 0):
 garbage-first heap   total reserved 2097152K, committed 112640K, used 98535K [0x0000000080000000, 0x0000000100000000)
  region size 1024K, 66 young (67584K), 1 survivors (1024K)
}
Event: 354.426 {heap After GC invocations=71 (full 0):
 garbage-first heap   total reserved 2097152K, committed 112640K, used 31979K [0x0000000080000000, 0x0000000100000000)
  region size 1024K, 1 young (1024K), 1 survivors (1024K)
}
Event: 354.487 {heap Before GC invocations=71 (full 0):
 garbage-first heap   total reserved 2097152K, committed 112640K, used 98539K [0x0000000080000000, 0x0000000100000000)
  region size 1024K, 66 young (67584K), 1 survivors (1024K)
}
Event: 354.488 {heap After GC invocations=72 (full 0):
 garbage-first heap   total reserved 2097152K, committed 112640K, used 31958K [0x0000000080000000, 0x0000000100000000)
  region size 1024K, 1 young (1024K), 1 survivors (1024K)
}
Event: 354.532 {heap Before GC invocations=72 (full 0):
 garbage-first heap   total reserved 2097152K, committed 112640K, used 98518K [0x0000000080000000, 0x0000000100000000)
  region size 1024K, 66 young (67584K), 1 survivors (1024K)
}
Event: 354.534 {heap After GC invocations=73 (full 0):
 garbage-first heap   total reserved 2097152K, committed 112640K, used 32007K [0x0000000080000000, 0x0000000100000000)
  region size 1024K, 1 young (1024K), 1 survivors (1024K)
}
Event: 354.599 {heap Before GC invocations=74 (full 0):
 garbage-first heap   total reserved 2097152K, committed 112640K, used 98567K [0x0000000080000000, 0x0000000100000000)
  region size 1024K, 66 young (67584K), 1 survivors (1024K)
}
Event: 354.600 {heap After GC invocations=75 (full 0):
 garbage-first heap   total reserved 2097152K, committed 112640K, used 32023K [0x0000000080000000, 0x0000000100000000)
  region size 1024K, 1 young (1024K), 1 survivors (1024K)
}
Event: 354.729 {heap Before GC invocations=75 (full 0):
 garbage-first heap   total reserved 2097152K, committed 112640K, used 98583K [0x0000000080000000, 0x0000000100000000)
  region size 1024K, 66 young (67584K), 1 survivors (1024K)
}
Event: 354.731 {heap After GC invocations=76 (full 0):
 garbage-first heap   total reserved 2097152K, committed 112640K, used 32087K [0x0000000080000000, 0x0000000100000000)
  region size 1024K, 1 young (1024K), 1 survivors (1024K)
}
Event: 355.270 {heap Before GC invocations=76 (full 0):
 garbage-first heap   total reserved 2097152K, committed 112640K, used 87383K [0x0000000080000000, 0x0000000100000000)
  region size 1024K, 56 young (57344K), 1 survivors (1024K)
}
Event: 355.272 {heap After GC invocations=77 (full 0):
 garbage-first heap   total reserved 2097152K, committed 135168K, used 32291K [0x0000000080000000, 0x0000000100000000)
  region size 1024K, 1 young (1024K), 1 survivors (1024K)
}

Metaspace Usage History (20 events):
Event: 354.116 {metaspace Before GC invocations=64 (full 0):
 Metaspace       used 69027K, committed 69440K, reserved 1114112K
  class space    used 7939K, committed 8128K, reserved 1048576K
}
Event: 354.117 {metaspace After GC invocations=65 (full 0):
 Metaspace       used 69027K, committed 69440K, reserved 1114112K
  class space    used 7939K, committed 8128K, reserved 1048576K
}
Event: 354.182 {metaspace Before GC invocations=66 (full 0):
 Metaspace       used 69027K, committed 69440K, reserved 1114112K
  class space    used 7939K, committed 8128K, reserved 1048576K
}
Event: 354.183 {metaspace After GC invocations=67 (full 0):
 Metaspace       used 69027K, committed 69440K, reserved 1114112K
  class space    used 7939K, committed 8128K, reserved 1048576K
}
Event: 354.287 {metaspace Before GC invocations=67 (full 0):
 Metaspace       used 69035K, committed 69504K, reserved 1114112K
  class space    used 7939K, committed 8128K, reserved 1048576K
}
Event: 354.288 {metaspace After GC invocations=68 (full 0):
 Metaspace       used 69035K, committed 69504K, reserved 1114112K
  class space    used 7939K, committed 8128K, reserved 1048576K
}
Event: 354.346 {metaspace Before GC invocations=68 (full 0):
 Metaspace       used 69035K, committed 69504K, reserved 1114112K
  class space    used 7939K, committed 8128K, reserved 1048576K
}
Event: 354.348 {metaspace After GC invocations=69 (full 0):
 Metaspace       used 69035K, committed 69504K, reserved 1114112K
  class space    used 7939K, committed 8128K, reserved 1048576K
}
Event: 354.425 {metaspace Before GC invocations=70 (full 0):
 Metaspace       used 69035K, committed 69504K, reserved 1114112K
  class space    used 7939K, committed 8128K, reserved 1048576K
}
Event: 354.426 {metaspace After GC invocations=71 (full 0):
 Metaspace       used 69035K, committed 69504K, reserved 1114112K
  class space    used 7939K, committed 8128K, reserved 1048576K
}
Event: 354.487 {metaspace Before GC invocations=71 (full 0):
 Metaspace       used 69035K, committed 69504K, reserved 1114112K
  class space    used 7939K, committed 8128K, reserved 1048576K
}
Event: 354.488 {metaspace After GC invocations=72 (full 0):
 Metaspace       used 69035K, committed 69504K, reserved 1114112K
  class space    used 7939K, committed 8128K, reserved 1048576K
}
Event: 354.532 {metaspace Before GC invocations=72 (full 0):
 Metaspace       used 69035K, committed 69504K, reserved 1114112K
  class space    used 7939K, committed 8128K, reserved 1048576K
}
Event: 354.534 {metaspace After GC invocations=73 (full 0):
 Metaspace       used 69035K, committed 69504K, reserved 1114112K
  class space    used 7939K, committed 8128K, reserved 1048576K
}
Event: 354.599 {metaspace Before GC invocations=74 (full 0):
 Metaspace       used 69035K, committed 69504K, reserved 1114112K
  class space    used 7939K, committed 8128K, reserved 1048576K
}
Event: 354.600 {metaspace After GC invocations=75 (full 0):
 Metaspace       used 69035K, committed 69504K, reserved 1114112K
  class space    used 7939K, committed 8128K, reserved 1048576K
}
Event: 354.729 {metaspace Before GC invocations=75 (full 0):
 Metaspace       used 69745K, committed 70208K, reserved 1114112K
  class space    used 8055K, committed 8256K, reserved 1048576K
}
Event: 354.731 {metaspace After GC invocations=76 (full 0):
 Metaspace       used 69745K, committed 70208K, reserved 1114112K
  class space    used 8055K, committed 8256K, reserved 1048576K
}
Event: 355.270 {metaspace Before GC invocations=76 (full 0):
 Metaspace       used 71009K, committed 71424K, reserved 1114112K
  class space    used 8186K, committed 8384K, reserved 1048576K
}
Event: 355.272 {metaspace After GC invocations=77 (full 0):
 Metaspace       used 71009K, committed 71424K, reserved 1114112K
  class space    used 8186K, committed 8384K, reserved 1048576K
}

Dll operation events (20 events):
Event: 352.392 Loaded shared library C:\Users\÷Á\.javacpp\cache\javacpp-1.5.10-windows-x86_64.jar\org\bytedeco\javacpp\windows-x86_64\api-ms-win-core-util-l1-1-0.dll
Event: 352.405 Loaded shared library C:\Users\÷Á\.javacpp\cache\javacpp-1.5.10-windows-x86_64.jar\org\bytedeco\javacpp\windows-x86_64\api-ms-win-core-interlocked-l1-1-0.dll
Event: 352.426 Loaded shared library C:\Users\÷Á\.javacpp\cache\javacpp-1.5.10-windows-x86_64.jar\org\bytedeco\javacpp\windows-x86_64\ucrtbase.dll
Event: 352.441 Loaded shared library C:\Users\÷Á\.javacpp\cache\javacpp-1.5.10-windows-x86_64.jar\org\bytedeco\javacpp\windows-x86_64\vcruntime140.dll
Event: 352.453 Loaded shared library C:\Users\÷Á\.javacpp\cache\javacpp-1.5.10-windows-x86_64.jar\org\bytedeco\javacpp\windows-x86_64\vcruntime140_1.dll
Event: 352.465 Loaded shared library C:\Users\÷Á\.javacpp\cache\javacpp-1.5.10-windows-x86_64.jar\org\bytedeco\javacpp\windows-x86_64\msvcp140.dll
Event: 352.483 Loaded shared library C:\Users\÷Á\.javacpp\cache\javacpp-1.5.10-windows-x86_64.jar\org\bytedeco\javacpp\windows-x86_64\msvcp140_1.dll
Event: 352.498 Loaded shared library C:\Users\÷Á\.javacpp\cache\javacpp-1.5.10-windows-x86_64.jar\org\bytedeco\javacpp\windows-x86_64\concrt140.dll
Event: 352.511 Loaded shared library C:\Users\÷Á\.javacpp\cache\javacpp-1.5.10-windows-x86_64.jar\org\bytedeco\javacpp\windows-x86_64\vcomp140.dll
Event: 352.524 Loaded shared library C:\Users\÷Á\.javacpp\cache\javacpp-1.5.10-windows-x86_64.jar\org\bytedeco\javacpp\windows-x86_64\jnijavacpp.dll
Event: 352.613 Loaded shared library C:\Users\÷Á\.javacpp\cache\openblas-0.3.26-1.5.10-windows-x86_64.jar\org\bytedeco\openblas\windows-x86_64\libopenblas_nolapack.dll
Event: 352.649 Loaded shared library C:\Users\÷Á\.javacpp\cache\openblas-0.3.26-1.5.10-windows-x86_64.jar\org\bytedeco\openblas\windows-x86_64\jniopenblas_nolapack.dll
Event: 352.780 Loaded shared library C:\Users\÷Á\.javacpp\cache\openblas-0.3.26-1.5.10-windows-x86_64.jar\org\bytedeco\openblas\windows-x86_64\libopenblas.dll
Event: 352.864 Loaded shared library C:\Users\÷Á\.javacpp\cache\openblas-0.3.26-1.5.10-windows-x86_64.jar\org\bytedeco\openblas\windows-x86_64\jniopenblas.dll
Event: 354.480 Loaded shared library C:\Users\÷Á\.javacpp\cache\opencv-4.9.0-1.5.10-windows-x86_64.jar\org\bytedeco\opencv\windows-x86_64\opencv_core490.dll
Event: 354.560 Loaded shared library C:\Users\÷Á\.javacpp\cache\opencv-4.9.0-1.5.10-windows-x86_64.jar\org\bytedeco\opencv\windows-x86_64\opencv_imgproc490.dll
Event: 354.647 Loaded shared library C:\Users\÷Á\.javacpp\cache\opencv-4.9.0-1.5.10-windows-x86_64.jar\org\bytedeco\opencv\windows-x86_64\jniopencv_core.dll
Event: 355.041 Loaded shared library C:\Users\÷Á\.javacpp\cache\opencv-4.9.0-1.5.10-windows-x86_64.jar\org\bytedeco\opencv\windows-x86_64\jniopencv_imgproc.dll
Event: 355.114 Loaded shared library C:\Users\÷Á\.javacpp\cache\opencv-4.9.0-1.5.10-windows-x86_64.jar\org\bytedeco\opencv\windows-x86_64\opencv_imgcodecs490.dll
Event: 355.128 Loaded shared library C:\Users\÷Á\.javacpp\cache\opencv-4.9.0-1.5.10-windows-x86_64.jar\org\bytedeco\opencv\windows-x86_64\jniopencv_imgcodecs.dll

Deoptimization events (20 events):
Event: 354.669 Thread 0x000001e2df8b1d90 Uncommon trap: trap_request=0xffffffbe fr.pc=0x000001e2c98f4a84 relative=0x0000000000000884
Event: 354.669 Thread 0x000001e2df8b1d90 Uncommon trap: reason=profile_predicate action=maybe_recompile pc=0x000001e2c98f4a84 method=sun.net.www.ParseUtil.firstEncodeIndex(Ljava/lang/String;)I @ 9 c2
Event: 354.669 Thread 0x000001e2df8b1d90 DEOPT PACKING pc=0x000001e2c98f4a84 sp=0x0000007a458fa4e0
Event: 354.669 Thread 0x000001e2df8b1d90 DEOPT UNPACKING pc=0x000001e2c92b0c82 sp=0x0000007a458fa390 mode 2
Event: 354.669 Thread 0x000001e2df8b1d90 Uncommon trap: trap_request=0xffffffbe fr.pc=0x000001e2c98f4a84 relative=0x0000000000000884
Event: 354.669 Thread 0x000001e2df8b1d90 Uncommon trap: reason=profile_predicate action=maybe_recompile pc=0x000001e2c98f4a84 method=sun.net.www.ParseUtil.firstEncodeIndex(Ljava/lang/String;)I @ 9 c2
Event: 354.669 Thread 0x000001e2df8b1d90 DEOPT PACKING pc=0x000001e2c98f4a84 sp=0x0000007a458fa4e0
Event: 354.669 Thread 0x000001e2df8b1d90 DEOPT UNPACKING pc=0x000001e2c92b0c82 sp=0x0000007a458fa390 mode 2
Event: 354.669 Thread 0x000001e2df8b1d90 Uncommon trap: trap_request=0xffffffbe fr.pc=0x000001e2c98f4a84 relative=0x0000000000000884
Event: 354.669 Thread 0x000001e2df8b1d90 Uncommon trap: reason=profile_predicate action=maybe_recompile pc=0x000001e2c98f4a84 method=sun.net.www.ParseUtil.firstEncodeIndex(Ljava/lang/String;)I @ 9 c2
Event: 354.670 Thread 0x000001e2df8b1d90 DEOPT PACKING pc=0x000001e2c98f4a84 sp=0x0000007a458fa4e0
Event: 354.670 Thread 0x000001e2df8b1d90 DEOPT UNPACKING pc=0x000001e2c92b0c82 sp=0x0000007a458fa390 mode 2
Event: 354.670 Thread 0x000001e2df8b1d90 Uncommon trap: trap_request=0xffffffbe fr.pc=0x000001e2c98f4a84 relative=0x0000000000000884
Event: 354.670 Thread 0x000001e2df8b1d90 Uncommon trap: reason=profile_predicate action=maybe_recompile pc=0x000001e2c98f4a84 method=sun.net.www.ParseUtil.firstEncodeIndex(Ljava/lang/String;)I @ 9 c2
Event: 354.670 Thread 0x000001e2df8b1d90 DEOPT PACKING pc=0x000001e2c98f4a84 sp=0x0000007a458fa4e0
Event: 354.670 Thread 0x000001e2df8b1d90 DEOPT UNPACKING pc=0x000001e2c92b0c82 sp=0x0000007a458fa390 mode 2
Event: 354.671 Thread 0x000001e2df8b1d90 Uncommon trap: trap_request=0xffffffbe fr.pc=0x000001e2c98d1ea0 relative=0x0000000000000420
Event: 354.671 Thread 0x000001e2df8b1d90 Uncommon trap: reason=profile_predicate action=maybe_recompile pc=0x000001e2c98d1ea0 method=sun.net.www.ParseUtil.firstEncodeIndex(Ljava/lang/String;)I @ 9 c2
Event: 354.671 Thread 0x000001e2df8b1d90 DEOPT PACKING pc=0x000001e2c98d1ea0 sp=0x0000007a458fa460
Event: 354.671 Thread 0x000001e2df8b1d90 DEOPT UNPACKING pc=0x000001e2c92b0c82 sp=0x0000007a458fa388 mode 2

Classes loaded (20 events):
Event: 351.921 Loading class com/sun/imageio/plugins/jpeg/AdobeMarkerSegment
Event: 351.921 Loading class com/sun/imageio/plugins/jpeg/AdobeMarkerSegment done
Event: 351.921 Loading class com/sun/imageio/plugins/jpeg/DRIMarkerSegment
Event: 351.921 Loading class com/sun/imageio/plugins/jpeg/DRIMarkerSegment done
Event: 351.955 Loading class java/lang/UnsatisfiedLinkError
Event: 351.955 Loading class java/lang/UnsatisfiedLinkError done
Event: 351.965 Loading class java/nio/file/FileAlreadyExistsException
Event: 351.965 Loading class java/nio/file/FileAlreadyExistsException done
Event: 351.965 Loading class java/nio/file/FileVisitor
Event: 351.965 Loading class java/nio/file/FileVisitor done
Event: 351.967 Loading class java/lang/SecurityManager$StackWalkerHolder
Event: 351.967 Loading class java/lang/SecurityManager$StackWalkerHolder done
Event: 351.968 Loading class java/lang/StackStreamFactory$ClassFrameBuffer
Event: 351.968 Loading class java/lang/StackStreamFactory$ClassFrameBuffer done
Event: 355.335 Loading class java/nio/HeapFloatBuffer
Event: 355.335 Loading class java/nio/HeapFloatBuffer done
Event: 355.342 Loading class java/nio/DirectFloatBufferU
Event: 355.342 Loading class java/nio/DirectFloatBufferU done
Event: 355.914 Loading class java/util/logging/LogRecord
Event: 355.915 Loading class java/util/logging/LogRecord done

Classes unloaded (0 events):
No events

Classes redefined (0 events):
No events

Internal exceptions (20 events):
Event: 282.741 Thread 0x000001e2dca68d00 Exception <a 'java/io/FileNotFoundException'{0x00000000849f8e40}> (0x00000000849f8e40) 
thrown [s\open\src\hotspot\share\prims\jni.cpp, line 516]
Event: 282.741 Thread 0x000001e2dca68d00 Exception <a 'java/io/FileNotFoundException'{0x00000000849f9460}> (0x00000000849f9460) 
thrown [s\open\src\hotspot\share\prims\jni.cpp, line 516]
Event: 292.743 Thread 0x000001e2dca68d00 Exception <a 'java/io/FileNotFoundException'{0x00000000849f9cd0}> (0x00000000849f9cd0) 
thrown [s\open\src\hotspot\share\prims\jni.cpp, line 516]
Event: 292.743 Thread 0x000001e2dca68d00 Exception <a 'java/io/FileNotFoundException'{0x00000000849fa2f0}> (0x00000000849fa2f0) 
thrown [s\open\src\hotspot\share\prims\jni.cpp, line 516]
Event: 302.743 Thread 0x000001e2dca68d00 Exception <a 'java/io/FileNotFoundException'{0x00000000849fab60}> (0x00000000849fab60) 
thrown [s\open\src\hotspot\share\prims\jni.cpp, line 516]
Event: 302.743 Thread 0x000001e2dca68d00 Exception <a 'java/io/FileNotFoundException'{0x00000000849fb180}> (0x00000000849fb180) 
thrown [s\open\src\hotspot\share\prims\jni.cpp, line 516]
Event: 312.745 Thread 0x000001e2dca68d00 Exception <a 'java/io/FileNotFoundException'{0x00000000849fb9f0}> (0x00000000849fb9f0) 
thrown [s\open\src\hotspot\share\prims\jni.cpp, line 516]
Event: 312.745 Thread 0x000001e2dca68d00 Exception <a 'java/io/FileNotFoundException'{0x00000000849fc010}> (0x00000000849fc010) 
thrown [s\open\src\hotspot\share\prims\jni.cpp, line 516]
Event: 322.747 Thread 0x000001e2dca68d00 Exception <a 'java/io/FileNotFoundException'{0x00000000849fc880}> (0x00000000849fc880) 
thrown [s\open\src\hotspot\share\prims\jni.cpp, line 516]
Event: 322.747 Thread 0x000001e2dca68d00 Exception <a 'java/io/FileNotFoundException'{0x00000000849fcea0}> (0x00000000849fcea0) 
thrown [s\open\src\hotspot\share\prims\jni.cpp, line 516]
Event: 332.747 Thread 0x000001e2dca68d00 Exception <a 'java/io/FileNotFoundException'{0x00000000849fd710}> (0x00000000849fd710) 
thrown [s\open\src\hotspot\share\prims\jni.cpp, line 516]
Event: 332.747 Thread 0x000001e2dca68d00 Exception <a 'java/io/FileNotFoundException'{0x00000000839c67c8}> (0x00000000839c67c8) 
thrown [s\open\src\hotspot\share\prims\jni.cpp, line 516]
Event: 342.748 Thread 0x000001e2dca68d00 Exception <a 'java/io/FileNotFoundException'{0x00000000839c7038}> (0x00000000839c7038) 
thrown [s\open\src\hotspot\share\prims\jni.cpp, line 516]
Event: 342.748 Thread 0x000001e2dca68d00 Exception <a 'java/io/FileNotFoundException'{0x00000000839c7658}> (0x00000000839c7658) 
thrown [s\open\src\hotspot\share\prims\jni.cpp, line 516]
Event: 351.784 Thread 0x000001e2df8b1d90 Exception <a 'java/lang/ClassNotFoundException'{0x000000008522d860}: sun/awt/resources/spi/awtProvider> (0x000000008522d860) 
thrown [s\open\src\hotspot\share\classfile\systemDictionary.cpp, line 328]
Event: 351.791 Thread 0x000001e2df8b1d90 Exception <a 'java/io/FileNotFoundException'{0x0000000085239f90}> (0x0000000085239f90) 
thrown [s\open\src\hotspot\share\prims\jni.cpp, line 516]
Event: 351.792 Thread 0x000001e2df8b1d90 Exception <a 'java/io/FileNotFoundException'{0x000000008523aed0}> (0x000000008523aed0) 
thrown [s\open\src\hotspot\share\prims\jni.cpp, line 516]
Event: 351.979 Thread 0x000001e2df8b1d90 Exception <a 'java/lang/ClassNotFoundException'{0x00000000845d8be0}: org/springframework/boot/loader/net/protocol/jar/Handler> (0x00000000845d8be0) 
thrown [s\open\src\hotspot\share\classfile\systemDictionary.cpp, line 328]
Event: 352.759 Thread 0x000001e2dca68d00 Exception <a 'java/io/FileNotFoundException'{0x0000000082f002d0}> (0x0000000082f002d0) 
thrown [s\open\src\hotspot\share\prims\jni.cpp, line 516]
Event: 352.760 Thread 0x000001e2dca68d00 Exception <a 'java/io/FileNotFoundException'{0x0000000082f008f0}> (0x0000000082f008f0) 
thrown [s\open\src\hotspot\share\prims\jni.cpp, line 516]

VM Operations (20 events):
Event: 354.425 Executing safepoint VM operation: G1CollectForAllocation (G1 Evacuation Pause)
Event: 354.426 Executing safepoint VM operation: G1CollectForAllocation (G1 Evacuation Pause) done
Event: 354.487 Executing safepoint VM operation: G1CollectForAllocation (G1 Evacuation Pause)
Event: 354.488 Executing safepoint VM operation: G1CollectForAllocation (G1 Evacuation Pause) done
Event: 354.532 Executing safepoint VM operation: G1CollectForAllocation (G1 Evacuation Pause)
Event: 354.534 Executing safepoint VM operation: G1CollectForAllocation (G1 Evacuation Pause) done
Event: 354.550 Executing safepoint VM operation: G1PauseRemark
Event: 354.551 Executing safepoint VM operation: G1PauseRemark done
Event: 354.557 Executing safepoint VM operation: G1PauseCleanup
Event: 354.557 Executing safepoint VM operation: G1PauseCleanup done
Event: 354.599 Executing safepoint VM operation: G1CollectForAllocation (G1 Evacuation Pause)
Event: 354.600 Executing safepoint VM operation: G1CollectForAllocation (G1 Evacuation Pause) done
Event: 354.729 Executing safepoint VM operation: G1CollectForAllocation (G1 Evacuation Pause)
Event: 354.731 Executing safepoint VM operation: G1CollectForAllocation (G1 Evacuation Pause) done
Event: 355.270 Executing safepoint VM operation: G1TryInitiateConcMark (G1 Humongous Allocation)
Event: 355.272 Executing safepoint VM operation: G1TryInitiateConcMark (G1 Humongous Allocation) done
Event: 355.290 Executing safepoint VM operation: G1PauseRemark
Event: 355.291 Executing safepoint VM operation: G1PauseRemark done
Event: 355.299 Executing safepoint VM operation: G1PauseCleanup
Event: 355.299 Executing safepoint VM operation: G1PauseCleanup done

Memory protections (0 events):
No events

Nmethod flushes (20 events):
Event: 355.291 Thread 0x000001e2d69ffdb0 flushing  nmethod 0x000001e2c2431c08
Event: 355.291 Thread 0x000001e2d69ffdb0 flushing  nmethod 0x000001e2c2603a88
Event: 355.291 Thread 0x000001e2d69ffdb0 flushing  nmethod 0x000001e2c260eb88
Event: 355.291 Thread 0x000001e2d69ffdb0 flushing  nmethod 0x000001e2c2767888
Event: 355.291 Thread 0x000001e2d69ffdb0 flushing  nmethod 0x000001e2c276e808
Event: 355.291 Thread 0x000001e2d69ffdb0 flushing  nmethod 0x000001e2c9aef888
Event: 355.291 Thread 0x000001e2d69ffdb0 flushing  nmethod 0x000001e2c9c22708
Event: 355.291 Thread 0x000001e2d69ffdb0 flushing  nmethod 0x000001e2c9c22a08
Event: 355.291 Thread 0x000001e2d69ffdb0 flushing  nmethod 0x000001e2c9c22d08
Event: 355.291 Thread 0x000001e2d69ffdb0 flushing  nmethod 0x000001e2c9c29808
Event: 355.291 Thread 0x000001e2d69ffdb0 flushing  nmethod 0x000001e2c203ec08
Event: 355.291 Thread 0x000001e2d69ffdb0 flushing  nmethod 0x000001e2c2061708
Event: 355.291 Thread 0x000001e2d69ffdb0 flushing  nmethod 0x000001e2c2738588
Event: 355.291 Thread 0x000001e2d69ffdb0 flushing  nmethod 0x000001e2c9c02608
Event: 355.291 Thread 0x000001e2d69ffdb0 flushing  nmethod 0x000001e2c9c03d08
Event: 355.291 Thread 0x000001e2d69ffdb0 flushing  nmethod 0x000001e2c1d44508
Event: 355.291 Thread 0x000001e2d69ffdb0 flushing  nmethod 0x000001e2c1ec4988
Event: 355.291 Thread 0x000001e2d69ffdb0 flushing  nmethod 0x000001e2c1f46788
Event: 355.291 Thread 0x000001e2d69ffdb0 flushing  nmethod 0x000001e2c2878a88
Event: 355.291 Thread 0x000001e2d69ffdb0 flushing  nmethod 0x000001e2c28a8488

Events (20 events):
Event: 354.649 Thread 0x000001e2d6a28480 Thread added: 0x000001e2dc18f3f0
Event: 354.660 Thread 0x000001e2d6a28480 Thread added: 0x000001e2dc18e3d0
Event: 354.662 Thread 0x000001e2d6a28480 Thread added: 0x000001e2dc18d3b0
Event: 354.662 Thread 0x000001e2dc18e3d0 Thread added: 0x000001e2dc18fc00
Event: 354.735 Thread 0x000001e2db18aea0 Thread exited: 0x000001e2db18aea0
Event: 354.736 Thread 0x000001e2db189f00 Thread exited: 0x000001e2db189f00
Event: 354.775 Thread 0x000001e2dfcfb330 Thread added: 0x000001e2dc191430
Event: 354.776 Thread 0x000001e2dc18e3d0 Thread added: 0x000001e2dc192c60
Event: 355.157 Thread 0x000001e2dc192c60 Thread exited: 0x000001e2dc192c60
Event: 355.213 Thread 0x000001e2dc191430 Thread exited: 0x000001e2dc191430
Event: 355.213 Thread 0x000001e2dc18fc00 Thread exited: 0x000001e2dc18fc00
Event: 355.296 Thread 0x000001e2db18ed20 Thread exited: 0x000001e2db18ed20
Event: 355.296 Thread 0x000001e2db18cde0 Thread exited: 0x000001e2db18cde0
Event: 355.469 Thread 0x000001e2dc18d3b0 Thread exited: 0x000001e2dc18d3b0
Event: 355.515 Thread 0x000001e2dc18e3d0 Thread exited: 0x000001e2dc18e3d0
Event: 355.520 Thread 0x000001e2dca665f0 Thread added: 0x000001e2d6a31740
Event: 355.521 Thread 0x000001e2dca665f0 Thread added: 0x000001e2d6a33e50
Event: 355.786 Thread 0x000001e2df409a00 Thread added: 0x000001e2db1923d0
Event: 355.786 Thread 0x000001e2df409a00 Thread added: 0x000001e2db192ba0
Event: 355.915 Thread 0x000001e2dc18cba0 Thread added: 0x000001e2e23768f0


Dynamic libraries:
0x00007ff63dcd0000 - 0x00007ff63dce0000 	D:\develop\JDK\bin\java.exe
0x00007fffcd380000 - 0x00007fffcd5e6000 	C:\WINDOWS\SYSTEM32\ntdll.dll
0x00007fffccba0000 - 0x00007fffccc69000 	C:\WINDOWS\System32\KERNEL32.DLL
0x00007fffcaca0000 - 0x00007fffcb09e000 	C:\WINDOWS\System32\KERNELBASE.dll
0x00007fffcab10000 - 0x00007fffcac5c000 	C:\WINDOWS\System32\ucrtbase.dll
0x00007fffbbae0000 - 0x00007fffbbaf7000 	D:\develop\JDK\bin\jli.dll
0x00007fffc3a90000 - 0x00007fffc3aae000 	D:\develop\JDK\bin\VCRUNTIME140.dll
0x00007fffccdc0000 - 0x00007fffccf87000 	C:\WINDOWS\System32\USER32.dll
0x00007fffcac70000 - 0x00007fffcac97000 	C:\WINDOWS\System32\win32u.dll
0x00007fffccc70000 - 0x00007fffccc9b000 	C:\WINDOWS\System32\GDI32.dll
0x00007fffca5a0000 - 0x00007fffca6ca000 	C:\WINDOWS\System32\gdi32full.dll
0x00007fffb8850000 - 0x00007fffb8ae2000 	C:\WINDOWS\WinSxS\amd64_microsoft.windows.common-controls_6595b64144ccf1df_6.0.26100.8875_none_3e0d5d42e32fe9dd\COMCTL32.dll
0x00007fffca9d0000 - 0x00007fffcaa73000 	C:\WINDOWS\System32\msvcp_win.dll
0x00007fffccf90000 - 0x00007fffcd039000 	C:\WINDOWS\System32\msvcrt.dll
0x00007fffccca0000 - 0x00007fffcccd2000 	C:\WINDOWS\System32\IMM32.DLL
0x00007fffbb820000 - 0x00007fffbb82c000 	D:\develop\JDK\bin\vcruntime140_1.dll
0x00007fffb0320000 - 0x00007fffb03ad000 	D:\develop\JDK\bin\msvcp140.dll
0x00007fff39700000 - 0x00007fff3a560000 	D:\develop\JDK\bin\server\jvm.dll
0x00007fffccce0000 - 0x00007fffccd97000 	C:\WINDOWS\System32\ADVAPI32.dll
0x00007fffcbf40000 - 0x00007fffcbfea000 	C:\WINDOWS\System32\sechost.dll
0x00007fffcbc20000 - 0x00007fffcbd38000 	C:\WINDOWS\System32\RPCRT4.dll
0x00007fffcc1b0000 - 0x00007fffcc230000 	C:\WINDOWS\System32\WS2_32.dll
0x00007fffca400000 - 0x00007fffca45e000 	C:\WINDOWS\SYSTEM32\POWRPROF.dll
0x00007fffc0110000 - 0x00007fffc0146000 	C:\WINDOWS\SYSTEM32\WINMM.dll
0x00007fffc0150000 - 0x00007fffc015b000 	C:\WINDOWS\SYSTEM32\VERSION.dll
0x00007fffca3e0000 - 0x00007fffca3f4000 	C:\WINDOWS\SYSTEM32\UMPDC.dll
0x00007fffc9280000 - 0x00007fffc929b000 	C:\WINDOWS\SYSTEM32\kernel.appcore.dll
0x00007fffbb810000 - 0x00007fffbb81a000 	D:\develop\JDK\bin\jimage.dll
0x00007fffc7820000 - 0x00007fffc7a62000 	C:\WINDOWS\SYSTEM32\DBGHELP.DLL
0x00007fffcb820000 - 0x00007fffcbba3000 	C:\WINDOWS\System32\combase.dll
0x00007fffcb740000 - 0x00007fffcb819000 	C:\WINDOWS\System32\OLEAUT32.dll
0x00007fffb36e0000 - 0x00007fffb371b000 	C:\WINDOWS\SYSTEM32\dbgcore.DLL
0x00007fffca910000 - 0x00007fffca9bc000 	C:\WINDOWS\System32\bcryptPrimitives.dll
0x00007fffbb170000 - 0x00007fffbb18f000 	D:\develop\JDK\bin\java.dll
0x00007fffcbd90000 - 0x00007fffcbf29000 	C:\WINDOWS\System32\ole32.dll
0x00007fffcc270000 - 0x00007fffcca02000 	C:\WINDOWS\System32\SHELL32.dll
0x00007fffc8020000 - 0x00007fffc88b2000 	C:\WINDOWS\SYSTEM32\windows.storage.dll
0x00007fffcbff0000 - 0x00007fffcc0e7000 	C:\WINDOWS\System32\SHCORE.dll
0x00007fffcbbb0000 - 0x00007fffcbc17000 	C:\WINDOWS\System32\shlwapi.dll
0x00007fffca4c0000 - 0x00007fffca4e9000 	C:\WINDOWS\SYSTEM32\profapi.dll
0x00007fffbb150000 - 0x00007fffbb162000 	D:\develop\JDK\bin\net.dll
0x00007fffc9830000 - 0x00007fffc989c000 	C:\WINDOWS\system32\mswsock.dll
0x00007fffbaa20000 - 0x00007fffbaa36000 	D:\develop\JDK\bin\nio.dll
0x00007fffb8cf0000 - 0x00007fffb8d07000 	D:\develop\JDK\bin\zip.dll
0x00007fffc8cb0000 - 0x00007fffc8ce3000 	C:\WINDOWS\SYSTEM32\IPHLPAPI.DLL
0x00007fffcbf30000 - 0x00007fffcbf3a000 	C:\WINDOWS\System32\NSI.dll
0x00007fffc66b0000 - 0x00007fffc66be000 	C:\WINDOWS\SYSTEM32\WINNSI.DLL
0x00007fffa71c0000 - 0x00007fffa71d8000 	C:\WINDOWS\system32\napinsp.dll
0x00007fffc8cf0000 - 0x00007fffc8e46000 	C:\WINDOWS\SYSTEM32\DNSAPI.dll
0x00007fffc9610000 - 0x00007fffc961d000 	C:\WINDOWS\SYSTEM32\DSPARSE.dll
0x00007fffa69b0000 - 0x00007fffa69c3000 	C:\WINDOWS\System32\winrnr.dll
0x00007fffa6620000 - 0x00007fffa6642000 	C:\WINDOWS\system32\nlansp_c.dll
0x00007fffc2560000 - 0x00007fffc2576000 	C:\WINDOWS\system32\wshbth.dll
0x00007fffc2c70000 - 0x00007fffc2c7b000 	C:\Windows\System32\rasadhlp.dll
0x00007fffc0a30000 - 0x00007fffc0ab6000 	C:\WINDOWS\System32\fwpuclnt.dll
0x00007fffc9b30000 - 0x00007fffc9b4b000 	C:\WINDOWS\SYSTEM32\CRYPTSP.dll
0x00007fffc91c0000 - 0x00007fffc91f9000 	C:\WINDOWS\system32\rsaenh.dll
0x00007fffc98f0000 - 0x00007fffc9922000 	C:\WINDOWS\SYSTEM32\USERENV.dll
0x00007fffca490000 - 0x00007fffca4ba000 	C:\WINDOWS\SYSTEM32\bcrypt.dll
0x00007fffc9b50000 - 0x00007fffc9b5c000 	C:\WINDOWS\SYSTEM32\CRYPTBASE.dll
0x00007fffb8b30000 - 0x00007fffb8b3e000 	D:\develop\JDK\bin\sunmscapi.dll
0x00007fffca790000 - 0x00007fffca908000 	C:\WINDOWS\System32\CRYPT32.dll
0x00007fffc9d70000 - 0x00007fffc9da0000 	C:\WINDOWS\SYSTEM32\ncrypt.dll
0x00007fffc9d20000 - 0x00007fffc9d5f000 	C:\WINDOWS\SYSTEM32\NTASN1.dll
0x00007fffac520000 - 0x00007fffac528000 	C:\WINDOWS\system32\wshunix.dll
0x00007fffb6ae0000 - 0x00007fffb6ae9000 	D:\develop\JDK\bin\extnet.dll
0x00007ffe6f090000 - 0x00007ffe6fecd000 	C:\Users\÷Á\AppData\Local\Temp\onnxruntime-java2737811715997168871\onnxruntime.dll
0x00007fffcb2b0000 - 0x00007fffcb737000 	C:\WINDOWS\System32\SETUPAPI.dll
0x00007fffb3e20000 - 0x00007fffb3e29000 	C:\WINDOWS\SYSTEM32\MSVCP140_1.dll
0x00007fffc7e90000 - 0x00007fffc7fce000 	C:\WINDOWS\SYSTEM32\dxgi.dll
0x00007fffb27c0000 - 0x00007fffb27d8000 	C:\Users\÷Á\AppData\Local\Temp\onnxruntime-java2737811715997168871\onnxruntime4j_jni.dll
0x00007fffca0c0000 - 0x00007fffca0ef000 	C:\WINDOWS\SYSTEM32\DEVOBJ.dll
0x00007fffca100000 - 0x00007fffca151000 	C:\WINDOWS\SYSTEM32\cfgmgr32.dll
0x00007fffcaa80000 - 0x00007fffcab03000 	C:\WINDOWS\System32\WINTRUST.dll
0x00007fffc9c80000 - 0x00007fffc9c93000 	C:\WINDOWS\SYSTEM32\MSASN1.dll
0x00007fffc6d80000 - 0x00007fffc6dc6000 	C:\WINDOWS\SYSTEM32\dxcore.dll
0x00007fffc2140000 - 0x00007fffc219f000 	C:\WINDOWS\SYSTEM32\directxdatabasehelper.dll
0x00007fffb8ce0000 - 0x00007fffb8cea000 	D:\develop\JDK\bin\management.dll
0x00007fffb8b40000 - 0x00007fffb8b4c000 	D:\develop\JDK\bin\management_ext.dll
0x00007fffcb0b0000 - 0x00007fffcb0b8000 	C:\WINDOWS\System32\PSAPI.DLL
0x00007fff8ad60000 - 0x00007fff8aee4000 	D:\develop\JDK\bin\awt.dll
0x00007fffc6480000 - 0x00007fffc6520000 	C:\WINDOWS\SYSTEM32\apphelp.dll
0x00007fffa8690000 - 0x00007fffa86c0000 	D:\develop\JDK\bin\javajpeg.dll
0x000001e2ddba0000 - 0x000001e2ddba4000 	C:\Users\÷Á\.javacpp\cache\javacpp-1.5.10-windows-x86_64.jar\org\bytedeco\javacpp\windows-x86_64\api-ms-win-crt-locale-l1-1-0.dll
0x000001e2ddbb0000 - 0x000001e2ddbb5000 	C:\Users\÷Á\.javacpp\cache\javacpp-1.5.10-windows-x86_64.jar\org\bytedeco\javacpp\windows-x86_64\api-ms-win-crt-string-l1-1-0.dll
0x000001e2ddbc0000 - 0x000001e2ddbc5000 	C:\Users\÷Á\.javacpp\cache\javacpp-1.5.10-windows-x86_64.jar\org\bytedeco\javacpp\windows-x86_64\api-ms-win-crt-stdio-l1-1-0.dll
0x000001e2ddbd0000 - 0x000001e2ddbd6000 	C:\Users\÷Á\.javacpp\cache\javacpp-1.5.10-windows-x86_64.jar\org\bytedeco\javacpp\windows-x86_64\api-ms-win-crt-math-l1-1-0.dll
0x000001e2ddd10000 - 0x000001e2ddd14000 	C:\Users\÷Á\.javacpp\cache\javacpp-1.5.10-windows-x86_64.jar\org\bytedeco\javacpp\windows-x86_64\api-ms-win-crt-heap-l1-1-0.dll
0x000001e2ddbe0000 - 0x000001e2ddbe5000 	C:\Users\÷Á\.javacpp\cache\javacpp-1.5.10-windows-x86_64.jar\org\bytedeco\javacpp\windows-x86_64\api-ms-win-crt-runtime-l1-1-0.dll
0x000001e2ddbf0000 - 0x000001e2ddbf5000 	C:\Users\÷Á\.javacpp\cache\javacpp-1.5.10-windows-x86_64.jar\org\bytedeco\javacpp\windows-x86_64\api-ms-win-crt-convert-l1-1-0.dll
0x000001e2ddc00000 - 0x000001e2ddc04000 	C:\Users\÷Á\.javacpp\cache\javacpp-1.5.10-windows-x86_64.jar\org\bytedeco\javacpp\windows-x86_64\api-ms-win-crt-environment-l1-1-0.dll
0x000001e2ddc10000 - 0x000001e2ddc14000 	C:\Users\÷Á\.javacpp\cache\javacpp-1.5.10-windows-x86_64.jar\org\bytedeco\javacpp\windows-x86_64\api-ms-win-crt-time-l1-1-0.dll
0x000001e2ddc20000 - 0x000001e2ddc24000 	C:\Users\÷Á\.javacpp\cache\javacpp-1.5.10-windows-x86_64.jar\org\bytedeco\javacpp\windows-x86_64\api-ms-win-crt-filesystem-l1-1-0.dll
0x000001e2ddc30000 - 0x000001e2ddc34000 	C:\Users\÷Á\.javacpp\cache\javacpp-1.5.10-windows-x86_64.jar\org\bytedeco\javacpp\windows-x86_64\api-ms-win-crt-utility-l1-1-0.dll
0x000001e2ddc40000 - 0x000001e2ddc46000 	C:\Users\÷Á\.javacpp\cache\javacpp-1.5.10-windows-x86_64.jar\org\bytedeco\javacpp\windows-x86_64\api-ms-win-crt-multibyte-l1-1-0.dll
0x000001e2ddc50000 - 0x000001e2ddc54000 	C:\Users\÷Á\.javacpp\cache\javacpp-1.5.10-windows-x86_64.jar\org\bytedeco\javacpp\windows-x86_64\api-ms-win-crt-conio-l1-1-0.dll
0x000001e2ddc60000 - 0x000001e2ddc71000 	C:\Users\÷Á\.javacpp\cache\javacpp-1.5.10-windows-x86_64.jar\org\bytedeco\javacpp\windows-x86_64\api-ms-win-crt-private-l1-1-0.dll
0x000001e2ddc80000 - 0x000001e2ddc84000 	C:\Users\÷Á\.javacpp\cache\javacpp-1.5.10-windows-x86_64.jar\org\bytedeco\javacpp\windows-x86_64\api-ms-win-crt-process-l1-1-0.dll
0x000001e2ddc90000 - 0x000001e2ddc94000 	C:\Users\÷Á\.javacpp\cache\javacpp-1.5.10-windows-x86_64.jar\org\bytedeco\javacpp\windows-x86_64\api-ms-win-core-console-l1-2-0.dll
0x000001e2ddca0000 - 0x000001e2ddca4000 	C:\Users\÷Á\.javacpp\cache\javacpp-1.5.10-windows-x86_64.jar\org\bytedeco\javacpp\windows-x86_64\api-ms-win-core-string-l1-1-0.dll
0x000001e2ddcb0000 - 0x000001e2ddcb4000 	C:\Users\÷Á\.javacpp\cache\javacpp-1.5.10-windows-x86_64.jar\org\bytedeco\javacpp\windows-x86_64\api-ms-win-core-errorhandling-l1-1-0.dll
0x000001e2ddcc0000 - 0x000001e2ddcc4000 	C:\Users\÷Á\.javacpp\cache\javacpp-1.5.10-windows-x86_64.jar\org\bytedeco\javacpp\windows-x86_64\api-ms-win-core-timezone-l1-1-0.dll
0x000001e2ddcd0000 - 0x000001e2ddcd5000 	C:\Users\÷Á\.javacpp\cache\javacpp-1.5.10-windows-x86_64.jar\org\bytedeco\javacpp\windows-x86_64\api-ms-win-core-file-l1-1-0.dll
0x000001e2ddce0000 - 0x000001e2ddce4000 	C:\Users\÷Á\.javacpp\cache\javacpp-1.5.10-windows-x86_64.jar\org\bytedeco\javacpp\windows-x86_64\api-ms-win-core-namedpipe-l1-1-0.dll
0x000001e2ddcf0000 - 0x000001e2ddcf4000 	C:\Users\÷Á\.javacpp\cache\javacpp-1.5.10-windows-x86_64.jar\org\bytedeco\javacpp\windows-x86_64\api-ms-win-core-handle-l1-1-0.dll
0x000001e2ddd00000 - 0x000001e2ddd04000 	C:\Users\÷Á\.javacpp\cache\javacpp-1.5.10-windows-x86_64.jar\org\bytedeco\javacpp\windows-x86_64\api-ms-win-core-file-l2-1-0.dll
0x000001e2ddd20000 - 0x000001e2ddd24000 	C:\Users\÷Á\.javacpp\cache\javacpp-1.5.10-windows-x86_64.jar\org\bytedeco\javacpp\windows-x86_64\api-ms-win-core-heap-l1-1-0.dll
0x000001e2ddd30000 - 0x000001e2ddd34000 	C:\Users\÷Á\.javacpp\cache\javacpp-1.5.10-windows-x86_64.jar\org\bytedeco\javacpp\windows-x86_64\api-ms-win-core-libraryloader-l1-1-0.dll
0x000001e2e1200000 - 0x000001e2e1204000 	C:\Users\÷Á\.javacpp\cache\javacpp-1.5.10-windows-x86_64.jar\org\bytedeco\javacpp\windows-x86_64\api-ms-win-core-synch-l1-1-0.dll
0x000001e2e1210000 - 0x000001e2e1214000 	C:\Users\÷Á\.javacpp\cache\javacpp-1.5.10-windows-x86_64.jar\org\bytedeco\javacpp\windows-x86_64\api-ms-win-core-processthreads-l1-1-0.dll
0x000001e2e1220000 - 0x000001e2e1224000 	C:\Users\÷Á\.javacpp\cache\javacpp-1.5.10-windows-x86_64.jar\org\bytedeco\javacpp\windows-x86_64\api-ms-win-core-processenvironment-l1-1-0.dll
0x000001e2e1230000 - 0x000001e2e1234000 	C:\Users\÷Á\.javacpp\cache\javacpp-1.5.10-windows-x86_64.jar\org\bytedeco\javacpp\windows-x86_64\api-ms-win-core-datetime-l1-1-0.dll
0x000001e2e1450000 - 0x000001e2e1454000 	C:\Users\÷Á\.javacpp\cache\javacpp-1.5.10-windows-x86_64.jar\org\bytedeco\javacpp\windows-x86_64\api-ms-win-core-localization-l1-2-0.dll
0x000001e2e2640000 - 0x000001e2e2644000 	C:\Users\÷Á\.javacpp\cache\javacpp-1.5.10-windows-x86_64.jar\org\bytedeco\javacpp\windows-x86_64\api-ms-win-core-sysinfo-l1-1-0.dll
0x000001e2e2650000 - 0x000001e2e2654000 	C:\Users\÷Á\.javacpp\cache\javacpp-1.5.10-windows-x86_64.jar\org\bytedeco\javacpp\windows-x86_64\api-ms-win-core-synch-l1-2-0.dll
0x000001e2e2660000 - 0x000001e2e2664000 	C:\Users\÷Á\.javacpp\cache\javacpp-1.5.10-windows-x86_64.jar\org\bytedeco\javacpp\windows-x86_64\api-ms-win-core-console-l1-1-0.dll
0x000001e2e2670000 - 0x000001e2e2674000 	C:\Users\÷Á\.javacpp\cache\javacpp-1.5.10-windows-x86_64.jar\org\bytedeco\javacpp\windows-x86_64\api-ms-win-core-debug-l1-1-0.dll
0x000001e2e2680000 - 0x000001e2e2684000 	C:\Users\÷Á\.javacpp\cache\javacpp-1.5.10-windows-x86_64.jar\org\bytedeco\javacpp\windows-x86_64\api-ms-win-core-rtlsupport-l1-1-0.dll
0x000001e2e2690000 - 0x000001e2e2694000 	C:\Users\÷Á\.javacpp\cache\javacpp-1.5.10-windows-x86_64.jar\org\bytedeco\javacpp\windows-x86_64\api-ms-win-core-processthreads-l1-1-1.dll
0x000001e2e26a0000 - 0x000001e2e26a4000 	C:\Users\÷Á\.javacpp\cache\javacpp-1.5.10-windows-x86_64.jar\org\bytedeco\javacpp\windows-x86_64\api-ms-win-core-file-l1-2-0.dll
0x000001e2e26b0000 - 0x000001e2e26b4000 	C:\Users\÷Á\.javacpp\cache\javacpp-1.5.10-windows-x86_64.jar\org\bytedeco\javacpp\windows-x86_64\api-ms-win-core-profile-l1-1-0.dll
0x000001e2e26c0000 - 0x000001e2e26c4000 	C:\Users\÷Á\.javacpp\cache\javacpp-1.5.10-windows-x86_64.jar\org\bytedeco\javacpp\windows-x86_64\api-ms-win-core-memory-l1-1-0.dll
0x000001e2e26d0000 - 0x000001e2e26d4000 	C:\Users\÷Á\.javacpp\cache\javacpp-1.5.10-windows-x86_64.jar\org\bytedeco\javacpp\windows-x86_64\api-ms-win-core-util-l1-1-0.dll
0x000001e2e26e0000 - 0x000001e2e26e4000 	C:\Users\÷Á\.javacpp\cache\javacpp-1.5.10-windows-x86_64.jar\org\bytedeco\javacpp\windows-x86_64\api-ms-win-core-interlocked-l1-1-0.dll
0x00007fff837c0000 - 0x00007fff838d1000 	C:\Users\÷Á\.javacpp\cache\javacpp-1.5.10-windows-x86_64.jar\org\bytedeco\javacpp\windows-x86_64\ucrtbase.dll
0x00007fffa8700000 - 0x00007fffa871b000 	C:\Users\÷Á\.javacpp\cache\javacpp-1.5.10-windows-x86_64.jar\org\bytedeco\javacpp\windows-x86_64\vcruntime140.dll
0x00007fffb4740000 - 0x00007fffb474c000 	C:\Users\÷Á\.javacpp\cache\javacpp-1.5.10-windows-x86_64.jar\org\bytedeco\javacpp\windows-x86_64\vcruntime140_1.dll
0x00007fff98390000 - 0x00007fff9841d000 	C:\Users\÷Á\.javacpp\cache\javacpp-1.5.10-windows-x86_64.jar\org\bytedeco\javacpp\windows-x86_64\msvcp140.dll

JVMTI agents: none

dbghelp: loaded successfully - version: 4.0.5 - missing functions: none
symbol engine: initialized successfully - sym options: 0x614 - pdb path: .;D:\develop\JDK\bin;C:\WINDOWS\SYSTEM32;C:\WINDOWS\WinSxS\amd64_microsoft.windows.common-controls_6595b64144ccf1df_6.0.26100.8875_none_3e0d5d42e32fe9dd;D:\develop\JDK\bin\server;C:\Users\÷Á\AppData\Local\Temp\onnxruntime-java273781171599716887;C:\Users\÷Á\AppData\Local\Temp\onnxruntime-java27378117159971688;C:\Users\÷Á\AppData\Local\Temp\onnxruntime-java2737811715997168;C:\Users\÷Á\AppData\Local\Temp\onnxruntime-java273781171599716;C:\Users\÷Á\AppData\Local\Temp\onnxruntime-java27378117159971;C:\Users\÷Á\AppData\Local\Temp\onnxruntime-java2737811715997;C:\Users\÷Á\AppData\Local\Temp\onnxruntime-java2737811715997168871;C:\Users\÷Á\.javacpp\cache\javacpp-1.5.10-windows-x86_64.jar\org\bytedeco\javacpp\window;C:\Users\÷Á\.javacpp\cache\javacpp-1.5.10-windows-x86_64.jar\org\bytedeco\javacpp\windo;C:\Users\÷Á\.javacpp\cache\javacpp-1.5.10-windows-x86_64.jar\org\bytedeco\javacpp\wind;C:\Users\÷Á\.javacpp\cache\javacpp-1.5.10-windows-x86_64.jar\org\bytedeco\javacpp\win;C:\Users\÷Á\.javacpp\cache\javacpp-1.5.10-windows-x86_64.jar\org\bytedeco\javacpp\wi;C:\Users\÷Á\.javacpp\cache\javacpp-1.5.10-windows-x86_64.jar\org\bytedeco\javacpp\w;C:\Users\÷Á\.javacpp\cache\javacpp-1.5.10-windows-x86_64.jar\org\bytedeco\javacpp\;C:\Users\÷Á\.javacpp\cache\javacpp-1.5.10-windows-x86_64.jar\org\bytedeco\javacpp;C:\Users\÷Á\.javacpp\cache\javacpp-1.5.10-windows-x86_64.jar\org\bytedeco\javacp;C:\Users\÷Á\.javacpp\cache\javacpp-1.5.10-windows-x86_64.jar\org\bytedeco\javac;C:\Users\÷Á\.javacpp\cache\javacpp-1.5.10-windows-x86_64.jar\org\bytedeco\java;C:\Users\÷Á\.javacpp\cache\javacpp-1.5.10-windows-x86_64.jar\org\bytedeco\jav;C:\Users\÷Á\.javacpp\cache\javacpp-1.5.10-windows-x86_64.jar\org\bytedeco\ja;C:\Users\÷Á\.javacpp\cache\javacpp-1.5.10-windows-x86_64.jar\org\bytedeco\j;C:\Users\÷Á\.javacpp\cache\javacpp-1.5.10-windows-x86_64.jar\org\bytedeco\;C:\Users\÷Á\.javacpp\cache\javacpp-1.5.10-windows-x86_64.jar\org\bytedeco;C:\Users\÷Á\.javacpp\cache\javacpp-1.5.10-windows-x86_64.jar\org\bytedec;C:\Users\÷Á\.javacpp\cache\javacpp-1.5.10-windows-x86_64.jar\org\bytede;C:\Users\÷Á\.javacpp\cache\javacpp-1.5.10-windows-x86_64.jar\org\byted;C:\Users\÷Á\.javacpp\cache\javacpp-1.5.10-windows-x86_64.jar\org\byte;C:\Users\÷Á\.javacpp\cache\javacpp-1.5.10-windows-x86_64.jar\org\byt;C:\Users\÷Á\.javacpp\cache\javacpp-1.5.10-windows-x86_64.jar\org\by;C:\Users\÷Á\.javacpp\cache\javacpp-1.5.10-windows-x86_64.jar\org\b;C:\Users\÷Á\.javacpp\cache\javacpp-1.5.10-windows-x86_64.jar\org\;C:\Users\÷Á\.javacpp\cache\javacpp-1.5.10-windows-x86_64.jar\org;C:\Users\÷Á\.javacpp\cache\javacpp-1.5.10-windows-x86_64.jar\or;C:\Users\÷Á\.javacpp\cache\javacpp-1.5.10-windows-x86_64.jar\o;C:\Users\÷Á\.javacpp\cache\javacpp-1.5.10-windows-x86_64.jar\;C:\Users\÷Á\.javacpp\cache\javacpp-1.5.10-windows-x86_64.jar;C:\Users\÷Á\.javacpp\cache\javacpp-1.5.10-windows-x86_64.ja;C:\Users\÷Á\.javacpp\cache\javacpp-1.5.10-windows-x86_64.j;C:\Users\÷Á\.javacpp\cache\javacpp-1.5.10-windows-x86_64.;C:\Users\÷Á\.javacpp\cache\javacpp-1.5.10-windows-x86_64;C:\Users\÷Á\.javacpp\cache\javacpp-1.5.10-windows-x86_6;C:\Users\÷Á\.javacpp\cache\javacpp-1.5.10-windows-x86_;C:\Users\÷Á\.javacpp\cache\javacpp-1.5.10-windows-x86;C:\Users\÷Á\.javacpp\cache\javacpp-1.5.10-windows-x8;C:\Users\÷Á\.javacpp\cache\javacpp-1.5.10-windows-x;C:\Users\÷Á\.javacpp\cache\javacpp-1.5.10-windows-;C:\Users\÷Á\.javacpp\cache\javacpp-1.5.10-windows;C:\Users\÷Á\.javacpp\cache\javacpp-1.5.10-window;C:\Users\÷Á\.javacpp\cache\javacpp-1.5.10-windo;C:\Users\÷Á\.javacpp\cache\javacpp-1.5.10-wind;C:\Users\÷Á\.javacpp\cache\javacpp-1.5.10-win;C:\Users\÷Á\.javacpp\cache\javacpp-1.5.10-wi;C:\Users\÷Á\.javacpp\cache\javacpp-1.5.10-w;C:\Users\÷Á\.javacpp\cache\javacpp-1.5.10-;C:\Users\÷Á\.javacpp\cache\javacpp-1.5.10;C:\Users\÷Á\.javacpp\cache\javacpp-1.5.1;C:\Users\÷Á\.javacpp\cache\javacpp-1.5.10-windows-x86_64.jar\org\bytedeco\javacpp\windows-x86_64;C:\Users\÷Á\.javacpp\cache\openblas-0.3.26-1.5.;C:\Users\÷Á\.javacpp\cache\openblas-0.3.26-1.5;C:\Users\÷Á\.javacpp\cache\openblas-0.3.26-1.;C:\Users\÷Á\.javacpp\cache\openblas-0.3.26-1;C:\Users\÷Á\.javacpp\cache\openblas-0.3.26-1.5.10-windows-x86_64.jar\org\bytedeco\openblas\windows-x86_64;C:\Users\÷Á\.javacpp\cache\opencv-4.9;C:\Users\÷Á\.javacpp\cache\opencv-4.;C:\Users\÷Á\.javacpp\cache\opencv-4;C:\Users\÷Á\.javacpp\cache\opencv-;C:\Users\÷Á\.javacpp\cache\opencv;C:\Users\÷Á\.javacpp\cache\openc

VM Arguments:
jvm_args: -Xmx2g 
java_command: C:/Users/÷Á/IdeaProjects/YOLO-RPC/yolo-server/target/yolo-server-1.0.0.jar --yolo.model-path=C:/Users/÷Á/IdeaProjects/YOLO-RPC/models/best-ship.onnx --dubbo.protocol.port=8001 --yolo.model-type=ship --server.port=0
java_class_path (initial): C:/Users/÷Á/IdeaProjects/YOLO-RPC/yolo-server/target/yolo-server-1.0.0.jar
Launcher Type: SUN_STANDARD

[Global flags]
     intx CICompilerCount                          = 12                                        {product} {ergonomic}
     uint ConcGCThreads                            = 3                                         {product} {ergonomic}
     uint G1ConcRefinementThreads                  = 13                                        {product} {ergonomic}
   size_t G1HeapRegionSize                         = 1048576                                   {product} {ergonomic}
   size_t InitialHeapSize                          = 232783872                                 {product} {ergonomic}
   size_t MarkStackSize                            = 4194304                                   {product} {ergonomic}
   size_t MarkStackSizeMax                         = 536870912                                 {product} {ergonomic}
   size_t MaxHeapSize                              = 2147483648                                {product} {command line}
   size_t MaxNewSize                               = 1287651328                                {product} {ergonomic}
   size_t MinHeapDeltaBytes                        = 1048576                                   {product} {ergonomic}
   size_t MinHeapSize                              = 8388608                                   {product} {ergonomic}
    uintx NonNMethodCodeHeapSize                   = 7602176                                {pd product} {ergonomic}
    uintx NonProfiledCodeHeapSize                  = 122093568                              {pd product} {ergonomic}
    uintx ProfiledCodeHeapSize                     = 121962496                              {pd product} {ergonomic}
    uintx ReservedCodeCacheSize                    = 251658240                              {pd product} {ergonomic}
     bool SegmentedCodeCache                       = true                                      {product} {ergonomic}
   size_t SoftMaxHeapSize                          = 2147483648                             {manageable} {ergonomic}
     bool UseCompressedOops                        = true                           {product lp64_product} {ergonomic}
     bool UseG1GC                                  = true                                      {product} {ergonomic}
     bool UseLargePagesIndividualAllocation        = false                                  {pd product} {ergonomic}

Logging:
Log output configuration:
 #0: stdout all=warning uptime,level,tags foldmultilines=false
 #1: stderr all=off uptime,level,tags foldmultilines=false

Release file:
IMPLEMENTOR="Oracle Corporation" 
JAVA_RUNTIME_VERSION="25.0.3+9-LTS-195" 
JAVA_VERSION="25.0.3" 
JAVA_VERSION_DATE="2026-04-21" 
LIBC="default" 
MODULES="java.base java.compiler java.datatransfer java.xml java.prefs java.desktop java.instrument java.logging java.management java.security.sasl java.naming java.rmi java.management.rmi java.net.http java.scripting java.security.jgss java.transaction.xa java.sql java.sql.rowset java.xml.crypto java.se java.smartcardio jdk.accessibility jdk.internal.jvmstat jdk.attach jdk.charsets jdk.internal.opt jdk.zipfs jdk.compiler jdk.crypto.cryptoki jdk.crypto.ec jdk.crypto.mscapi jdk.dynalink jdk.internal.ed jdk.editpad jdk.internal.vm.ci jdk.graal.compiler jdk.graal.compiler.management jdk.hotspot.agent jdk.httpserver jdk.incubator.vector jdk.internal.le jdk.internal.md jdk.jartool jdk.javadoc jdk.jcmd jdk.management jdk.management.agent jdk.jconsole jdk.jdeps jdk.jdwp.agent jdk.jdi jdk.jfr jdk.jlink jdk.jpackage jdk.jshell jdk.jsobject jdk.jstatd jdk.localedata jdk.management.jfr jdk.naming.dns jdk.naming.rmi jdk.net jdk.nio.mapmode jdk.sctp jdk.security.auth jdk.security.jgss jdk.unsupported jdk.unsupported.desktop jdk.xml.dom" 
OS_ARCH="x86_64" 
OS_NAME="Windows" 
SOURCE=".:git:bf167394bb46 open:git:e57ac4c1e765" 

Environment Variables:
JAVA_HOME=D:\develop\JDK
CLASSPATH=;D:\develop\JDK\lib\dt.jar;D:\develop\JDK\lib\tools.jar;
PATH=C:\Users\÷Á\bin;C:\Program Files\Git\mingw64\bin;C:\Program Files\Git\usr\local\bin;C:\Program Files\Git\usr\bin;C:\Program Files\Git\usr\bin;C:\Program Files\Git\mingw64\bin;C:\Program Files\Git\usr\bin;C:\Users\÷Á\bin;D:\develop\JDK\bin;C:\Program Files (x86)\VMware\VMware Workstation\bin;D:\development\flutter\bin;D:\development\Android\sdk\platform-tools;C:\Program Files\Common Files\Oracle\Java\javapath;C:\Program Files (x86)\Common Files\Intergraph\Grid Analysis SDK\1.0\Program;C:\Program Files\Python310\Scripts;C:\Program Files\Python310;C:\WINDOWS\system32;C:\WINDOWS;C:\WINDOWS\System32\Wbem;C:\WINDOWS\System32\WindowsPowerShell\v1.0;D:\develop\Java\jdk-17.0.1\bin";C:\WINDOWS\System32\OpenSSH;D:\runtime\win64;D:\bin;D:\;”∞≤‚¡ø\zgdll64;C:\;Gridknow\zgdll32;C:\Gridknow\zgdll64;C:\Program Files\dotnet;C:\Program Files (x86)\Microsoft SQL Server\100\Tools\Binn;C:\Program Files\Microsoft SQL Server\100\Tools\Binn;C:\Program Files\Microsoft SQL Server\100\DTS\Binn;C:\WINDOWS\System32\WindowsPowerShell\v1.0;C:\Program Files\ffmpeg\bin;C:\sqlite;C:\Program Files (x86)\Windows Kits\10\Windows Performance Toolkit;C:\Program Files (x86)\NetSarang\Xshell 8;C:\Program Files (x86)\NetSarang\Xftp 8;C:\Program Files\nodejs;D:\dev\python\Scripts;D:\dev\python;C:\Users\÷Á\AppData\Local\Microsoft\WindowsApps;D:\œ¬‘ÿ\Microsoft VS Code\bin;D:\develop\Java\jdk-17.0.1\bin;D:\test\mingw64\bin;C:\Program Files\JetBrains\PyCharm 2020.1\bin;C:\Users\÷Á\AppData\Roaming\npm;C:\mingw64\bin;C:\Program Files\Git\usr\bin;C:\Users\÷Á\.local\bin;C:\Program Files\Docker\Docker\resources\bin;D:\develop\apache-maven-3.9.4-bin\apache-maven-3.9.4\bin;D:\dev\python\Scripts;D:\dev\python;C:\Users\÷Á\AppData\Local\Microsoft\WindowsApps;D:\œ¬‘ÿ\Microsoft VS Code\bin;D:\develop\JDK\bin;D:\test\mingw64\bin;C:\Program Files\JetBrains\PyCharm 2020.1\bin;C:\Users\÷Á\AppData\Roaming\npm;C:\Users\÷Á\AppData\Local\Programs\Ollama;C:\Program Files\Git\usr\bin\vendor_perl;C:\Program Files\Git\usr\bin\core_perl
USERNAME=÷Á
SHELL=C:\Program Files\Git\bin\bash.exe
TERM=xterm-256color
OS=Windows_NT
PROCESSOR_IDENTIFIER=AMD64 Family 25 Model 80 Stepping 0, AuthenticAMD
TMP=C:\Users\÷Á\AppData\Local\Temp
TEMP=C:\Users\÷Á\AppData\Local\Temp




Compilation memory statistics disabled.

Periodic native trim disabled

---------------  S Y S T E M  ---------------

OS:
 Windows 11 , 64 bit Build 26100 (10.0.26100.8875)
OS uptime: 8 days 12:48 hours
Hyper-V role detected

CPU: total 16 (initial active 16) (16 cores per cpu, 2 threads per core) family 25 model 80 stepping 0 microcode 0xa50000b, cx8, cmov, fxsr, ht, mmx, 3dnowpref, sse, sse2, sse3, ssse3, sse4a, sse4.1, sse4.2, popcnt, lzcnt, tsc, tscinvbit, avx, avx2, aes, erms, clmul, bmi1, bmi2, adx, sha, fma, vzeroupper, clflush, clflushopt, clwb, hv, rdtscp, rdpid, fsrm, f16c, cet_ss
Processor Information for the first 16 processors :
  Max Mhz: 3201, Current Mhz: 3201, Mhz Limit: 3201

Memory: 4k page, system-wide physical 14198M (1582M free)
TotalPageFile size 48662M (AvailPageFile size 788M)
current process WorkingSet (physical memory assigned to process): 622M, peak: 635M
current process commit charge ("private bytes"): 4658M, peak: 4696M

vm_info: Java HotSpot(TM) 64-Bit Server VM (25.0.3+9-LTS-195) for windows-amd64 JRE (25.0.3+9-LTS-195), built on 2026-03-11T00:20:00Z with MS VC++ 17.13 (VS2022)

END.
