#
# A fatal error has been detected by the Java Runtime Environment:
#
#  EXCEPTION_ACCESS_VIOLATION (0xc0000005) at pc=0x00007fff38be7555, pid=25796, tid=40292
#
# JRE version: Java(TM) SE Runtime Environment (25.0.3+9) (build 25.0.3+9-LTS-195)
# Java VM: Java HotSpot(TM) 64-Bit Server VM (25.0.3+9-LTS-195, mixed mode, sharing, tiered, compressed oops, compressed class ptrs, g1 gc, windows-amd64)
# Problematic frame:
# C  0x00007fff38be7555
#
# No core dump will be written. Minidumps are not enabled by default on client versions of Windows
#
# If you would like to submit a bug report, please visit:
#   https://bugreport.java.com/bugreport/crash.jsp
# The crash happened outside the Java Virtual Machine in native code.
# See problematic frame for where to report the bug.
#

---------------  S U M M A R Y ------------

Command Line: -Xmx2g C:/Users/÷Á/IdeaProjects/YOLO-RPC/yolo-server/target/yolo-server-1.0.0.jar --yolo.model-path=C:/Users/÷Á/IdeaProjects/YOLO-RPC/models/best-ship.onnx --dubbo.protocol.port=8002 --yolo.model-type=plane --server.port=0

Host: AMD Ryzen 7 5800H with Radeon Graphics         , 16 cores, 13G,  Windows 11 , 64 bit Build 26100 (10.0.26100.8875)
Time: Sun Jul 26 23:03:17 2026 elapsed time: 225.865811 seconds (0d 0h 3m 45s)

---------------  T H R E A D  ---------------

Current thread (0x000001e2b1935580):  JavaThread "DubboServerHandler-192.168.174.1:8002-thread-6" daemon [_thread_in_native, id=40292, stack(0x000000a306d00000,0x000000a306e00000) (1024K)]

Stack: [0x000000a306d00000,0x000000a306e00000],  sp=0x000000a306dfc0e0,  free space=1008k
Native frames: (J=compiled Java code, j=interpreted, Vv=VM code, C=native code)
C  0x00007fff38be7555  (no source info available)
C  0x00007ffe740ad7e1  (no source info available)
C  0x00007ffe7419bf09  (no source info available)
C  0x00007ffe74318b83  (no source info available)
C  0x00007fff837055b6  (no source info available)
C  0x000001e29b86d193  (no source info available)

The last pc belongs to native method entry point (kind = native) (printed below).
Java frames: (J=compiled Java code, j=interpreted, Vv=VM code)
j  org.bytedeco.opencv.global.opencv_imgproc.minAreaRect(Lorg/bytedeco/opencv/opencv_core/Mat;)Lorg/bytedeco/opencv/opencv_core/RotatedRect;+0
j  com.yolo.inference.YoloInferenceEngine.cornersToRotatedRect(FFFFFFFF)Lorg/bytedeco/opencv/opencv_core/RotatedRect;+84
j  com.yolo.inference.YoloInferenceEngine.applyNMS(Ljava/util/List;F)Ljava/util/List;+112
j  com.yolo.inference.YoloInferenceEngine.detect(Ljava/awt/image/BufferedImage;Lcom/yolo/inference/DetectionOptions;)Ljava/util/List;+37
j  com.yolo.server.ModelInferenceServiceImpl.detect(Lcom/yolo/proto/ModelDetectRequest;)Lcom/yolo/proto/ModelDetectResponse;+66
j  com.yolo.server.ModelInferenceServiceImplDubboWrap0.invokeMethod(Ljava/lang/Object;Ljava/lang/String;[Ljava/lang/Class;[Ljava/lang/Object;)Ljava/lang/Object;+48
j  org.apache.dubbo.rpc.proxy.javassist.JavassistProxyFactory$1.doInvoke(Ljava/lang/Object;Ljava/lang/String;[Ljava/lang/Class;[Ljava/lang/Object;)Ljava/lang/Object;+9
j  org.apache.dubbo.rpc.proxy.AbstractProxyInvoker.invoke(Lorg/apache/dubbo/rpc/Invocation;)Lorg/apache/dubbo/rpc/Result;+75
j  org.apache.dubbo.config.invoker.DelegateProviderMetaDataInvoker.invoke(Lorg/apache/dubbo/rpc/Invocation;)Lorg/apache/dubbo/rpc/Result;+5
j  org.apache.dubbo.rpc.protocol.InvokerWrapper.invoke(Lorg/apache/dubbo/rpc/Invocation;)Lorg/apache/dubbo/rpc/Result;+5
j  org.apache.dubbo.rpc.filter.ClassLoaderCallbackFilter.invoke(Lorg/apache/dubbo/rpc/Invoker;Lorg/apache/dubbo/rpc/Invocation;)Lorg/apache/dubbo/rpc/Result;+2
j  org.apache.dubbo.rpc.cluster.filter.FilterChainBuilder$CopyOfFilterChainNode.invoke(Lorg/apache/dubbo/rpc/Invocation;)Lorg/apache/dubbo/rpc/Result;+19
j  org.apache.dubbo.rpc.protocol.tri.rest.filter.RestFilterAdapter.invoke(Lorg/apache/dubbo/rpc/Invoker;Lorg/apache/dubbo/rpc/Invocation;)Lorg/apache/dubbo/rpc/Result;+53
j  org.apache.dubbo.rpc.cluster.filter.FilterChainBuilder$CopyOfFilterChainNode.invoke(Lorg/apache/dubbo/rpc/Invocation;)Lorg/apache/dubbo/rpc/Result;+19
j  org.apache.dubbo.rpc.protocol.tri.h12.HttpContextCallbackFilter.invoke(Lorg/apache/dubbo/rpc/Invoker;Lorg/apache/dubbo/rpc/Invocation;)Lorg/apache/dubbo/rpc/Result;+2
j  org.apache.dubbo.rpc.cluster.filter.FilterChainBuilder$CopyOfFilterChainNode.invoke(Lorg/apache/dubbo/rpc/Invocation;)Lorg/apache/dubbo/rpc/Result;+19
j  org.apache.dubbo.rpc.protocol.dubbo.filter.TraceFilter.invoke(Lorg/apache/dubbo/rpc/Invoker;Lorg/apache/dubbo/rpc/Invocation;)Lorg/apache/dubbo/rpc/Result;+6
j  org.apache.dubbo.rpc.cluster.filter.FilterChainBuilder$CopyOfFilterChainNode.invoke(Lorg/apache/dubbo/rpc/Invocation;)Lorg/apache/dubbo/rpc/Result;+19
j  org.apache.dubbo.rpc.filter.TimeoutFilter.invoke(Lorg/apache/dubbo/rpc/Invoker;Lorg/apache/dubbo/rpc/Invocation;)Lorg/apache/dubbo/rpc/Result;+2
j  org.apache.dubbo.rpc.cluster.filter.FilterChainBuilder$CopyOfFilterChainNode.invoke(Lorg/apache/dubbo/rpc/Invocation;)Lorg/apache/dubbo/rpc/Result;+19
j  org.apache.dubbo.monitor.support.MonitorFilter.invoke(Lorg/apache/dubbo/rpc/Invoker;Lorg/apache/dubbo/rpc/Invocation;)Lorg/apache/dubbo/rpc/Result;+80
j  org.apache.dubbo.rpc.cluster.filter.FilterChainBuilder$CopyOfFilterChainNode.invoke(Lorg/apache/dubbo/rpc/Invocation;)Lorg/apache/dubbo/rpc/Result;+19
j  org.apache.dubbo.rpc.filter.ExceptionFilter.invoke(Lorg/apache/dubbo/rpc/Invoker;Lorg/apache/dubbo/rpc/Invocation;)Lorg/apache/dubbo/rpc/Result;+2
j  org.apache.dubbo.rpc.cluster.filter.FilterChainBuilder$CopyOfFilterChainNode.invoke(Lorg/apache/dubbo/rpc/Invocation;)Lorg/apache/dubbo/rpc/Result;+19
j  org.apache.dubbo.rpc.filter.AccessLogFilter.invoke(Lorg/apache/dubbo/rpc/Invoker;Lorg/apache/dubbo/rpc/Invocation;)Lorg/apache/dubbo/rpc/Result;+84
j  org.apache.dubbo.rpc.cluster.filter.FilterChainBuilder$CopyOfFilterChainNode.invoke(Lorg/apache/dubbo/rpc/Invocation;)Lorg/apache/dubbo/rpc/Result;+19
j  org.apache.dubbo.rpc.filter.GenericFilter.invoke(Lorg/apache/dubbo/rpc/Invoker;Lorg/apache/dubbo/rpc/Invocation;)Lorg/apache/dubbo/rpc/Result;+1030
j  org.apache.dubbo.rpc.cluster.filter.FilterChainBuilder$CopyOfFilterChainNode.invoke(Lorg/apache/dubbo/rpc/Invocation;)Lorg/apache/dubbo/rpc/Result;+19
j  org.apache.dubbo.rpc.protocol.tri.h12.HttpContextFilter.invoke(Lorg/apache/dubbo/rpc/Invoker;Lorg/apache/dubbo/rpc/Invocation;)Lorg/apache/dubbo/rpc/Result;+108
j  org.apache.dubbo.rpc.cluster.filter.FilterChainBuilder$CopyOfFilterChainNode.invoke(Lorg/apache/dubbo/rpc/Invocation;)Lorg/apache/dubbo/rpc/Result;+19
j  org.apache.dubbo.rpc.filter.ClassLoaderFilter.invoke(Lorg/apache/dubbo/rpc/Invoker;Lorg/apache/dubbo/rpc/Invocation;)Lorg/apache/dubbo/rpc/Result;+77
j  org.apache.dubbo.rpc.cluster.filter.FilterChainBuilder$CopyOfFilterChainNode.invoke(Lorg/apache/dubbo/rpc/Invocation;)Lorg/apache/dubbo/rpc/Result;+19
j  org.apache.dubbo.rpc.filter.EchoFilter.invoke(Lorg/apache/dubbo/rpc/Invoker;Lorg/apache/dubbo/rpc/Invocation;)Lorg/apache/dubbo/rpc/Result;+49
j  org.apache.dubbo.rpc.cluster.filter.FilterChainBuilder$CopyOfFilterChainNode.invoke(Lorg/apache/dubbo/rpc/Invocation;)Lorg/apache/dubbo/rpc/Result;+19
j  org.apache.dubbo.metrics.filter.MetricsFilter.invoke(Lorg/apache/dubbo/rpc/Invoker;Lorg/apache/dubbo/rpc/Invocation;Z)Lorg/apache/dubbo/rpc/Result;+85
j  org.apache.dubbo.metrics.filter.MetricsProviderFilter.invoke(Lorg/apache/dubbo/rpc/Invoker;Lorg/apache/dubbo/rpc/Invocation;)Lorg/apache/dubbo/rpc/Result;+4
j  org.apache.dubbo.rpc.cluster.filter.FilterChainBuilder$CopyOfFilterChainNode.invoke(Lorg/apache/dubbo/rpc/Invocation;)Lorg/apache/dubbo/rpc/Result;+19
j  org.apache.dubbo.tracing.filter.ObservationReceiverFilter.invoke(Lorg/apache/dubbo/rpc/Invoker;Lorg/apache/dubbo/rpc/Invocation;)Lorg/apache/dubbo/rpc/Result;+9
j  org.apache.dubbo.rpc.cluster.filter.FilterChainBuilder$CopyOfFilterChainNode.invoke(Lorg/apache/dubbo/rpc/Invocation;)Lorg/apache/dubbo/rpc/Result;+19
j  org.apache.dubbo.rpc.filter.ProfilerServerFilter.invoke(Lorg/apache/dubbo/rpc/Invoker;Lorg/apache/dubbo/rpc/Invocation;)Lorg/apache/dubbo/rpc/Result;+71
j  org.apache.dubbo.rpc.cluster.filter.FilterChainBuilder$CopyOfFilterChainNode.invoke(Lorg/apache/dubbo/rpc/Invocation;)Lorg/apache/dubbo/rpc/Result;+19
j  org.apache.dubbo.rpc.filter.ContextFilter.invoke(Lorg/apache/dubbo/rpc/Invoker;Lorg/apache/dubbo/rpc/Invocation;)Lorg/apache/dubbo/rpc/Result;+303
j  org.apache.dubbo.rpc.cluster.filter.FilterChainBuilder$CopyOfFilterChainNode.invoke(Lorg/apache/dubbo/rpc/Invocation;)Lorg/apache/dubbo/rpc/Result;+19
j  org.apache.dubbo.rpc.cluster.filter.FilterChainBuilder$CallbackRegistrationInvoker.invoke(Lorg/apache/dubbo/rpc/Invocation;)Lorg/apache/dubbo/rpc/Result;+5
j  org.apache.dubbo.rpc.protocol.tri.h12.AbstractServerCallListener.invoke()V+104
j  org.apache.dubbo.rpc.protocol.tri.h12.UnaryServerCallListener.onComplete()V+1
j  org.apache.dubbo.rpc.protocol.tri.h12.http2.GenericHttp2ServerTransportListener$Http2StreamingDecodeListener.onClose()V+4
j  org.apache.dubbo.remoting.http12.message.DefaultListeningDecoder.close()V+4
j  org.apache.dubbo.remoting.http12.message.StreamingDecoder$DefaultFragmentListener.onClose()V+4
j  org.apache.dubbo.remoting.http12.message.LengthFieldStreamingDecoder.deliver()V+156
j  org.apache.dubbo.remoting.http12.message.LengthFieldStreamingDecoder.close()V+6
j  org.apache.dubbo.rpc.protocol.tri.h12.http2.GenericHttp2ServerTransportListener.onDataCompletion(Lorg/apache/dubbo/remoting/http12/h2/Http2InputMessage;)V+13
j  org.apache.dubbo.rpc.protocol.tri.h12.http2.GenericHttp2ServerTransportListener.onDataCompletion(Lorg/apache/dubbo/remoting/http12/HttpInputMessage;)V+5
j  org.apache.dubbo.rpc.protocol.tri.h12.AbstractServerTransportListener.doOnData(Lorg/apache/dubbo/remoting/http12/HttpInputMessage;)V+30
j  org.apache.dubbo.rpc.protocol.tri.h12.AbstractServerTransportListener.lambda$onData$1(Lorg/apache/dubbo/remoting/http12/HttpInputMessage;)V+2
j  org.apache.dubbo.rpc.protocol.tri.h12.AbstractServerTransportListener$$Lambda+0x00000000137ab8b0.run()V+8
j  org.apache.dubbo.common.threadpool.serial.SerializingExecutor.run()V+22
J 7853 c1 java.util.concurrent.ThreadPoolExecutor.runWorker(Ljava/util/concurrent/ThreadPoolExecutor$Worker;)V java.base@25.0.3 (187 bytes) @ 0x000001e294e7fa2c [0x000001e294e7ed00+0x0000000000000d2c]
J 7852 c1 java.util.concurrent.ThreadPoolExecutor$Worker.run()V java.base@25.0.3 (9 bytes) @ 0x000001e294e8428c [0x000001e294e84180+0x000000000000010c]
j  org.apache.dubbo.common.threadlocal.InternalRunnable.run()V+4
J 7758 c1 java.lang.Thread.run()V java.base@25.0.3 (23 bytes) @ 0x000001e294e5ca7c [0x000001e294e5c800+0x000000000000027c]
v  ~StubRoutines::call_stub 0x000001e29b8612ed

siginfo: EXCEPTION_ACCESS_VIOLATION (0xc0000005), reading address 0xffffffffffffffff


Registers:
RAX=0x0000000000000001, RBX=0x000000a306dfc680, RCX=0x90009b00d55777e7, RDX=0x000001e2a95c73b0
RSP=0x000000a306dfc0e0, RBP=0x000000a306dfc260, RSI=0x000001e2a95c73b0, RDI=0x0000000000000000
R8 =0x00000000ffffffff, R9 =0x0000000000000001, R10=0x0000000000000000, R11=0x0000000000000038
R12=0xffffffffffffffff, R13=0x000001e2addc33f8, R14=0x000000a306dfd2c0, R15=0x000001e2b1935580
RIP=0x00007fff38be7555, EFLAGS=0x0000000000010286

XMM[0]=0x0000000000000000 0x0000000000000000
XMM[1]=0x0000000000000000 0x0000000000000000
XMM[2]=0x0000000000000000 0x0000000000000000
XMM[3]=0x0000000000000000 0x0000000000000000
XMM[4]=0x0000000000000000 0x0000000000000000
XMM[5]=0x0000000000000000 0x0000000000000000
XMM[6]=0x0000000000000000 0x8000000000000000
XMM[7]=0x0000000000000000 0x0000000000000000
XMM[8]=0x0000000000000000 0x66fcaae27c97227f
XMM[9]=0x0000000000000000 0x7f4881efce3f33b1
XMM[10]=0x0000000000000000 0xded560a593f5871c
XMM[11]=0x0000000000000000 0xd83f67ac0458f0de
XMM[12]=0x0000000000000000 0x000000002c198932
XMM[13]=0x0000000000000000 0x0000000000000000
XMM[14]=0x0000000000000000 0x0000000000000000
XMM[15]=0x0000000000000000 0x0000000000000000
  MXCSR=0x00001fa0


Register to memory mapping:

RAX=0x0000000000000001 is an unknown value
RBX=0x000000a306dfc680 is pointing into the stack for thread: 0x000001e2b1935580
RCX=0x90009b00d55777e7 is an unknown value
RDX=0x000001e2a95c73b0 points into unknown readable memory: 0x000001e2afdb0d40 | 40 0d db af e2 01 00 00
RSP=0x000000a306dfc0e0 is pointing into the stack for thread: 0x000001e2b1935580
RBP=0x000000a306dfc260 is pointing into the stack for thread: 0x000001e2b1935580
RSI=0x000001e2a95c73b0 points into unknown readable memory: 0x000001e2afdb0d40 | 40 0d db af e2 01 00 00
RDI=0x0 is null
R8 =
[error occurred during error reporting (printing register info), id 0xc0000005, EXCEPTION_ACCESS_VIOLATION (0xc0000005) at pc=0x00007fff39aaf590]
R9 =0x0000000000000001 is an unknown value
R10=0x0 is null
R11=0x0000000000000038 is an unknown value
R12=0xffffffffffffffff is an unknown value
R13=0x000001e2addc33f8 is pointing into metadata
R14=0x000000a306dfd2c0 is pointing into the stack for thread: 0x000001e2b1935580
R15=0x000001e2b1935580 is a thread

Top of Stack: (sp=0x000000a306dfc0e0)
0x000000a306dfc0e0:   000000a3ffffffff 000000a300000001   ................
0x000000a306dfc0f0:   00000dc8b4efdd9c 00007fffcb06350c   .........5......
0x000000a306dfc100:   0000000000240040 00007fffcd4faed8   @.$.......O.....
0x000000a306dfc110:   000000a306dfd1f0 00007ffe740ad7e1   ...........t....
0x000000a306dfc120:   000000a306dfc680 00000000ffffffff   ................
0x000000a306dfc130:   000001e2addc33f8 0000000000000000   .3..............
0x000000a306dfc140:   000000a300000000 000000a306dfd070   ........p.......
0x000000a306dfc150:   000000a306dfd1f0 00007ffe7419bf09   ...........t....
0x000000a306dfc160:   0000000000000000 000000a306dfc680   ................
0x000000a306dfc170:   000000a306dfd070 00007fffcd3f9be1   p.........?.....
0x000000a306dfc180:   000001e28ba70001 000001e28ba70000   ................
0x000000a306dfc190:   000000b800000000 000001e28ba700b8   ................
0x000000a306dfc1a0:   0000000000240001 0000000300000004   ..$.............
0x000000a306dfc1b0:   000001e28ba70000 00007fffcd3f96aa   ..........?.....
0x000000a306dfc1c0:   000001e200000001 0000000000000000   ................
0x000000a306dfc1d0:   00000dc8b4efdf6c 000000a306dfc200   l...............
0x000000a306dfc1e0:   0000000000000030 000000a306dfd070   0.......p.......
0x000000a306dfc1f0:   0000000000000000 0000000000000000   ................
0x000000a306dfc200:   000001e28ba700b8 000001e28ba700b8   ................
0x000000a306dfc210:   000001e28ba70400 00000000000b0000   ................
0x000000a306dfc220:   00007fff00000001 0000000106dfc398   ................
0x000000a306dfc230:   0000000000001c00 0000000000000001   ................
0x000000a306dfc240:   00000dc8b4efdf9c 00000000000000c8   ................
0x000000a306dfc250:   00007fff00000000 000001e2b0ab6230   ........0b......
0x000000a306dfc260:   00007fff83690000 0000000000042504   ..i......%......
0x000000a306dfc270:   0000000000000000 00007fff837623d0   .........#v.....
0x000000a306dfc280:   000001e289870801 00007fff837623d0   .........#v.....
0x000000a306dfc290:   000000a306dfc3a0 00007fffcd3ede03   ..........>.....
0x000000a306dfc2a0:   00007fffcd4fae80 0000000000000346   ..O.....F.......
0x000000a306dfc2b0:   000000a306dfc390 000000a306dfc2f8   ................
0x000000a306dfc2c0:   00007fffcd4fab50 000001e2b0ab6230   P.O.....0b......
0x000000a306dfc2d0:   000001e28ba70510 000000007ffe0385   ................

Instructions: (pc=0x00007fff38be7555)
  0x00007fff38be7455:   00 ff 42 44 89 52 0c 45 89 11 4c 89 52 10 4c 89
  0x00007fff38be7465:   52 18 4c 89 52 20 4c 89 52 28 4c 89 52 30 4c 89
  0x00007fff38be7475:   52 38 49 8b c0 48 8b 4c 24 50 48 33 cc e8 69 38
  0x00007fff38be7485:   21 00 48 83 c4 68 c3 48 8d 15 0d 12 27 00 48 8d
  0x00007fff38be7495:   4c 24 30 e8 13 c2 ec ff 90 c7 44 24 20 62 02 00
  0x00007fff38be74a5:   00 4c 8d 0d 73 0d 27 00 4c 8d 05 bc 10 27 00 48
  0x00007fff38be74b5:   8d 54 24 30 b9 29 ff ff ff e8 8d c0 13 00 cc cc
  0x00007fff38be74c5:   cc cc cc cc cc cc cc cc cc cc cc 48 89 5c 24 08
  0x00007fff38be74d5:   48 89 74 24 10 57 48 83 ec 30 8b 02 48 8b d9 89
  0x00007fff38be74e5:   01 33 ff 8b 42 04 48 8b f2 89 41 04 48 83 c1 08
  0x00007fff38be74f5:   8b 42 08 89 01 8b 42 0c 89 43 0c 48 8b 42 10 48
  0x00007fff38be7505:   89 43 10 48 8b 42 18 48 89 43 18 48 8b 42 20 48
  0x00007fff38be7515:   89 43 20 48 8b 42 28 48 89 43 28 48 8b 42 30 48
  0x00007fff38be7525:   89 43 30 48 8b 42 38 48 89 43 38 48 8d 43 50 48
  0x00007fff38be7535:   89 43 48 48 89 4b 40 48 89 38 48 8b 43 48 48 89
  0x00007fff38be7545:   78 08 48 8b 4b 38 48 85 c9 74 0a b8 01 00 00 00
=>0x00007fff38be7555:   f0 0f c1 41 14 83 7a 04 02 7f 31 48 8b 42 48 48
  0x00007fff38be7565:   8b 4b 48 48 8b 00 48 89 01 48 8b 42 48 48 8b 4b
  0x00007fff38be7575:   48 48 8b 40 08 48 89 41 08 48 8b c3 48 8b 5c 24
  0x00007fff38be7585:   40 48 8b 74 24 48 48 83 c4 30 5f c3 89 7b 04 45
  0x00007fff38be7595:   33 c9 8b 52 04 45 33 c0 48 8b cb 40 88 7c 24 20
  0x00007fff38be75a5:   e8 f6 5a 00 00 39 7b 04 7e 44 48 8b d7 4c 8b c7
  0x00007fff38be75b5:   66 66 66 0f 1f 84 00 00 00 00 00 48 8b 46 40 4d
  0x00007fff38be75c5:   8d 40 04 48 8b 4b 40 48 8d 52 08 ff c7 41 8b 44
  0x00007fff38be75d5:   00 fc 41 89 44 08 fc 48 8b 46 48 48 8b 4b 48 48
  0x00007fff38be75e5:   8b 44 02 f8 48 89 44 0a f8 3b 7b 04 7c cd 48 8b
  0x00007fff38be75f5:   74 24 48 48 8b c3 48 8b 5c 24 40 48 83 c4 30 5f
  0x00007fff38be7605:   c3 cc cc cc cc cc cc cc cc cc cc 48 89 5c 24 10
  0x00007fff38be7615:   48 89 6c 24 18 48 89 74 24 20 57 48 83 ec 60 48
  0x00007fff38be7625:   8b 05 4d 12 36 00 48 33 c4 48 89 44 24 50 4c 8b
  0x00007fff38be7635:   d2 48 8b d9 8b 02 89 01 c7 41 04 02 00 00 00 48
  0x00007fff38be7645:   8d 79 08 41 8b 40 0c 89 07 41 8b 40 08 89 41 0c


Stack slot to memory mapping:

stack at sp + 0 slots: 0x000000a3ffffffff is an unknown value
stack at sp + 1 slots: 0x000000a300000001 is an unknown value
stack at sp + 2 slots: 0x00000dc8b4efdd9c is an unknown value
stack at sp + 3 slots: 0x00007fffcb06350c KERNELBASE.dll
stack at sp + 4 slots: 0x0000000000240040 is an unknown value
stack at sp + 5 slots: 0x00007fffcd4faed8 ntdll.dll
stack at sp + 6 slots: 0x000000a306dfd1f0 is pointing into the stack for thread: 0x000001e2b1935580
stack at sp + 7 slots: 0x00007ffe740ad7e1 points into unknown readable memory: eb 0f 44 8b c6 48 8b

Lock stack of current Java thread (top to bottom):


Compiled method (c1) 230446 7853   !   3       java.util.concurrent.ThreadPoolExecutor::runWorker (187 bytes)
 total in heap  [0x000001e294e7ec08,0x000001e294e807f8] = 7152
 main code      [0x000001e294e7ed00,0x000001e294e80728] = 6696
 stub code      [0x000001e294e80728,0x000001e294e807f8] = 208
 mutable data [0x000001e2b1165fe0,0x000001e2b1166238] = 600
 relocation     [0x000001e2b1165fe0,0x000001e2b11661b8] = 472
 metadata       [0x000001e2b11661b8,0x000001e2b1166238] = 128
 immutable data [0x000001e2b38281f0,0x000001e2b38289a0] = 1968
 dependencies   [0x000001e2b38281f0,0x000001e2b3828220] = 48
 nul chk table  [0x000001e2b3828220,0x000001e2b3828258] = 56
 handler table  [0x000001e2b3828258,0x000001e2b3828418] = 448
 scopes pcs     [0x000001e2b3828418,0x000001e2b3828698] = 640
 scopes data    [0x000001e2b3828698,0x000001e2b38289a0] = 776

[Constant Pool (empty)]

[MachCode]
[Instructions begin]
  0x000001e294e7ed00: 660f 1f84 | 0000 0000 | 0066 0f1f | 8400 0000 | 0000 448b | 5208 443b 

  0x000001e294e7ed18: ;   {runtime_call Shared Runtime ic_miss_blob}
  0x000001e294e7ed18: 5008 0f85 | c0fd a206 
[Verified Entry Point]
  0x000001e294e7ed20: 8984 2400 | 80ff ff55 | 4881 ecf0 | 0000 0090 | 4181 7f20 | 1d00 0000 

  0x000001e294e7ed38: ;   {runtime_call Stub::method_entry_barrier}
  0x000001e294e7ed38: 7405 e8c1 | 54a1 0648 | 8994 2498 | 0000 004c | 8984 24a0 

  0x000001e294e7ed4c: ;   {metadata(method data for {method} {0x000001e2aa276da0} 'runWorker' '(Ljava/util/concurrent/ThreadPoolExecutor$Worker;)V' in 'java/util/concurrent/ThreadPoolExecutor')}
  0x000001e294e7ed4c: 0000 0048 | be88 5450 | ade2 0100 | 008b be90 | 0000 0083 | c702 89be | 9000 0000 | 81e7 fe07 
  0x000001e294e7ed6c: 0000 85ff | 0f84 b316 

  0x000001e294e7ed74: ;   {metadata(method data for {method} {0x000001e2aa276da0} 'runWorker' '(Ljava/util/concurrent/ThreadPoolExecutor$Worker;)V' in 'java/util/concurrent/ThreadPoolExecutor')}
  0x000001e294e7ed74: 0000 48be | 8854 50ad | e201 0000 | 4883 86d8 | 0000 0001 | 498b b710 | 0400 0048 | 8b36 4889 
  0x000001e294e7ed94: b424 a800 | 0000 418b | 7828 410f | be5f 4885 | db0f 85a4 | 1600 0041 | c740 2800 | 0000 0049 
  0x000001e294e7edb4: ;   {metadata(method data for {method} {0x000001e2aa276da0} 'runWorker' '(Ljava/util/concurrent/ThreadPoolExecutor$Worker;)V' in 'java/util/concurrent/ThreadPoolExecutor')}
  0x000001e294e7edb4: 8bd8 48b8 | 8854 50ad | e201 0000 | 8b5b 0841 | ba00 0000 | 1249 03da | 483b 98f0 | 0000 0075 
  0x000001e294e7edd4: 0d48 8380 | f800 0000 | 01e9 6000 | 0000 483b | 9800 0100 | 0075 0d48 | 8380 0801 | 0000 01e9 
  0x000001e294e7edf4: 4a00 0000 | 4883 b8f0 | 0000 0000 | 7517 4889 | 98f0 0000 | 0048 c780 | f800 0000 | 0100 0000 
  0x000001e294e7ee14: e929 0000 | 0048 83b8 | 0001 0000 | 0075 1748 | 8998 0001 | 0000 48c7 | 8008 0100 | 0001 0000 
  0x000001e294e7ee34: 00e9 0800 | 0000 4883 | 80e8 0000 

  0x000001e294e7ee40: ;   {metadata(method data for {method} {0x000001e2aa3e9930} 'unlock' '()V' in 'java/util/concurrent/ThreadPoolExecutor$Worker')}
  0x000001e294e7ee40: 0001 48bb | 8030 beab | e201 0000 | 8b83 9000 | 0000 83c0 | 0289 8390 | 0000 0025 | feff 1f00 
  0x000001e294e7ee60: 85c0 0f84 | 0316 0000 

  0x000001e294e7ee68: ;   {metadata(method data for {method} {0x000001e2aa3e9930} 'unlock' '()V' in 'java/util/concurrent/ThreadPoolExecutor$Worker')}
  0x000001e294e7ee68: 498b d848 | b880 30be | abe2 0100 | 008b 5b08 | 41ba 0000 | 0012 4903 | da48 3b98 | e000 0000 
  0x000001e294e7ee88: 750d 4883 | 80e8 0000 | 0001 e960 | 0000 0048 | 3b98 f000 | 0000 750d | 4883 80f8 | 0000 0001 
  0x000001e294e7eea8: e94a 0000 | 0048 83b8 | e000 0000 | 0075 1748 | 8998 e000 | 0000 48c7 | 80e8 0000 | 0001 0000 
  0x000001e294e7eec8: 00e9 2900 | 0000 4883 | b8f0 0000 | 0000 7517 | 4889 98f0 | 0000 0048 | c780 f800 | 0000 0100 
  0x000001e294e7eee8: 0000 e908 | 0000 0048 | 8380 d800 

  0x000001e294e7eef4: ;   {metadata(method data for {method} {0x00000000122d24b8} 'release' '(I)Z' in 'java/util/concurrent/locks/AbstractQueuedSynchronizer')}
  0x000001e294e7eef4: 0000 0148 | bb18 5d22 | aae2 0100 | 008b 8390 | 0000 0083 | c002 8983 | 9000 0000 | 25fe ff1f 
  0x000001e294e7ef14: 0085 c00f | 846f 1500 | 0049 8bd8 

  0x000001e294e7ef20: ;   {metadata(method data for {method} {0x00000000122d24b8} 'release' '(I)Z' in 'java/util/concurrent/locks/AbstractQueuedSynchronizer')}
  0x000001e294e7ef20: 48b8 185d | 22aa e201 | 0000 4883 | 80f8 0000 

  0x000001e294e7ef30: ;   {metadata(method data for {method} {0x000001e2aa3e9720} 'tryRelease' '(I)Z' in 'java/util/concurrent/ThreadPoolExecutor$Worker')}
  0x000001e294e7ef30: 0001 48bb | c831 beab | e201 0000 | 8b83 9000 | 0000 83c0 | 0289 8390 | 0000 0025 | feff 1f00 
  0x000001e294e7ef50: 85c0 0f84 | 5515 0000 

  0x000001e294e7ef58: ;   {metadata(method data for {method} {0x000001e2aa3e9720} 'tryRelease' '(I)Z' in 'java/util/concurrent/ThreadPoolExecutor$Worker')}
  0x000001e294e7ef58: 498b d848 | b8c8 31be | abe2 0100 | 008b 5b08 | 41ba 0000 | 0012 4903 | da48 3b98 | e000 0000 
  0x000001e294e7ef78: 750d 4883 | 80e8 0000 | 0001 e960 | 0000 0048 | 3b98 f000 | 0000 750d | 4883 80f8 | 0000 0001 
  0x000001e294e7ef98: e94a 0000 | 0048 83b8 | e000 0000 | 0075 1748 | 8998 e000 | 0000 48c7 | 80e8 0000 | 0001 0000 
  0x000001e294e7efb8: 00e9 2900 | 0000 4883 | b8f0 0000 | 0000 7517 | 4889 98f0 | 0000 0048 | c780 f800 | 0000 0100 
  0x000001e294e7efd8: 0000 e908 | 0000 0048 | 8380 d800 | 0000 0141 | 0fbe 5f48 | 85db 0f85 | da14 0000 | 41c7 400c 
  0x000001e294e7eff8: 0000 0000 

  0x000001e294e7effc: ;   {metadata(method data for {method} {0x000001e2aa3e9720} 'tryRelease' '(I)Z' in 'java/util/concurrent/ThreadPoolExecutor$Worker')}
  0x000001e294e7effc: 498b d848 | b8c8 31be | abe2 0100 | 008b 5b08 | 41ba 0000 | 0012 4903 | da48 3b98 | 1001 0000 
  0x000001e294e7f01c: 750d 4883 | 8018 0100 | 0001 e960 | 0000 0048 | 3b98 2001 | 0000 750d | 4883 8028 | 0100 0001 
  0x000001e294e7f03c: e94a 0000 | 0048 83b8 | 1001 0000 | 0075 1748 | 8998 1001 | 0000 48c7 | 8018 0100 | 0001 0000 
  0x000001e294e7f05c: 00e9 2900 | 0000 4883 | b820 0100 | 0000 7517 | 4889 9820 | 0100 0048 | c780 2801 | 0000 0100 
  0x000001e294e7f07c: 0000 e908 | 0000 0048 | 8380 0801 | 0000 01bb | 0000 0000 | 4189 5818 | f083 4424 

  0x000001e294e7f098: ;   {metadata(method data for {method} {0x00000000122d24b8} 'release' '(I)Z' in 'java/util/concurrent/locks/AbstractQueuedSynchronizer')}
  0x000001e294e7f098: c000 48bb | 185d 22aa | e201 0000 | ff83 1801 | 0000 4889 | bc24 9000 | 0000 418b 

  0x000001e294e7f0b4: ;   {metadata(method data for {method} {0x00000000122d24b8} 'release' '(I)Z' in 'java/util/concurrent/locks/AbstractQueuedSynchronizer')}
  0x000001e294e7f0b4: 5810 48b8 | 185d 22aa | e201 0000 | 4883 8028 | 0100 0001 | 488b d30f 

  0x000001e294e7f0cc: ;   {static_call}
  0x000001e294e7f0cc: 1f40 00e8 

  0x000001e294e7f0d0: ; ImmutableOopMap {[144]=Oop [152]=Oop [160]=Oop [168]=Oop }
                      ;*invokestatic signalNext {reexecute=0 rethrow=0 return_oop=0}
                      ; - java.util.concurrent.locks.AbstractQueuedSynchronizer::release@12 (line 1100)
                      ; - java.util.concurrent.ThreadPoolExecutor$Worker::unlock@2 (line 642)
                      ; - java.util.concurrent.ThreadPoolExecutor::runWorker@15 (line 1073)
  0x000001e294e7f0d0: ac5e 1507 

  0x000001e294e7f0d4: ;   {post_call_nop}
  0x000001e294e7f0d4: 0f1f 8400 | cc04 0000 | 488b bc24 | 9000 0000 | 0f1f 4000 | 488b 9424 | 9800 0000 

  0x000001e294e7f0f0: ;   {metadata(method data for {method} {0x000001e2aa276da0} 'runWorker' '(Ljava/util/concurrent/ThreadPoolExecutor$Worker;)V' in 'java/util/concurrent/ThreadPoolExecutor')}
  0x000001e294e7f0f0: 4885 ff48 | bb88 5450 | ade2 0100 | 00b8 1801 | 0000 7505 | b828 0100 | 0048 8b0c | 0348 8d49 
  0x000001e294e7f110: 0148 890c | 030f 8557 | 0000 0048 

  0x000001e294e7f11c: ;   {metadata(method data for {method} {0x000001e2aa276da0} 'runWorker' '(Ljava/util/concurrent/ThreadPoolExecutor$Worker;)V' in 'java/util/concurrent/ThreadPoolExecutor')}
  0x000001e294e7f11c: 8bfa 48bb | 8854 50ad | e201 0000 | 4883 8338 | 0100 0001 | 488b fa48 

  0x000001e294e7f134: ;   {optimized virtual_call}
  0x000001e294e7f134: 8bd7 90e8 

  0x000001e294e7f138: ; ImmutableOopMap {[152]=Oop [160]=Oop [168]=Oop }
                      ;*invokevirtual getTask {reexecute=0 rethrow=0 return_oop=0}
                      ; - java.util.concurrent.ThreadPoolExecutor::runWorker@26 (line 1076)
  0x000001e294e7f138: 64ef abff 

  0x000001e294e7f13c: ;   {post_call_nop}
  0x000001e294e7f13c: 0f1f 8400 | 3405 0001 

  0x000001e294e7f144: ;   {metadata(method data for {method} {0x000001e2aa276da0} 'runWorker' '(Ljava/util/concurrent/ThreadPoolExecutor$Worker;)V' in 'java/util/concurrent/ThreadPoolExecutor')}
  0x000001e294e7f144: 4885 c049 | b888 5450 | ade2 0100 | 00ba 6801 | 0000 7405 | ba78 0100 | 0049 8b34 | 1048 8d76 
  0x000001e294e7f164: 0149 8934 | 100f 8459 | 0d00 0048 | 8bf8 4889 | bc24 b000 | 0000 4c8b | 8424 a000 

  0x000001e294e7f180: ;   {metadata(method data for {method} {0x000001e2aa276da0} 'runWorker' '(Ljava/util/concurrent/ThreadPoolExecutor$Worker;)V' in 'java/util/concurrent/ThreadPoolExecutor')}
  0x000001e294e7f180: 0000 48be | 8854 50ad | e201 0000 | 458b 4008 | 41ba 0000 | 0012 4d03 | c24c 3b86 | 9001 0000 
  0x000001e294e7f1a0: 750d 4883 | 8698 0100 | 0001 e960 | 0000 004c | 3b86 a001 | 0000 750d | 4883 86a8 | 0100 0001 
  0x000001e294e7f1c0: e94a 0000 | 0048 83be | 9001 0000 | 0075 174c | 8986 9001 | 0000 48c7 | 8698 0100 | 0001 0000 
  0x000001e294e7f1e0: 00e9 2900 | 0000 4883 | bea0 0100 | 0000 7517 | 4c89 86a0 | 0100 0048 | c786 a801 | 0000 0100 
  0x000001e294e7f200: 0000 e908 | 0000 0048 | 8386 8801 

  0x000001e294e7f20c: ;   {metadata(method data for {method} {0x000001e2aa3e97d0} 'lock' '()V' in 'java/util/concurrent/ThreadPoolExecutor$Worker')}
  0x000001e294e7f20c: 0000 0149 | b828 c151 | ace2 0100 | 0041 8bb0 | 9000 0000 | 83c6 0241 | 89b0 9000 | 0000 81e6 
  0x000001e294e7f22c: feff 1f00 | 85f6 0f84 | b212 0000 | 4c8b 8424 | a000 0000 

  0x000001e294e7f240: ;   {metadata(method data for {method} {0x000001e2aa3e97d0} 'lock' '()V' in 'java/util/concurrent/ThreadPoolExecutor$Worker')}
  0x000001e294e7f240: 48be 28c1 | 51ac e201 | 0000 458b | 4008 41ba | 0000 0012 | 4d03 c24c | 3b86 e000 | 0000 750d 
  0x000001e294e7f260: 4883 86e8 | 0000 0001 | e960 0000 | 004c 3b86 | f000 0000 | 750d 4883 | 86f8 0000 | 0001 e94a 
  0x000001e294e7f280: 0000 0048 | 83be e000 | 0000 0075 | 174c 8986 | e000 0000 | 48c7 86e8 | 0000 0001 | 0000 00e9 
  0x000001e294e7f2a0: 2900 0000 | 4883 bef0 | 0000 0000 | 7517 4c89 | 86f0 0000 | 0048 c786 | f800 0000 | 0100 0000 
  0x000001e294e7f2c0: e908 0000 | 0048 8386 | d800 0000 | 0141 b801 | 0000 0048 | 8b94 24a0 | 0000 000f 

  0x000001e294e7f2dc: ;   {optimized virtual_call}
  0x000001e294e7f2dc: 1f40 00e8 

  0x000001e294e7f2e0: ; ImmutableOopMap {[152]=Oop [160]=Oop [168]=Oop [176]=Oop }
                      ;*invokevirtual acquire {reexecute=0 rethrow=0 return_oop=0}
                      ; - java.util.concurrent.ThreadPoolExecutor$Worker::lock@2 (line 640)
                      ; - java.util.concurrent.ThreadPoolExecutor::runWorker@35 (line 1077)
  0x000001e294e7f2e0: bcbc 88ff 

  0x000001e294e7f2e4: ;   {post_call_nop}
  0x000001e294e7f2e4: 0f1f 8400 | dc06 0002 | 488b 9424 | 9800 0000 | 8b72 2c48 | 3b06 488b 

  0x000001e294e7f2fc: ;   {metadata(method data for {method} {0x000001e2aa276da0} 'runWorker' '(Ljava/util/concurrent/ThreadPoolExecutor$Worker;)V' in 'java/util/concurrent/ThreadPoolExecutor')}
  0x000001e294e7f2fc: fe48 bb88 | 5450 ade2 | 0100 008b | 7f08 41ba | 0000 0012 | 4903 fa48 | 3bbb c001 | 0000 750d 
  0x000001e294e7f31c: 4883 83c8 | 0100 0001 | e960 0000 | 0048 3bbb | d001 0000 | 750d 4883 | 83d8 0100 | 0001 e94a 
  0x000001e294e7f33c: 0000 0048 | 83bb c001 | 0000 0075 | 1748 89bb | c001 0000 | 48c7 83c8 | 0100 0001 | 0000 00e9 
  0x000001e294e7f35c: 2900 0000 | 4883 bbd0 | 0100 0000 | 7517 4889 | bbd0 0100 | 0048 c783 | d801 0000 | 0100 0000 
  0x000001e294e7f37c: e908 0000 | 0048 8383 | b801 0000 | 018b 760c 

  0x000001e294e7f38c: ;   {metadata(method data for {method} {0x000001e2aa276da0} 'runWorker' '(Ljava/util/concurrent/ThreadPoolExecutor$Worker;)V' in 'java/util/concurrent/ThreadPoolExecutor')}
  0x000001e294e7f38c: 48bf 8854 | 50ad e201 | 0000 4883 | 87e8 0100 

  0x000001e294e7f39c: ;   {metadata(method data for {method} {0x000001e2aa2757c8} 'runStateAtLeast' '(II)Z' in 'java/util/concurrent/ThreadPoolExecutor')}
  0x000001e294e7f39c: 0001 48bf | a851 d4aa | e201 0000 | 8b9f 9000 | 0000 83c3 | 0289 9f90 | 0000 0081 | e3fe ff1f 
  0x000001e294e7f3bc: 0085 db0f | 844b 1100 | 0081 fe00 

  0x000001e294e7f3c8: ;   {metadata(method data for {method} {0x000001e2aa2757c8} 'runStateAtLeast' '(II)Z' in 'java/util/concurrent/ThreadPoolExecutor')}
  0x000001e294e7f3c8: 0000 2048 | bea8 51d4 | aae2 0100 | 00bf d800 | 0000 7c05 | bfe8 0000 | 0048 8b1c | 3e48 8d5b 
  0x000001e294e7f3e8: 0148 891c | 3e0f 8c1a 

  0x000001e294e7f3f0: ;   {metadata(method data for {method} {0x000001e2aa2757c8} 'runStateAtLeast' '(II)Z' in 'java/util/concurrent/ThreadPoolExecutor')}
  0x000001e294e7f3f0: 0000 0048 | bea8 51d4 | aae2 0100 | 00ff 86f8 | 0000 00be | 0100 0000 | e905 0000 | 00be 0000 
  0x000001e294e7f410: 0000 83e6 

  0x000001e294e7f414: ;   {metadata(method data for {method} {0x000001e2aa276da0} 'runWorker' '(Ljava/util/concurrent/ThreadPoolExecutor$Worker;)V' in 'java/util/concurrent/ThreadPoolExecutor')}
  0x000001e294e7f414: 0185 f648 | be88 5450 | ade2 0100 | 00bf f801 | 0000 7505 | bf08 0200 | 0048 8b1c | 3e48 8d5b 
  0x000001e294e7f434: 0148 891c | 3e0f 85ff 

  0x000001e294e7f43c: ;   {metadata(method data for {method} {0x000001e2aa276da0} 'runWorker' '(Ljava/util/concurrent/ThreadPoolExecutor$Worker;)V' in 'java/util/concurrent/ThreadPoolExecutor')}
  0x000001e294e7f43c: 0200 0048 | be88 5450 | ade2 0100 | 0048 8386 | 1802 0000 

  0x000001e294e7f450: ;   {metadata(method data for {method} {0x00000000124a3658} 'interrupted' '()Z' in 'java/lang/Thread')}
  0x000001e294e7f450: 0148 bed0 | 53d4 aae2 | 0100 008b | be90 0000 | 0083 c702 | 89be 9000 | 0000 81e7 | feff 1f00 
  0x000001e294e7f470: 85ff 0f84 | b910 0000 

  0x000001e294e7f478: ;   {metadata(method data for {method} {0x00000000124a3658} 'interrupted' '()Z' in 'java/lang/Thread')}
  0x000001e294e7f478: 48be d053 | d4aa e201 | 0000 4883 | 86d8 0000 | 0001 498b | b710 0400 | 0048 8b36 

  0x000001e294e7f494: ; implicit exception: dispatches to 0x000001e294e80552
  0x000001e294e7f494: 483b 0648 

  0x000001e294e7f498: ;   {metadata(method data for {method} {0x00000000124a3658} 'interrupted' '()Z' in 'java/lang/Thread')}
  0x000001e294e7f498: 8bfe 48bb | d053 d4aa | e201 0000 | 8b7f 0841 | ba00 0000 | 1249 03fa | 483b bbf0 | 0000 0075 
  0x000001e294e7f4b8: 0d48 8383 | f800 0000 | 01e9 6000 | 0000 483b | bb00 0100 | 0075 0d48 | 8383 0801 | 0000 01e9 
  0x000001e294e7f4d8: 4a00 0000 | 4883 bbf0 | 0000 0000 | 7517 4889 | bbf0 0000 | 0048 c783 | f800 0000 | 0100 0000 
  0x000001e294e7f4f8: e929 0000 | 0048 83bb | 0001 0000 | 0075 1748 | 89bb 0001 | 0000 48c7 | 8308 0100 | 0001 0000 
  0x000001e294e7f518: 00e9 0800 | 0000 4883 | 83e8 0000 

  0x000001e294e7f524: ;   {metadata(method data for {method} {0x0000000012191170} 'getAndClearInterrupt' '()Z' in 'java/lang/Thread')}
  0x000001e294e7f524: 0001 48bf | 2055 d4aa | e201 0000 | 8b9f 9000 | 0000 83c3 | 0289 9f90 | 0000 0081 | e3fe ff1f 
  0x000001e294e7f544: 0085 db0f | 840a 1000 | 000f be7e 

  0x000001e294e7f550: ;   {metadata(method data for {method} {0x0000000012191170} 'getAndClearInterrupt' '()Z' in 'java/lang/Thread')}
  0x000001e294e7f550: 3a85 ff48 | bb20 55d4 | aae2 0100 | 00b8 d800 | 0000 7405 | b8e8 0000 | 0048 8b0c | 0348 8d49 
  0x000001e294e7f570: 0148 890c | 030f 8440 | 0000 0089 | bc24 b800 | 0000 bb00 | 0000 0088 | 5e3a f083 | 4424 c000 
  0x000001e294e7f590: ;   {metadata(method data for {method} {0x0000000012191170} 'getAndClearInterrupt' '()Z' in 'java/lang/Thread')}
  0x000001e294e7f590: 48be 2055 | d4aa e201 | 0000 4883 | 86f8 0000 | 0001 0f1f 

  0x000001e294e7f5a4: ;   {static_call}
  0x000001e294e7f5a4: 4400 00e8 

  0x000001e294e7f5a8: ; ImmutableOopMap {[152]=Oop [160]=Oop [168]=Oop [176]=Oop }
                      ;*invokestatic clearInterruptEvent {reexecute=0 rethrow=0 return_oop=0}
                      ; - java.lang.Thread::getAndClearInterrupt@14 (line 1663)
                      ; - java.lang.Thread::interrupted@3 (line 1625)
                      ; - java.util.concurrent.ThreadPoolExecutor::runWorker@53 (line 1083)
  0x000001e294e7f5a8: 34fe a206 

  0x000001e294e7f5ac: ;   {post_call_nop}
  0x000001e294e7f5ac: 0f1f 8400 | a409 0003 | 8bbc 24b8 | 0000 0083 | e701 83e7 

  0x000001e294e7f5c0: ;   {metadata(method data for {method} {0x000001e2aa276da0} 'runWorker' '(Ljava/util/concurrent/ThreadPoolExecutor$Worker;)V' in 'java/util/concurrent/ThreadPoolExecutor')}
  0x000001e294e7f5c0: 0185 ff48 | ba88 5450 | ade2 0100 | 00be 2802 | 0000 7405 | be38 0200 | 0048 8b3c | 3248 8d7f 
  0x000001e294e7f5e0: 0148 893c | 320f 84c1 | 0200 0048 | 8b94 2498 | 0000 008b | 722c 483b | 0648 8bfe 

  0x000001e294e7f5fc: ;   {metadata(method data for {method} {0x000001e2aa276da0} 'runWorker' '(Ljava/util/concurrent/ThreadPoolExecutor$Worker;)V' in 'java/util/concurrent/ThreadPoolExecutor')}
  0x000001e294e7f5fc: 48bb 8854 | 50ad e201 | 0000 8b7f | 0841 ba00 | 0000 1249 | 03fa 483b | bb50 0200 | 0075 0d48 
  0x000001e294e7f61c: 8383 5802 | 0000 01e9 | 6000 0000 | 483b bb60 | 0200 0075 | 0d48 8383 | 6802 0000 | 01e9 4a00 
  0x000001e294e7f63c: 0000 4883 | bb50 0200 | 0000 7517 | 4889 bb50 | 0200 0048 | c783 5802 | 0000 0100 | 0000 e929 
  0x000001e294e7f65c: 0000 0048 | 83bb 6002 | 0000 0075 | 1748 89bb | 6002 0000 | 48c7 8368 | 0200 0001 | 0000 00e9 
  0x000001e294e7f67c: 0800 0000 | 4883 8348 | 0200 0001 

  0x000001e294e7f688: ;   {metadata(method data for {method} {0x000001e2aa276da0} 'runWorker' '(Ljava/util/concurrent/ThreadPoolExecutor$Worker;)V' in 'java/util/concurrent/ThreadPoolExecutor')}
  0x000001e294e7f688: 8b76 0c48 | bf88 5450 | ade2 0100 | 0048 8387 | 7802 0000 

  0x000001e294e7f69c: ;   {metadata(method data for {method} {0x000001e2aa2757c8} 'runStateAtLeast' '(II)Z' in 'java/util/concurrent/ThreadPoolExecutor')}
  0x000001e294e7f69c: 0148 bfa8 | 51d4 aae2 | 0100 008b | 9f90 0000 | 0083 c302 | 899f 9000 | 0000 81e3 | feff 1f00 
  0x000001e294e7f6bc: 85db 0f84 | b90e 0000 | 81fe 0000 

  0x000001e294e7f6c8: ;   {metadata(method data for {method} {0x000001e2aa2757c8} 'runStateAtLeast' '(II)Z' in 'java/util/concurrent/ThreadPoolExecutor')}
  0x000001e294e7f6c8: 0020 48be | a851 d4aa | e201 0000 | bfd8 0000 | 007c 05bf | e800 0000 | 488b 1c3e | 488d 5b01 
  0x000001e294e7f6e8: 4889 1c3e | 0f8c 1a00 

  0x000001e294e7f6f0: ;   {metadata(method data for {method} {0x000001e2aa2757c8} 'runStateAtLeast' '(II)Z' in 'java/util/concurrent/ThreadPoolExecutor')}
  0x000001e294e7f6f0: 0000 48be | a851 d4aa | e201 0000 | ff86 f800 | 0000 be01 | 0000 00e9 | 0500 0000 | be00 0000 
  0x000001e294e7f710: 0083 e601 

  0x000001e294e7f714: ;   {metadata(method data for {method} {0x000001e2aa276da0} 'runWorker' '(Ljava/util/concurrent/ThreadPoolExecutor$Worker;)V' in 'java/util/concurrent/ThreadPoolExecutor')}
  0x000001e294e7f714: 85f6 48be | 8854 50ad | e201 0000 | bf88 0200 | 0074 05bf | 9802 0000 | 488b 1c3e | 488d 5b01 
  0x000001e294e7f734: 4889 1c3e | 0f84 6e01 | 0000 488b | b424 a800 | 0000 483b | 0648 8bfe 

  0x000001e294e7f74c: ;   {metadata(method data for {method} {0x000001e2aa276da0} 'runWorker' '(Ljava/util/concurrent/ThreadPoolExecutor$Worker;)V' in 'java/util/concurrent/ThreadPoolExecutor')}
  0x000001e294e7f74c: 48bb 8854 | 50ad e201 | 0000 8b7f | 0841 ba00 | 0000 1249 | 03fa 483b | bbb0 0200 | 0075 0d48 
  0x000001e294e7f76c: 8383 b802 | 0000 01e9 | 6000 0000 | 483b bbc0 | 0200 0075 | 0d48 8383 | c802 0000 | 01e9 4a00 
  0x000001e294e7f78c: 0000 4883 | bbb0 0200 | 0000 7517 | 4889 bbb0 | 0200 0048 | c783 b802 | 0000 0100 | 0000 e929 
  0x000001e294e7f7ac: 0000 0048 | 83bb c002 | 0000 0075 | 1748 89bb | c002 0000 | 48c7 83c8 | 0200 0001 | 0000 00e9 
  0x000001e294e7f7cc: 0800 0000 | 4883 83a8 | 0200 0001 | 0fbe 7e3a | 83e7 0185 

  0x000001e294e7f7e0: ;   {metadata(method data for {method} {0x000001e2aa276da0} 'runWorker' '(Ljava/util/concurrent/ThreadPoolExecutor$Worker;)V' in 'java/util/concurrent/ThreadPoolExecutor')}
  0x000001e294e7f7e0: ff48 bf88 | 5450 ade2 | 0100 00bb | d802 0000 | 7505 bbe8 | 0200 0048 | 8b04 1f48 | 8d40 0148 
  0x000001e294e7f800: 8904 1f0f | 85a3 0000 | 0048 8bfe 

  0x000001e294e7f80c: ;   {metadata(method data for {method} {0x000001e2aa276da0} 'runWorker' '(Ljava/util/concurrent/ThreadPoolExecutor$Worker;)V' in 'java/util/concurrent/ThreadPoolExecutor')}
  0x000001e294e7f80c: 48bb 8854 | 50ad e201 | 0000 8b7f | 0841 ba00 | 0000 1249 | 03fa 483b | bb00 0300 | 0075 0d48 
  0x000001e294e7f82c: 8383 0803 | 0000 01e9 | 6000 0000 | 483b bb10 | 0300 0075 | 0d48 8383 | 1803 0000 | 01e9 4a00 
  0x000001e294e7f84c: 0000 4883 | bb00 0300 | 0000 7517 | 4889 bb00 | 0300 0048 | c783 0803 | 0000 0100 | 0000 e929 
  0x000001e294e7f86c: 0000 0048 | 83bb 1003 | 0000 0075 | 1748 89bb | 1003 0000 | 48c7 8318 | 0300 0001 | 0000 00e9 
  0x000001e294e7f88c: 0800 0000 | 4883 83f8 | 0200 0001 | 488b d60f 

  0x000001e294e7f89c: ;   {optimized virtual_call}
  0x000001e294e7f89c: 1f40 00e8 

  0x000001e294e7f8a0: ; ImmutableOopMap {[152]=Oop [160]=Oop [168]=Oop [176]=Oop }
                      ;*invokevirtual interrupt {reexecute=0 rethrow=0 return_oop=0}
                      ; - java.util.concurrent.ThreadPoolExecutor::runWorker@82 (line 1086)
  0x000001e294e7f8a0: 3cf5 a206 

  0x000001e294e7f8a4: ;   {post_call_nop}
  0x000001e294e7f8a4: 0f1f 8400 | 9c0c 0004 | 488b 9424 | 9800 0000 

  0x000001e294e7f8b4: ;   {metadata(method data for {method} {0x000001e2aa276da0} 'runWorker' '(Ljava/util/concurrent/ThreadPoolExecutor$Worker;)V' in 'java/util/concurrent/ThreadPoolExecutor')}
  0x000001e294e7f8b4: 49b8 8854 | 50ad e201 | 0000 8b52 | 0841 ba00 | 0000 1249 | 03d2 493b | 9030 0300 | 0075 0d49 
  0x000001e294e7f8d4: 8380 3803 | 0000 01e9 | 6000 0000 | 493b 9040 | 0300 0075 | 0d49 8380 | 4803 0000 | 01e9 4a00 
  0x000001e294e7f8f4: 0000 4983 | b830 0300 | 0000 7517 | 4989 9030 | 0300 0049 | c780 3803 | 0000 0100 | 0000 e929 
  0x000001e294e7f914: 0000 0049 | 83b8 4003 | 0000 0075 | 1749 8990 | 4003 0000 | 49c7 8048 | 0300 0001 | 0000 00e9 
  0x000001e294e7f934: 0800 0000 | 4983 8028 | 0300 0001 | 4c8b 8424 | a800 0000 | 4c8b 8c24 | b000 0000 | 488b 9424 
  0x000001e294e7f954: 9800 0000 | 0f1f 4400 | 0048 b8d0 | 3b80 afe2 

  0x000001e294e7f964: ;   {virtual_call}
  0x000001e294e7f964: 0100 00e8 

  0x000001e294e7f968: ; ImmutableOopMap {[152]=Oop [160]=Oop [168]=Oop [176]=Oop }
                      ;*invokevirtual beforeExecute {reexecute=0 rethrow=0 return_oop=0}
                      ; - java.util.concurrent.ThreadPoolExecutor::runWorker@88 (line 1088)
  0x000001e294e7f968: 2653 7bff 

  0x000001e294e7f96c: ;   {post_call_nop}
  0x000001e294e7f96c: 0f1f 8400 | 640d 0005 | 488b bc24 | b000 0000 

  0x000001e294e7f97c: ; implicit exception: dispatches to 0x000001e294e805a3
  0x000001e294e7f97c: 483b 0748 

  0x000001e294e7f980: ;   {metadata(method data for {method} {0x000001e2aa276da0} 'runWorker' '(Ljava/util/concurrent/ThreadPoolExecutor$Worker;)V' in 'java/util/concurrent/ThreadPoolExecutor')}
  0x000001e294e7f980: 8bd7 48be | 8854 50ad | e201 0000 | 8b52 0841 | ba00 0000 | 1249 03d2 | 483b 9660 | 0300 0075 
  0x000001e294e7f9a0: 0d48 8386 | 6803 0000 | 01e9 6000 | 0000 483b | 9670 0300 | 0075 0d48 | 8386 7803 | 0000 01e9 
  0x000001e294e7f9c0: 4a00 0000 | 4883 be60 | 0300 0000 | 7517 4889 | 9660 0300 | 0048 c786 | 6803 0000 | 0100 0000 
  0x000001e294e7f9e0: e929 0000 | 0048 83be | 7003 0000 | 0075 1748 | 8996 7003 | 0000 48c7 | 8678 0300 | 0001 0000 
  0x000001e294e7fa00: 00e9 0800 | 0000 4883 | 8658 0300 | 0001 488b | d748 89bc | 24b0 0000 | 000f 1f40 | 0048 b8f8 
  0x000001e294e7fa20: 3b80 afe2 

  0x000001e294e7fa24: ;   {virtual_call}
  0x000001e294e7fa24: 0100 00e8 

  0x000001e294e7fa28: ; ImmutableOopMap {[152]=Oop [160]=Oop [168]=Oop [176]=Oop }
                      ;*invokeinterface run {reexecute=0 rethrow=0 return_oop=0}
                      ; - java.util.concurrent.ThreadPoolExecutor::runWorker@92 (line 1090)
  0x000001e294e7fa28: cca5 ba06 

  0x000001e294e7fa2c: ;   {post_call_nop}
  0x000001e294e7fa2c: 0f1f 8400 | 240e 0006 | 488b 9424 | 9800 0000 

  0x000001e294e7fa3c: ;   {metadata(method data for {method} {0x000001e2aa276da0} 'runWorker' '(Ljava/util/concurrent/ThreadPoolExecutor$Worker;)V' in 'java/util/concurrent/ThreadPoolExecutor')}
  0x000001e294e7fa3c: 49b8 8854 | 50ad e201 | 0000 8b52 | 0841 ba00 | 0000 1249 | 03d2 493b | 9090 0300 | 0075 0d49 
  0x000001e294e7fa5c: 8380 9803 | 0000 01e9 | 6000 0000 | 493b 90a0 | 0300 0075 | 0d49 8380 | a803 0000 | 01e9 4a00 
  0x000001e294e7fa7c: 0000 4983 | b890 0300 | 0000 7517 | 4989 9090 | 0300 0049 | c780 9803 | 0000 0100 | 0000 e929 
  0x000001e294e7fa9c: 0000 0049 | 83b8 a003 | 0000 0075 | 1749 8990 | a003 0000 | 49c7 80a8 | 0300 0001 | 0000 00e9 
  0x000001e294e7fabc: 0800 0000 | 4983 8088 | 0300 0001 | 4c8b 8424 | b000 0000 

  0x000001e294e7fad0: ;   {oop(nullptr)}
  0x000001e294e7fad0: 49b9 0000 | 0000 0000 | 0000 488b | 9424 9800 | 0000 6666 | 9048 b820 | 3c80 afe2 

  0x000001e294e7faec: ;   {virtual_call}
  0x000001e294e7faec: 0100 00e8 

  0x000001e294e7faf0: ; ImmutableOopMap {[152]=Oop [160]=Oop [168]=Oop [176]=Oop }
                      ;*invokevirtual afterExecute {reexecute=0 rethrow=0 return_oop=0}
                      ; - java.util.concurrent.ThreadPoolExecutor::runWorker@100 (line 1091)
  0x000001e294e7faf0: 1e03 5cff 

  0x000001e294e7faf4: ;   {post_call_nop}
  0x000001e294e7faf4: 0f1f 8400 | ec0e 0007 

  0x000001e294e7fafc: ;   {metadata(method data for {method} {0x000001e2aa276da0} 'runWorker' '(Ljava/util/concurrent/ThreadPoolExecutor$Worker;)V' in 'java/util/concurrent/ThreadPoolExecutor')}
  0x000001e294e7fafc: 48ba 8854 | 50ad e201 | 0000 ff82 | b803 0000 | 4c8b 8424 | a000 0000 | c4c1 7b10 | 4020 c4e1 
  0x000001e294e7fb1c: f97e c241 | ba01 0000 | 0049 03d2 | 4889 9424 | c000 0000 | c5fb 1084 | 24c0 0000 | 00c4 c17b 
  0x000001e294e7fb3c: 1140 20f0 | 8344 24c0 | 0049 8bd0 

  0x000001e294e7fb48: ;   {metadata(method data for {method} {0x000001e2aa276da0} 'runWorker' '(Ljava/util/concurrent/ThreadPoolExecutor$Worker;)V' in 'java/util/concurrent/ThreadPoolExecutor')}
  0x000001e294e7fb48: 48be 8854 | 50ad e201 | 0000 8b52 | 0841 ba00 | 0000 1249 | 03d2 483b | 9608 0400 | 0075 0d48 
  0x000001e294e7fb68: 8386 1004 | 0000 01e9 | 6000 0000 | 483b 9618 | 0400 0075 | 0d48 8386 | 2004 0000 | 01e9 4a00 
  0x000001e294e7fb88: 0000 4883 | be08 0400 | 0000 7517 | 4889 9608 | 0400 0048 | c786 1004 | 0000 0100 | 0000 e929 
  0x000001e294e7fba8: 0000 0048 | 83be 1804 | 0000 0075 | 1748 8996 | 1804 0000 | 48c7 8620 | 0400 0001 | 0000 00e9 
  0x000001e294e7fbc8: 0800 0000 | 4883 8600 | 0400 0001 

  0x000001e294e7fbd4: ;   {metadata(method data for {method} {0x000001e2aa3e9930} 'unlock' '()V' in 'java/util/concurrent/ThreadPoolExecutor$Worker')}
  0x000001e294e7fbd4: 48ba 8030 | beab e201 | 0000 8bb2 | 9000 0000 | 83c6 0289 | b290 0000 | 0081 e6fe | ff1f 0085 
  0x000001e294e7fbf4: f60f 84ad | 0900 0049 

  0x000001e294e7fbfc: ;   {metadata(method data for {method} {0x000001e2aa3e9930} 'unlock' '()V' in 'java/util/concurrent/ThreadPoolExecutor$Worker')}
  0x000001e294e7fbfc: 8bd0 48be | 8030 beab | e201 0000 | 8b52 0841 | ba00 0000 | 1249 03d2 | 483b 96e0 | 0000 0075 
  0x000001e294e7fc1c: 0d48 8386 | e800 0000 | 01e9 6000 | 0000 483b | 96f0 0000 | 0075 0d48 | 8386 f800 | 0000 01e9 
  0x000001e294e7fc3c: 4a00 0000 | 4883 bee0 | 0000 0000 | 7517 4889 | 96e0 0000 | 0048 c786 | e800 0000 | 0100 0000 
  0x000001e294e7fc5c: e929 0000 | 0048 83be | f000 0000 | 0075 1748 | 8996 f000 | 0000 48c7 | 86f8 0000 | 0001 0000 
  0x000001e294e7fc7c: 00e9 0800 | 0000 4883 | 86d8 0000 

  0x000001e294e7fc88: ;   {metadata(method data for {method} {0x00000000122d24b8} 'release' '(I)Z' in 'java/util/concurrent/locks/AbstractQueuedSynchronizer')}
  0x000001e294e7fc88: 0001 48ba | 185d 22aa | e201 0000 | 8bb2 9000 | 0000 83c6 | 0289 b290 | 0000 0081 | e6fe ff1f 
  0x000001e294e7fca8: 0085 f60f | 8418 0900 | 0049 8bd0 

  0x000001e294e7fcb4: ;   {metadata(method data for {method} {0x00000000122d24b8} 'release' '(I)Z' in 'java/util/concurrent/locks/AbstractQueuedSynchronizer')}
  0x000001e294e7fcb4: 48be 185d | 22aa e201 | 0000 4883 | 86f8 0000 

  0x000001e294e7fcc4: ;   {metadata(method data for {method} {0x000001e2aa3e9720} 'tryRelease' '(I)Z' in 'java/util/concurrent/ThreadPoolExecutor$Worker')}
  0x000001e294e7fcc4: 0001 48ba | c831 beab | e201 0000 | 8bb2 9000 | 0000 83c6 | 0289 b290 | 0000 0081 | e6fe ff1f 
  0x000001e294e7fce4: 0085 f60f | 84fd 0800 | 0049 8bd0 

  0x000001e294e7fcf0: ;   {metadata(method data for {method} {0x000001e2aa3e9720} 'tryRelease' '(I)Z' in 'java/util/concurrent/ThreadPoolExecutor$Worker')}
  0x000001e294e7fcf0: 48be c831 | beab e201 | 0000 8b52 | 0841 ba00 | 0000 1249 | 03d2 483b | 96e0 0000 | 0075 0d48 
  0x000001e294e7fd10: 8386 e800 | 0000 01e9 | 6000 0000 | 483b 96f0 | 0000 0075 | 0d48 8386 | f800 0000 | 01e9 4a00 
  0x000001e294e7fd30: 0000 4883 | bee0 0000 | 0000 7517 | 4889 96e0 | 0000 0048 | c786 e800 | 0000 0100 | 0000 e929 
  0x000001e294e7fd50: 0000 0048 | 83be f000 | 0000 0075 | 1748 8996 | f000 0000 | 48c7 86f8 | 0000 0001 | 0000 00e9 
  0x000001e294e7fd70: 0800 0000 | 4883 86d8 | 0000 0001 | 410f be57 | 4885 d20f | 8582 0800 | 0041 c740 | 0c00 0000 
  0x000001e294e7fd90: 0049 8bd0 

  0x000001e294e7fd94: ;   {metadata(method data for {method} {0x000001e2aa3e9720} 'tryRelease' '(I)Z' in 'java/util/concurrent/ThreadPoolExecutor$Worker')}
  0x000001e294e7fd94: 48be c831 | beab e201 | 0000 8b52 | 0841 ba00 | 0000 1249 | 03d2 483b | 9610 0100 | 0075 0d48 
  0x000001e294e7fdb4: 8386 1801 | 0000 01e9 | 6000 0000 | 483b 9620 | 0100 0075 | 0d48 8386 | 2801 0000 | 01e9 4a00 
  0x000001e294e7fdd4: 0000 4883 | be10 0100 | 0000 7517 | 4889 9610 | 0100 0048 | c786 1801 | 0000 0100 | 0000 e929 
  0x000001e294e7fdf4: 0000 0048 | 83be 2001 | 0000 0075 | 1748 8996 | 2001 0000 | 48c7 8628 | 0100 0001 | 0000 00e9 
  0x000001e294e7fe14: 0800 0000 | 4883 8608 | 0100 0001 | ba00 0000 | 0041 8950 | 18f0 8344 

  0x000001e294e7fe2c: ;   {metadata(method data for {method} {0x00000000122d24b8} 'release' '(I)Z' in 'java/util/concurrent/locks/AbstractQueuedSynchronizer')}
  0x000001e294e7fe2c: 24c0 0048 | ba18 5d22 | aae2 0100 | 00ff 8218 | 0100 0041 

  0x000001e294e7fe40: ;   {metadata(method data for {method} {0x00000000122d24b8} 'release' '(I)Z' in 'java/util/concurrent/locks/AbstractQueuedSynchronizer')}
  0x000001e294e7fe40: 8b50 1048 | be18 5d22 | aae2 0100 | 0048 8386 | 2801 0000 

  0x000001e294e7fe54: ;   {static_call}
  0x000001e294e7fe54: 0166 90e8 

  0x000001e294e7fe58: ; ImmutableOopMap {[152]=Oop [160]=Oop [168]=Oop }
                      ;*invokestatic signalNext {reexecute=0 rethrow=0 return_oop=0}
                      ; - java.util.concurrent.locks.AbstractQueuedSynchronizer::release@12 (line 1100)
                      ; - java.util.concurrent.ThreadPoolExecutor$Worker::unlock@2 (line 642)
                      ; - java.util.concurrent.ThreadPoolExecutor::runWorker@131 (line 1099)
  0x000001e294e7fe58: 2451 1507 

  0x000001e294e7fe5c: ;   {post_call_nop}
  0x000001e294e7fe5c: 0f1f 8400 | 5412 0008 

  0x000001e294e7fe64: ;   {metadata(method data for {method} {0x000001e2aa276da0} 'runWorker' '(Ljava/util/concurrent/ThreadPoolExecutor$Worker;)V' in 'java/util/concurrent/ThreadPoolExecutor')}
  0x000001e294e7fe64: 49b8 8854 | 50ad e201 | 0000 41ff | 8030 0400 

  0x000001e294e7fe74: ;   {metadata(method data for {method} {0x000001e2aa276da0} 'runWorker' '(Ljava/util/concurrent/ThreadPoolExecutor$Worker;)V' in 'java/util/concurrent/ThreadPoolExecutor')}
  0x000001e294e7fe74: 0049 b888 | 5450 ade2 | 0100 0045 | 8b88 9400 | 0000 4183 | c102 4589 | 8894 0000 | 0041 81e1 
  0x000001e294e7fe94: fe3f 0000 | 4585 c90f | 8486 0700 | 004d 8b57 

  0x000001e294e7fea4: ; ImmutableOopMap {[152]=Oop [160]=Oop [168]=Oop }
                      ;*goto {reexecute=1 rethrow=0 return_oop=0}
                      ; - (reexecute) java.util.concurrent.ThreadPoolExecutor::runWorker@158 (line 1100)
                      ;   {poll}
  0x000001e294e7fea4: 3041 8502 

  0x000001e294e7fea8: ;   {metadata(method data for {method} {0x000001e2aa276da0} 'runWorker' '(Ljava/util/concurrent/ThreadPoolExecutor$Worker;)V' in 'java/util/concurrent/ThreadPoolExecutor')}
  0x000001e294e7fea8: 49b8 8854 | 50ad e201 | 0000 41ff | 8078 0400 

  0x000001e294e7feb8: ;   {oop(nullptr)}
  0x000001e294e7feb8: 0048 bf00 | 0000 0000 | 0000 00e9 | 20f2 ffff | 488b 9424 | 9800 0000 

  0x000001e294e7fed0: ;   {metadata(method data for {method} {0x000001e2aa276da0} 'runWorker' '(Ljava/util/concurrent/ThreadPoolExecutor$Worker;)V' in 'java/util/concurrent/ThreadPoolExecutor')}
  0x000001e294e7fed0: 49b8 8854 | 50ad e201 | 0000 4983 | 8090 0400 | 0001 4c8b | 8424 a000 | 0000 41b9 | 0000 0000 
  0x000001e294e7fef0: 488b 9424 | 9800 0000 | 0f1f 8000 

  0x000001e294e7fefc: ;   {optimized virtual_call}
  0x000001e294e7fefc: 0000 00e8 

  0x000001e294e7ff00: ; ImmutableOopMap {}
                      ;*invokevirtual processWorkerExit {reexecute=0 rethrow=0 return_oop=0}
                      ; - java.util.concurrent.ThreadPoolExecutor::runWorker@168 (line 1104)
  0x000001e294e7ff00: 1c56 c5ff 

  0x000001e294e7ff04: ;   {post_call_nop}
  0x000001e294e7ff04: 0f1f 8400 | fc12 000a 

  0x000001e294e7ff0c: ;   {metadata(method data for {method} {0x000001e2aa276da0} 'runWorker' '(Ljava/util/concurrent/ThreadPoolExecutor$Worker;)V' in 'java/util/concurrent/ThreadPoolExecutor')}
  0x000001e294e7ff0c: 48b8 8854 | 50ad e201 | 0000 ff80 | c004 0000 | 4881 c4f0 | 0000 005d 

  0x000001e294e7ff24: ;   {poll_return}
  0x000001e294e7ff24: 493b 6728 | 0f87 1a07 | 0000 c349 | 8b87 8805 | 0000 4d33 | d24d 8997 | 8805 0000 | 4d33 d24d 
  0x000001e294e7ff44: 8997 9005 | 0000 488b | 9424 9800 

  0x000001e294e7ff50: ;   {metadata(method data for {method} {0x000001e2aa276da0} 'runWorker' '(Ljava/util/concurrent/ThreadPoolExecutor$Worker;)V' in 'java/util/concurrent/ThreadPoolExecutor')}
  0x000001e294e7ff50: 0000 49b8 | 8854 50ad | e201 0000 | 8b52 0841 | ba00 0000 | 1249 03d2 | 493b 90d8 | 0300 0075 
  0x000001e294e7ff70: 0d49 8380 | e003 0000 | 01e9 6000 | 0000 493b | 90e8 0300 | 0075 0d49 | 8380 f003 | 0000 01e9 
  0x000001e294e7ff90: 4a00 0000 | 4983 b8d8 | 0300 0000 | 7517 4989 | 90d8 0300 | 0049 c780 | e003 0000 | 0100 0000 
  0x000001e294e7ffb0: e929 0000 | 0049 83b8 | e803 0000 | 0075 1749 | 8990 e803 | 0000 49c7 | 80f0 0300 | 0001 0000 
  0x000001e294e7ffd0: 00e9 0800 | 0000 4983 | 80d0 0300 | 0001 4c8b | c74c 8bc8 | 488b 9424 | 9800 0000 | 4889 8424 
  0x000001e294e7fff0: c800 0000 | 9048 b848 | 3c80 afe2 

  0x000001e294e7fffc: ;   {virtual_call}
  0x000001e294e7fffc: 0100 00e8 

  0x000001e294e80000: ; ImmutableOopMap {[152]=Oop [160]=Oop [200]=Oop }
                      ;*invokevirtual afterExecute {reexecute=0 rethrow=0 return_oop=0}
                      ; - java.util.concurrent.ThreadPoolExecutor::runWorker@112 (line 1093)
  0x000001e294e80000: dcf0 a206 

  0x000001e294e80004: ;   {post_call_nop}
  0x000001e294e80004: 0f1f 8400 | fc13 000b | 488b 8424 

  0x000001e294e80010: ; ImmutableOopMap {rax=Oop [152]=Oop [160]=Oop }
                      ;*athrow {reexecute=1 rethrow=0 return_oop=0}
                      ; - (reexecute) java.util.concurrent.ThreadPoolExecutor::runWorker@117 (line 1094)
  0x000001e294e80010: c800 0000 

  0x000001e294e80014: ;   {section_word}
  0x000001e294e80014: 48ba 1400 | e894 e201 

  0x000001e294e8001c: ;   {runtime_call C1 Runtime handle_exception_blob}
  0x000001e294e8001c: 0000 e8bd | b1af 0690 | 498b 8788 | 0500 004d | 33d2 4d89 | 9788 0500 | 004d 33d2 | 4d89 9790 
  0x000001e294e8003c: 0500 004c | 8b84 24a0 | 0000 00c4 | c17b 1040 | 20c4 e1f9 | 7ec2 41ba | 0100 0000 | 4903 d248 
  0x000001e294e8005c: 8994 24d0 | 0000 00c5 | fb10 8424 | d000 0000 | c4c1 7b11 | 4020 f083 | 4424 c000 

  0x000001e294e80078: ;   {metadata(method data for {method} {0x000001e2aa276da0} 'runWorker' '(Ljava/util/concurrent/ThreadPoolExecutor$Worker;)V' in 'java/util/concurrent/ThreadPoolExecutor')}
  0x000001e294e80078: 498b d048 | be88 5450 | ade2 0100 | 008b 5208 | 41ba 0000 | 0012 4903 | d248 3b96 | 5004 0000 
  0x000001e294e80098: 750d 4883 | 8658 0400 | 0001 e960 | 0000 0048 | 3b96 6004 | 0000 750d | 4883 8668 | 0400 0001 
  0x000001e294e800b8: e94a 0000 | 0048 83be | 5004 0000 | 0075 1748 | 8996 5004 | 0000 48c7 | 8658 0400 | 0001 0000 
  0x000001e294e800d8: 00e9 2900 | 0000 4883 | be60 0400 | 0000 7517 | 4889 9660 | 0400 0048 | c786 6804 | 0000 0100 
  0x000001e294e800f8: 0000 e908 | 0000 0048 | 8386 4804 

  0x000001e294e80104: ;   {metadata(method data for {method} {0x000001e2aa3e9930} 'unlock' '()V' in 'java/util/concurrent/ThreadPoolExecutor$Worker')}
  0x000001e294e80104: 0000 0148 | ba80 30be | abe2 0100 | 008b b290 | 0000 0083 | c602 89b2 | 9000 0000 | 81e6 feff 
  0x000001e294e80124: 1f00 85f6 | 0f84 3005 | 0000 498b 

  0x000001e294e80130: ;   {metadata(method data for {method} {0x000001e2aa3e9930} 'unlock' '()V' in 'java/util/concurrent/ThreadPoolExecutor$Worker')}
  0x000001e294e80130: d048 be80 | 30be abe2 | 0100 008b | 5208 41ba | 0000 0012 | 4903 d248 | 3b96 e000 | 0000 750d 
  0x000001e294e80150: 4883 86e8 | 0000 0001 | e960 0000 | 0048 3b96 | f000 0000 | 750d 4883 | 86f8 0000 | 0001 e94a 
  0x000001e294e80170: 0000 0048 | 83be e000 | 0000 0075 | 1748 8996 | e000 0000 | 48c7 86e8 | 0000 0001 | 0000 00e9 
  0x000001e294e80190: 2900 0000 | 4883 bef0 | 0000 0000 | 7517 4889 | 96f0 0000 | 0048 c786 | f800 0000 | 0100 0000 
  0x000001e294e801b0: e908 0000 | 0048 8386 | d800 0000 

  0x000001e294e801bc: ;   {metadata(method data for {method} {0x00000000122d24b8} 'release' '(I)Z' in 'java/util/concurrent/locks/AbstractQueuedSynchronizer')}
  0x000001e294e801bc: 0148 ba18 | 5d22 aae2 | 0100 008b | b290 0000 | 0083 c602 | 89b2 9000 | 0000 81e6 | feff 1f00 
  0x000001e294e801dc: 85f6 0f84 | 9b04 0000 

  0x000001e294e801e4: ;   {metadata(method data for {method} {0x00000000122d24b8} 'release' '(I)Z' in 'java/util/concurrent/locks/AbstractQueuedSynchronizer')}
  0x000001e294e801e4: 498b d048 | be18 5d22 | aae2 0100 | 0048 8386 | f800 0000 

  0x000001e294e801f8: ;   {metadata(method data for {method} {0x000001e2aa3e9720} 'tryRelease' '(I)Z' in 'java/util/concurrent/ThreadPoolExecutor$Worker')}
  0x000001e294e801f8: 0148 bac8 | 31be abe2 | 0100 008b | b290 0000 | 0083 c602 | 89b2 9000 | 0000 81e6 | feff 1f00 
  0x000001e294e80218: 85f6 0f84 | 8004 0000 

  0x000001e294e80220: ;   {metadata(method data for {method} {0x000001e2aa3e9720} 'tryRelease' '(I)Z' in 'java/util/concurrent/ThreadPoolExecutor$Worker')}
  0x000001e294e80220: 498b d048 | bec8 31be | abe2 0100 | 008b 5208 | 41ba 0000 | 0012 4903 | d248 3b96 | e000 0000 
  0x000001e294e80240: 750d 4883 | 86e8 0000 | 0001 e960 | 0000 0048 | 3b96 f000 | 0000 750d | 4883 86f8 | 0000 0001 
  0x000001e294e80260: e94a 0000 | 0048 83be | e000 0000 | 0075 1748 | 8996 e000 | 0000 48c7 | 86e8 0000 | 0001 0000 
  0x000001e294e80280: 00e9 2900 | 0000 4883 | bef0 0000 | 0000 7517 | 4889 96f0 | 0000 0048 | c786 f800 | 0000 0100 
  0x000001e294e802a0: 0000 e908 | 0000 0048 | 8386 d800 | 0000 0141 | 0fbe 5748 | 85d2 0f85 | 0504 0000 | 41c7 400c 
  0x000001e294e802c0: 0000 0000 

  0x000001e294e802c4: ;   {metadata(method data for {method} {0x000001e2aa3e9720} 'tryRelease' '(I)Z' in 'java/util/concurrent/ThreadPoolExecutor$Worker')}
  0x000001e294e802c4: 498b d048 | bec8 31be | abe2 0100 | 008b 5208 | 41ba 0000 | 0012 4903 | d248 3b96 | 1001 0000 
  0x000001e294e802e4: 750d 4883 | 8618 0100 | 0001 e960 | 0000 0048 | 3b96 2001 | 0000 750d | 4883 8628 | 0100 0001 
  0x000001e294e80304: e94a 0000 | 0048 83be | 1001 0000 | 0075 1748 | 8996 1001 | 0000 48c7 | 8618 0100 | 0001 0000 
  0x000001e294e80324: 00e9 2900 | 0000 4883 | be20 0100 | 0000 7517 | 4889 9620 | 0100 0048 | c786 2801 | 0000 0100 
  0x000001e294e80344: 0000 e908 | 0000 0048 | 8386 0801 | 0000 01ba | 0000 0000 | 4189 5018 | f083 4424 

  0x000001e294e80360: ;   {metadata(method data for {method} {0x00000000122d24b8} 'release' '(I)Z' in 'java/util/concurrent/locks/AbstractQueuedSynchronizer')}
  0x000001e294e80360: c000 48ba | 185d 22aa | e201 0000 | ff82 1801 | 0000 4889 | 8424 d800 | 0000 418b 

  0x000001e294e8037c: ;   {metadata(method data for {method} {0x00000000122d24b8} 'release' '(I)Z' in 'java/util/concurrent/locks/AbstractQueuedSynchronizer')}
  0x000001e294e8037c: 5010 48be | 185d 22aa | e201 0000 | 4883 8628 | 0100 0001 | 0f1f 8000 

  0x000001e294e80394: ;   {static_call}
  0x000001e294e80394: 0000 00e8 

  0x000001e294e80398: ; ImmutableOopMap {[152]=Oop [160]=Oop [216]=Oop }
                      ;*invokestatic signalNext {reexecute=0 rethrow=0 return_oop=0}
                      ; - java.util.concurrent.locks.AbstractQueuedSynchronizer::release@12 (line 1100)
                      ; - java.util.concurrent.ThreadPoolExecutor$Worker::unlock@2 (line 642)
                      ; - java.util.concurrent.ThreadPoolExecutor::runWorker@152 (line 1099)
  0x000001e294e80398: 44f0 a206 

  0x000001e294e8039c: ;   {post_call_nop}
  0x000001e294e8039c: 0f1f 8400 | 9417 000d | 488b 8424 

  0x000001e294e803a8: ; ImmutableOopMap {rax=Oop [152]=Oop [160]=Oop }
                      ;*athrow {reexecute=1 rethrow=0 return_oop=0}
                      ; - (reexecute) java.util.concurrent.ThreadPoolExecutor::runWorker@157 (line 1100)
  0x000001e294e803a8: d800 0000 

  0x000001e294e803ac: ;   {section_word}
  0x000001e294e803ac: 48ba ac03 | e894 e201 

  0x000001e294e803b4: ;   {runtime_call C1 Runtime handle_exception_blob}
  0x000001e294e803b4: 0000 e825 | aeaf 0690 | 498b 8788 | 0500 004d | 33d2 4d89 | 9788 0500 | 004d 33d2 | 4d89 9790 
  0x000001e294e803d4: 0500 0048 | 8984 24e0 | 0000 004c | 8b84 24a0 | 0000 0048 | 8b94 2498 | 0000 004c 

  0x000001e294e803f0: ;   {metadata(method data for {method} {0x000001e2aa276da0} 'runWorker' '(Ljava/util/concurrent/ThreadPoolExecutor$Worker;)V' in 'java/util/concurrent/ThreadPoolExecutor')}
  0x000001e294e803f0: 8bca 48be | 8854 50ad | e201 0000 | 4883 86d8 | 0400 0001 | 41b9 0100 | 0000 0f1f 

  0x000001e294e8040c: ;   {optimized virtual_call}
  0x000001e294e8040c: 4400 00e8 

  0x000001e294e80410: ; ImmutableOopMap {[224]=Oop }
                      ;*invokevirtual processWorkerExit {reexecute=0 rethrow=0 return_oop=0}
                      ; - java.util.concurrent.ThreadPoolExecutor::runWorker@180 (line 1104)
  0x000001e294e80410: cce9 a206 

  0x000001e294e80414: ;   {post_call_nop}
  0x000001e294e80414: 0f1f 8400 | 0c18 000f | 488b 8424 | e000 0000 | e9eb 0200 

  0x000001e294e80428: ;   {metadata({method} {0x000001e2aa276da0} 'runWorker' '(Ljava/util/concurrent/ThreadPoolExecutor$Worker;)V' in 'java/util/concurrent/ThreadPoolExecutor')}
  0x000001e294e80428: 0049 ba98 | 6d27 aae2 | 0100 004c | 8954 2408 | 48c7 0424 | ffff ffff 

  0x000001e294e80440: ;   {runtime_call C1 Runtime counter_overflow_blob}
  0x000001e294e80440: e81b efaf 

  0x000001e294e80444: ; ImmutableOopMap {rdx=Oop r8=Oop [152]=Oop [160]=Oop }
                      ;*synchronization entry
                      ; - java.util.concurrent.ThreadPoolExecutor::runWorker@-1 (line 1070)
  0x000001e294e80444: 06e9 2ce9 

  0x000001e294e80448: ;   {runtime_call C1 Runtime throw_null_pointer_exception_blob}
  0x000001e294e80448: ffff e811 

  0x000001e294e8044c: ; ImmutableOopMap {rdx=Oop r8=Oop rsi=Oop [152]=Oop [160]=Oop [168]=Oop }
                      ;*getfield firstTask {reexecute=1 rethrow=0 return_oop=0}
                      ; - (reexecute) java.util.concurrent.ThreadPoolExecutor::runWorker@5 (line 1071)
  0x000001e294e8044c: 8faf 0641 | 8b58 2848 | 83fb 000f | 844e e9ff | ff48 891c 

  0x000001e294e80460: ;   {runtime_call g1_pre_barrier_slow}
  0x000001e294e80460: 24e8 faf4 | af06 e940 

  0x000001e294e80468: ;   {metadata({method} {0x000001e2aa3e9930} 'unlock' '()V' in 'java/util/concurrent/ThreadPoolExecutor$Worker')}
  0x000001e294e80468: e9ff ff49 | ba28 993e | aae2 0100 | 004c 8954 | 2408 48c7 | 0424 ffff 

  0x000001e294e80480: ;   {runtime_call C1 Runtime counter_overflow_blob}
  0x000001e294e80480: ffff e8d9 

  0x000001e294e80484: ; ImmutableOopMap {rdx=Oop r8=Oop rsi=Oop rdi=Oop [152]=Oop [160]=Oop [168]=Oop }
                      ;*synchronization entry
                      ; - java.util.concurrent.ThreadPoolExecutor$Worker::unlock@-1 (line 642)
                      ; - java.util.concurrent.ThreadPoolExecutor::runWorker@15 (line 1073)
  0x000001e294e80484: eeaf 06e9 | dce9 ffff 

  0x000001e294e8048c: ;   {metadata({method} {0x00000000122d24b8} 'release' '(I)Z' in 'java/util/concurrent/locks/AbstractQueuedSynchronizer')}
  0x000001e294e8048c: 49ba b024 | 2d12 0000 | 0000 4c89 | 5424 0848 | c704 24ff 

  0x000001e294e804a0: ;   {runtime_call C1 Runtime counter_overflow_blob}
  0x000001e294e804a0: ffff ffe8 

  0x000001e294e804a4: ; ImmutableOopMap {rdx=Oop r8=Oop rsi=Oop rdi=Oop [152]=Oop [160]=Oop [168]=Oop }
                      ;*synchronization entry
                      ; - java.util.concurrent.locks.AbstractQueuedSynchronizer::release@-1 (line 1099)
                      ; - java.util.concurrent.ThreadPoolExecutor$Worker::unlock@2 (line 642)
                      ; - java.util.concurrent.ThreadPoolExecutor::runWorker@15 (line 1073)
  0x000001e294e804a4: b8ee af06 | e970 eaff 

  0x000001e294e804ac: ;   {metadata({method} {0x000001e2aa3e9720} 'tryRelease' '(I)Z' in 'java/util/concurrent/ThreadPoolExecutor$Worker')}
  0x000001e294e804ac: ff49 ba18 | 973e aae2 | 0100 004c | 8954 2408 | 48c7 0424 | ffff ffff 

  0x000001e294e804c4: ;   {runtime_call C1 Runtime counter_overflow_blob}
  0x000001e294e804c4: e897 eeaf 

  0x000001e294e804c8: ; ImmutableOopMap {rdx=Oop r8=Oop rsi=Oop rdi=Oop [152]=Oop [160]=Oop [168]=Oop }
                      ;*synchronization entry
                      ; - java.util.concurrent.ThreadPoolExecutor$Worker::tryRelease@-1 (line 635)
                      ; - java.util.concurrent.locks.AbstractQueuedSynchronizer::release@2 (line 1099)
                      ; - java.util.concurrent.ThreadPoolExecutor$Worker::unlock@2 (line 642)
                      ; - java.util.concurrent.ThreadPoolExecutor::runWorker@15 (line 1073)
  0x000001e294e804c8: 06e9 8aea | ffff 418b | 580c 4883 | fb00 0f84 | 18eb ffff | 4889 1c24 

  0x000001e294e804e0: ;   {runtime_call g1_pre_barrier_slow}
  0x000001e294e804e0: e87b f4af | 06e9 0aeb 

  0x000001e294e804e8: ;   {metadata({method} {0x000001e2aa3e97d0} 'lock' '()V' in 'java/util/concurrent/ThreadPoolExecutor$Worker')}
  0x000001e294e804e8: ffff 49ba | c897 3eaa | e201 0000 | 4c89 5424 | 0848 c704 | 24ff ffff 

  0x000001e294e80500: ;   {runtime_call C1 Runtime counter_overflow_blob}
  0x000001e294e80500: ffe8 5aee 

  0x000001e294e80504: ; ImmutableOopMap {[152]=Oop [160]=Oop [168]=Oop [176]=Oop }
                      ;*synchronization entry
                      ; - java.util.concurrent.ThreadPoolExecutor$Worker::lock@-1 (line 640)
                      ; - java.util.concurrent.ThreadPoolExecutor::runWorker@35 (line 1077)
  0x000001e294e80504: af06 e92d 

  0x000001e294e80508: ;   {runtime_call C1 Runtime throw_null_pointer_exception_blob}
  0x000001e294e80508: edff ffe8 

  0x000001e294e8050c: ; ImmutableOopMap {rdx=Oop rsi=Oop [152]=Oop [160]=Oop [168]=Oop [176]=Oop }
                      ;*invokevirtual get {reexecute=0 rethrow=0 return_oop=0}
                      ; - java.util.concurrent.ThreadPoolExecutor::runWorker@42 (line 1082)
  0x000001e294e8050c: 508e af06 

  0x000001e294e80510: ;   {metadata({method} {0x000001e2aa2757c8} 'runStateAtLeast' '(II)Z' in 'java/util/concurrent/ThreadPoolExecutor')}
  0x000001e294e80510: 49ba c057 | 27aa e201 | 0000 4c89 | 5424 0848 | c704 24ff 

  0x000001e294e80524: ;   {runtime_call C1 Runtime counter_overflow_blob}
  0x000001e294e80524: ffff ffe8 

  0x000001e294e80528: ; ImmutableOopMap {rdx=Oop [152]=Oop [160]=Oop [168]=Oop [176]=Oop }
                      ;*synchronization entry
                      ; - java.util.concurrent.ThreadPoolExecutor::runStateAtLeast@-1 (line 408)
                      ; - java.util.concurrent.ThreadPoolExecutor::runWorker@47 (line 1082)
  0x000001e294e80528: 34ee af06 | e994 eeff 

  0x000001e294e80530: ;   {metadata({method} {0x00000000124a3658} 'interrupted' '()Z' in 'java/lang/Thread')}
  0x000001e294e80530: ff49 ba50 | 364a 1200 | 0000 004c | 8954 2408 | 48c7 0424 | ffff ffff 

  0x000001e294e80548: ;   {runtime_call C1 Runtime counter_overflow_blob}
  0x000001e294e80548: e813 eeaf 

  0x000001e294e8054c: ; ImmutableOopMap {rdx=Oop [152]=Oop [160]=Oop [168]=Oop [176]=Oop }
                      ;*synchronization entry
                      ; - java.lang.Thread::interrupted@-1 (line 1625)
                      ; - java.util.concurrent.ThreadPoolExecutor::runWorker@53 (line 1083)
  0x000001e294e8054c: 06e9 26ef 

  0x000001e294e80550: ;   {runtime_call C1 Runtime throw_null_pointer_exception_blob}
  0x000001e294e80550: ffff e809 

  0x000001e294e80554: ; ImmutableOopMap {rdx=Oop rsi=Oop [152]=Oop [160]=Oop [168]=Oop [176]=Oop }
                      ;*invokevirtual getAndClearInterrupt {reexecute=0 rethrow=0 return_oop=0}
                      ; - java.lang.Thread::interrupted@3 (line 1625)
                      ; - java.util.concurrent.ThreadPoolExecutor::runWorker@53 (line 1083)
                      ;   {metadata({method} {0x0000000012191170} 'getAndClearInterrupt' '()Z' in 'java/lang/Thread')}
  0x000001e294e80554: 8eaf 0649 | ba68 1119 | 1200 0000 | 004c 8954 | 2408 48c7 | 0424 ffff 

  0x000001e294e8056c: ;   {runtime_call C1 Runtime counter_overflow_blob}
  0x000001e294e8056c: ffff e8ed 

  0x000001e294e80570: ; ImmutableOopMap {rdx=Oop rsi=Oop [152]=Oop [160]=Oop [168]=Oop [176]=Oop }
                      ;*synchronization entry
                      ; - java.lang.Thread::getAndClearInterrupt@-1 (line 1657)
                      ; - java.lang.Thread::interrupted@3 (line 1625)
                      ; - java.util.concurrent.ThreadPoolExecutor::runWorker@53 (line 1083)
  0x000001e294e80570: edaf 06e9 | d5ef ffff 

  0x000001e294e80578: ;   {runtime_call C1 Runtime throw_null_pointer_exception_blob}
  0x000001e294e80578: e8e3 8daf 

  0x000001e294e8057c: ; ImmutableOopMap {rdx=Oop rsi=Oop [152]=Oop [160]=Oop [168]=Oop [176]=Oop }
                      ;*invokevirtual get {reexecute=0 rethrow=0 return_oop=0}
                      ; - java.util.concurrent.ThreadPoolExecutor::runWorker@63 (line 1084)
                      ;   {metadata({method} {0x000001e2aa2757c8} 'runStateAtLeast' '(II)Z' in 'java/util/concurrent/ThreadPoolExecutor')}
  0x000001e294e8057c: 0649 bac0 | 5727 aae2 | 0100 004c | 8954 2408 | 48c7 0424 | ffff ffff 

  0x000001e294e80594: ;   {runtime_call C1 Runtime counter_overflow_blob}
  0x000001e294e80594: e8c7 edaf 

  0x000001e294e80598: ; ImmutableOopMap {rdx=Oop [152]=Oop [160]=Oop [168]=Oop [176]=Oop }
                      ;*synchronization entry
                      ; - java.util.concurrent.ThreadPoolExecutor::runStateAtLeast@-1 (line 408)
                      ; - java.util.concurrent.ThreadPoolExecutor::runWorker@68 (line 1084)
  0x000001e294e80598: 06e9 26f1 

  0x000001e294e8059c: ;   {runtime_call C1 Runtime throw_null_pointer_exception_blob}
  0x000001e294e8059c: ffff e8bd 

  0x000001e294e805a0: ; ImmutableOopMap {rdx=Oop rsi=Oop [152]=Oop [160]=Oop [168]=Oop [176]=Oop }
                      ;*invokevirtual isInterrupted {reexecute=0 rethrow=0 return_oop=0}
                      ; - java.util.concurrent.ThreadPoolExecutor::runWorker@75 (line 1085)
                      ;   {runtime_call C1 Runtime throw_null_pointer_exception_blob}
  0x000001e294e805a0: 8daf 06e8 

  0x000001e294e805a4: ; ImmutableOopMap {rdi=Oop [152]=Oop [160]=Oop [168]=Oop }
                      ;*invokeinterface run {reexecute=0 rethrow=0 return_oop=0}
                      ; - java.util.concurrent.ThreadPoolExecutor::runWorker@92 (line 1090)
  0x000001e294e805a4: b88d af06 

  0x000001e294e805a8: ;   {metadata({method} {0x000001e2aa3e9930} 'unlock' '()V' in 'java/util/concurrent/ThreadPoolExecutor$Worker')}
  0x000001e294e805a8: 49ba 2899 | 3eaa e201 | 0000 4c89 | 5424 0848 | c704 24ff 

  0x000001e294e805bc: ;   {runtime_call C1 Runtime counter_overflow_blob}
  0x000001e294e805bc: ffff ffe8 

  0x000001e294e805c0: ; ImmutableOopMap {r8=Oop [152]=Oop [160]=Oop [168]=Oop }
                      ;*synchronization entry
                      ; - java.util.concurrent.ThreadPoolExecutor$Worker::unlock@-1 (line 642)
                      ; - java.util.concurrent.ThreadPoolExecutor::runWorker@131 (line 1099)
  0x000001e294e805c0: 9ced af06 | e932 f6ff 

  0x000001e294e805c8: ;   {metadata({method} {0x00000000122d24b8} 'release' '(I)Z' in 'java/util/concurrent/locks/AbstractQueuedSynchronizer')}
  0x000001e294e805c8: ff49 bab0 | 242d 1200 | 0000 004c | 8954 2408 | 48c7 0424 | ffff ffff 

  0x000001e294e805e0: ;   {runtime_call C1 Runtime counter_overflow_blob}
  0x000001e294e805e0: e87b edaf 

  0x000001e294e805e4: ; ImmutableOopMap {r8=Oop [152]=Oop [160]=Oop [168]=Oop }
                      ;*synchronization entry
                      ; - java.util.concurrent.locks.AbstractQueuedSynchronizer::release@-1 (line 1099)
                      ; - java.util.concurrent.ThreadPoolExecutor$Worker::unlock@2 (line 642)
                      ; - java.util.concurrent.ThreadPoolExecutor::runWorker@131 (line 1099)
  0x000001e294e805e4: 06e9 c7f6 

  0x000001e294e805e8: ;   {metadata({method} {0x000001e2aa3e9720} 'tryRelease' '(I)Z' in 'java/util/concurrent/ThreadPoolExecutor$Worker')}
  0x000001e294e805e8: ffff 49ba | 1897 3eaa | e201 0000 | 4c89 5424 | 0848 c704 | 24ff ffff 

  0x000001e294e80600: ;   {runtime_call C1 Runtime counter_overflow_blob}
  0x000001e294e80600: ffe8 5aed 

  0x000001e294e80604: ; ImmutableOopMap {r8=Oop [152]=Oop [160]=Oop [168]=Oop }
                      ;*synchronization entry
                      ; - java.util.concurrent.ThreadPoolExecutor$Worker::tryRelease@-1 (line 635)
                      ; - java.util.concurrent.locks.AbstractQueuedSynchronizer::release@2 (line 1099)
                      ; - java.util.concurrent.ThreadPoolExecutor$Worker::unlock@2 (line 642)
                      ; - java.util.concurrent.ThreadPoolExecutor::runWorker@131 (line 1099)
  0x000001e294e80604: af06 e9e2 | f6ff ff41 | 8b50 0c48 | 83fa 000f | 8470 f7ff | ff48 8914 

  0x000001e294e8061c: ;   {runtime_call g1_pre_barrier_slow}
  0x000001e294e8061c: 24e8 3ef3 | af06 e962 

  0x000001e294e80624: ;   {metadata({method} {0x000001e2aa276da0} 'runWorker' '(Ljava/util/concurrent/ThreadPoolExecutor$Worker;)V' in 'java/util/concurrent/ThreadPoolExecutor')}
  0x000001e294e80624: f7ff ff49 | ba98 6d27 | aae2 0100 | 004c 8954 | 2408 48c7 | 0424 9e00 

  0x000001e294e8063c: ;   {runtime_call C1 Runtime counter_overflow_blob}
  0x000001e294e8063c: 0000 e81d 

  0x000001e294e80640: ; ImmutableOopMap {[152]=Oop [160]=Oop [168]=Oop }
                      ;*goto {reexecute=1 rethrow=0 return_oop=0}
                      ; - (reexecute) java.util.concurrent.ThreadPoolExecutor::runWorker@158 (line 1100)
  0x000001e294e80640: edaf 06e9 | 59f8 ffff 

  0x000001e294e80648: ;   {internal_word}
  0x000001e294e80648: 49ba 24ff | e794 e201 | 0000 4d89 | 97e0 0400 

  0x000001e294e80658: ;   {runtime_call SafepointBlob}
  0x000001e294e80658: 00e9 0209 

  0x000001e294e8065c: ;   {metadata({method} {0x000001e2aa3e9930} 'unlock' '()V' in 'java/util/concurrent/ThreadPoolExecutor$Worker')}
  0x000001e294e8065c: a306 49ba | 2899 3eaa | e201 0000 | 4c89 5424 | 0848 c704 | 24ff ffff 

  0x000001e294e80674: ;   {runtime_call C1 Runtime counter_overflow_blob}
  0x000001e294e80674: ffe8 e6ec 

  0x000001e294e80678: ; ImmutableOopMap {rax=Oop r8=Oop [152]=Oop [160]=Oop }
                      ;*synchronization entry
                      ; - java.util.concurrent.ThreadPoolExecutor$Worker::unlock@-1 (line 642)
                      ; - java.util.concurrent.ThreadPoolExecutor::runWorker@152 (line 1099)
  0x000001e294e80678: af06 e9af 

  0x000001e294e8067c: ;   {metadata({method} {0x00000000122d24b8} 'release' '(I)Z' in 'java/util/concurrent/locks/AbstractQueuedSynchronizer')}
  0x000001e294e8067c: faff ff49 | bab0 242d | 1200 0000 | 004c 8954 | 2408 48c7 | 0424 ffff 

  0x000001e294e80694: ;   {runtime_call C1 Runtime counter_overflow_blob}
  0x000001e294e80694: ffff e8c5 

  0x000001e294e80698: ; ImmutableOopMap {rax=Oop r8=Oop [152]=Oop [160]=Oop }
                      ;*synchronization entry
                      ; - java.util.concurrent.locks.AbstractQueuedSynchronizer::release@-1 (line 1099)
                      ; - java.util.concurrent.ThreadPoolExecutor$Worker::unlock@2 (line 642)
                      ; - java.util.concurrent.ThreadPoolExecutor::runWorker@152 (line 1099)
  0x000001e294e80698: ecaf 06e9 | 44fb ffff 

  0x000001e294e806a0: ;   {metadata({method} {0x000001e2aa3e9720} 'tryRelease' '(I)Z' in 'java/util/concurrent/ThreadPoolExecutor$Worker')}
  0x000001e294e806a0: 49ba 1897 | 3eaa e201 | 0000 4c89 | 5424 0848 | c704 24ff 

  0x000001e294e806b4: ;   {runtime_call C1 Runtime counter_overflow_blob}
  0x000001e294e806b4: ffff ffe8 

  0x000001e294e806b8: ; ImmutableOopMap {rax=Oop r8=Oop [152]=Oop [160]=Oop }
                      ;*synchronization entry
                      ; - java.util.concurrent.ThreadPoolExecutor$Worker::tryRelease@-1 (line 635)
                      ; - java.util.concurrent.locks.AbstractQueuedSynchronizer::release@2 (line 1099)
                      ; - java.util.concurrent.ThreadPoolExecutor$Worker::unlock@2 (line 642)
                      ; - java.util.concurrent.ThreadPoolExecutor::runWorker@152 (line 1099)
  0x000001e294e806b8: a4ec af06 | e95f fbff | ff41 8b50 | 0c48 83fa | 000f 84ed | fbff ff48 

  0x000001e294e806d0: ;   {runtime_call g1_pre_barrier_slow}
  0x000001e294e806d0: 8914 24e8 | 88f2 af06 | e9df fbff | ff48 8bbc | 24b0 0000 | 00e9 45f8 | ffff 488b | bc24 b000 
  0x000001e294e806f0: 0000 e938 | f8ff ff49 | 8b87 8805 | 0000 49c7 | 8788 0500 | 0000 0000 | 0049 c787 | 9005 0000 
  0x000001e294e80710: 0000 0000 | 4881 c4f0 | 0000 005d 

  0x000001e294e8071c: ;   {runtime_call C1 Runtime unwind_exception_blob}
  0x000001e294e8071c: e93f 7daf | 06f4 f4f4 | f4f4 f4f4 
[Stub Code]
  0x000001e294e80728: ;   {other}
  0x000001e294e80728: 0f1f 4400 

  0x000001e294e8072c: ;   {static_stub}
  0x000001e294e8072c: 0048 bb00 | 0000 0000 

  0x000001e294e80734: ;   {runtime_call nmethod}
  0x000001e294e80734: 0000 00e9 | fbff ffff 

  0x000001e294e8073c: ;   {static_stub}
  0x000001e294e8073c: 9048 bb00 | 0000 0000 

  0x000001e294e80744: ;   {runtime_call nmethod}
  0x000001e294e80744: 0000 00e9 | fbff ffff 

  0x000001e294e8074c: ;   {static_stub}
  0x000001e294e8074c: 9048 bb00 | 0000 0000 

  0x000001e294e80754: ;   {runtime_call nmethod}
  0x000001e294e80754: 0000 00e9 | fbff ffff 

  0x000001e294e8075c: ;   {static_stub}
  0x000001e294e8075c: 9048 bb00 | 0000 0000 

  0x000001e294e80764: ;   {runtime_call nmethod}
  0x000001e294e80764: 0000 00e9 | fbff ffff 

  0x000001e294e8076c: ;   {static_stub}
  0x000001e294e8076c: 9048 bb00 | 0000 0000 

  0x000001e294e80774: ;   {runtime_call nmethod}
  0x000001e294e80774: 0000 00e9 | fbff ffff 

  0x000001e294e8077c: ;   {static_stub}
  0x000001e294e8077c: 48bb 0000 | 0000 0000 

  0x000001e294e80784: ;   {runtime_call nmethod}
  0x000001e294e80784: 0000 e9fb 

  0x000001e294e80788: ;   {static_stub}
  0x000001e294e80788: ffff ff48 | bb00 0000 | 0000 0000 

  0x000001e294e80794: ;   {runtime_call nmethod}
  0x000001e294e80794: 00e9 fbff 

  0x000001e294e80798: ;   {static_stub}
  0x000001e294e80798: ffff 48bb | 7069 27aa | e201 0000 

  0x000001e294e807a4: ;   {runtime_call I2C/C2I adapters}
  0x000001e294e807a4: e911 b3a2 

  0x000001e294e807a8: ;   {static_stub}
  0x000001e294e807a8: 0648 bb00 | 0000 0000 

  0x000001e294e807b0: ;   {runtime_call nmethod}
  0x000001e294e807b0: 0000 00e9 | fbff ffff 

  0x000001e294e807b8: ;   {static_stub}
  0x000001e294e807b8: 48bb 0000 | 0000 0000 

  0x000001e294e807c0: ;   {runtime_call nmethod}
  0x000001e294e807c0: 0000 e9fb 

  0x000001e294e807c4: ;   {runtime_call C1 Runtime handle_exception_from_callee_blob}
  0x000001e294e807c4: ffff ffe8 | 14ad af06 

  0x000001e294e807cc: ;   {external_word}
  0x000001e294e807cc: 48b9 6818 | 1b3a ff7f | 0000 4883 

  0x000001e294e807d8: ;   {runtime_call}
  0x000001e294e807d8: e4f0 48b8 | c09c de39 | ff7f 0000 

  0x000001e294e807e4: ;   {section_word}
  0x000001e294e807e4: ffd0 f449 | bae7 07e8 | 94e2 0100 

  0x000001e294e807f0: ;   {runtime_call DeoptimizationBlob}
  0x000001e294e807f0: 0041 52e9 | 680a a306 
[/MachCode]


Compiled method (c1) 230672 7852       3       java.util.concurrent.ThreadPoolExecutor$Worker::run (9 bytes)
 total in heap  [0x000001e294e84088,0x000001e294e84348] = 704
 main code      [0x000001e294e84180,0x000001e294e84308] = 392
 stub code      [0x000001e294e84308,0x000001e294e84348] = 64
 mutable data [0x000001e2b08d5720,0x000001e2b08d5768] = 72
 relocation     [0x000001e2b08d5720,0x000001e2b08d5760] = 64
 metadata       [0x000001e2b08d5760,0x000001e2b08d5768] = 8
 immutable data [0x000001e2b0830670,0x000001e2b08306f0] = 128
 dependencies   [0x000001e2b0830670,0x000001e2b0830678] = 8
 nul chk table  [0x000001e2b0830678,0x000001e2b0830688] = 16
 scopes pcs     [0x000001e2b0830688,0x000001e2b08306d8] = 80
 scopes data    [0x000001e2b08306d8,0x000001e2b08306f0] = 24

[Constant Pool (empty)]

[MachCode]
[Instructions begin]
  0x000001e294e84180: 660f 1f84 | 0000 0000 | 0066 0f1f | 8400 0000 | 0000 448b | 5208 443b 

  0x000001e294e84198: ;   {runtime_call Shared Runtime ic_miss_blob}
  0x000001e294e84198: 5008 0f85 | 40a9 a206 
[Verified Entry Point]
  0x000001e294e841a0: 8984 2400 | 80ff ff55 | 4883 ec20 | 4181 7f20 | 1d00 0000 

  0x000001e294e841b4: ;   {runtime_call Stub::method_entry_barrier}
  0x000001e294e841b4: 7405 e845 

  0x000001e294e841b8: ;   {metadata(method data for {method} {0x000001e2aa3e94c8} 'run' '()V' in 'java/util/concurrent/ThreadPoolExecutor$Worker')}
  0x000001e294e841b8: 00a1 0649 | b890 6950 | ade2 0100 | 0041 8bb0 | 9000 0000 | 83c6 0241 | 89b0 9000 | 0000 81e6 
  0x000001e294e841d8: fe07 0000 | 85f6 0f84 | c000 0000 | 8b72 2c48 | 3b06 4c8b 

  0x000001e294e841ec: ;   {metadata(method data for {method} {0x000001e2aa3e94c8} 'run' '()V' in 'java/util/concurrent/ThreadPoolExecutor$Worker')}
  0x000001e294e841ec: c648 bf90 | 6950 ade2 | 0100 0045 | 8b40 0841 | ba00 0000 | 124d 03c2 | 4c3b 87e0 | 0000 0075 
  0x000001e294e8420c: 0d48 8387 | e800 0000 | 01e9 6000 | 0000 4c3b | 87f0 0000 | 0075 0d48 | 8387 f800 | 0000 01e9 
  0x000001e294e8422c: 4a00 0000 | 4883 bfe0 | 0000 0000 | 7517 4c89 | 87e0 0000 | 0048 c787 | e800 0000 | 0100 0000 
  0x000001e294e8424c: e929 0000 | 0048 83bf | f000 0000 | 0075 174c | 8987 f000 | 0000 48c7 | 87f8 0000 | 0001 0000 
  0x000001e294e8426c: 00e9 0800 | 0000 4883 | 87d8 0000 | 0001 4c8b | c248 8bd6 | 0f1f 8000 

  0x000001e294e84284: ;   {optimized virtual_call}
  0x000001e294e84284: 0000 00e8 

  0x000001e294e84288: ; ImmutableOopMap {}
                      ;*invokevirtual runWorker {reexecute=0 rethrow=0 return_oop=0}
                      ; - java.util.concurrent.ThreadPoolExecutor$Worker::run@5 (line 614)
  0x000001e294e84288: 94aa ffff 

  0x000001e294e8428c: ;   {post_call_nop}
  0x000001e294e8428c: 0f1f 8400 | 0402 0000 | 4883 c420 

  0x000001e294e84298: ;   {poll_return}
  0x000001e294e84298: 5d49 3b67 | 280f 8727 | 0000 00c3 

  0x000001e294e842a4: ;   {metadata({method} {0x000001e2aa3e94c8} 'run' '()V' in 'java/util/concurrent/ThreadPoolExecutor$Worker')}
  0x000001e294e842a4: 49ba c094 | 3eaa e201 | 0000 4c89 | 5424 0848 | c704 24ff 

  0x000001e294e842b8: ;   {runtime_call C1 Runtime counter_overflow_blob}
  0x000001e294e842b8: ffff ffe8 

  0x000001e294e842bc: ; ImmutableOopMap {rdx=Oop }
                      ;*synchronization entry
                      ; - java.util.concurrent.ThreadPoolExecutor$Worker::run@-1 (line 614)
  0x000001e294e842bc: a0b0 af06 | e91f ffff 

  0x000001e294e842c4: ;   {runtime_call C1 Runtime throw_null_pointer_exception_blob}
  0x000001e294e842c4: ffe8 9650 

  0x000001e294e842c8: ; ImmutableOopMap {rdx=Oop rsi=Oop }
                      ;*invokevirtual runWorker {reexecute=0 rethrow=0 return_oop=0}
                      ; - java.util.concurrent.ThreadPoolExecutor$Worker::run@5 (line 614)
                      ;   {internal_word}
  0x000001e294e842c8: af06 49ba | 9942 e894 | e201 0000 | 4d89 97e0 

  0x000001e294e842d8: ;   {runtime_call SafepointBlob}
  0x000001e294e842d8: 0400 00e9 | 80cc a206 | 498b 8788 | 0500 0049 | c787 8805 | 0000 0000 | 0000 49c7 | 8790 0500 
  0x000001e294e842f8: 0000 0000 | 0048 83c4 

  0x000001e294e84300: ;   {runtime_call C1 Runtime unwind_exception_blob}
  0x000001e294e84300: 205d e959 | 41af 06f4 
[Stub Code]
  0x000001e294e84308: ;   {static_stub}
  0x000001e294e84308: 48bb 0000 | 0000 0000 

  0x000001e294e84310: ;   {runtime_call nmethod}
  0x000001e294e84310: 0000 e9fb 

  0x000001e294e84314: ;   {runtime_call C1 Runtime handle_exception_from_callee_blob}
  0x000001e294e84314: ffff ffe8 | c471 af06 

  0x000001e294e8431c: ;   {external_word}
  0x000001e294e8431c: 48b9 6818 | 1b3a ff7f | 0000 4883 

  0x000001e294e84328: ;   {runtime_call}
  0x000001e294e84328: e4f0 48b8 | c09c de39 | ff7f 0000 

  0x000001e294e84334: ;   {section_word}
  0x000001e294e84334: ffd0 f449 | ba37 43e8 | 94e2 0100 

  0x000001e294e84340: ;   {runtime_call DeoptimizationBlob}
  0x000001e294e84340: 0041 52e9 | 18cf a206 
[/MachCode]


Compiled method (c1) 230692 7758       3       java.lang.Thread::run (23 bytes)
 total in heap  [0x000001e294e5c708,0x000001e294e5cbf8] = 1264
 main code      [0x000001e294e5c800,0x000001e294e5cba0] = 928
 stub code      [0x000001e294e5cba0,0x000001e294e5cbf8] = 88
 mutable data [0x000001e2ae825ea0,0x000001e2ae825f38] = 152
 relocation     [0x000001e2ae825ea0,0x000001e2ae825f10] = 112
 metadata       [0x000001e2ae825f10,0x000001e2ae825f38] = 40
 immutable data [0x000001e2b14a70a0,0x000001e2b14a7200] = 352
 dependencies   [0x000001e2b14a70a0,0x000001e2b14a70b0] = 16
 nul chk table  [0x000001e2b14a70b0,0x000001e2b14a70d0] = 32
 scopes pcs     [0x000001e2b14a70d0,0x000001e2b14a7180] = 176
 scopes data    [0x000001e2b14a7180,0x000001e2b14a7200] = 128

[Constant Pool (empty)]

[MachCode]
[Instructions begin]
  0x000001e294e5c800: 660f 1f84 | 0000 0000 | 0066 0f1f | 8400 0000 | 0000 448b | 5208 443b 

  0x000001e294e5c818: ;   {runtime_call Shared Runtime ic_miss_blob}
  0x000001e294e5c818: 5008 0f85 | c022 a506 
[Verified Entry Point]
  0x000001e294e5c820: 8984 2400 | 80ff ff55 | 4883 ec50 | 4181 7f20 | 1d00 0000 

  0x000001e294e5c834: ;   {runtime_call Stub::method_entry_barrier}
  0x000001e294e5c834: 7405 e8c5 

  0x000001e294e5c838: ;   {metadata(method data for {method} {0x0000000012191000} 'run' '()V' in 'java/lang/Thread')}
  0x000001e294e5c838: 79a3 0648 | be70 f35f | ace2 0100 | 008b be90 | 0000 0083 | c702 89be | 9000 0000 | 81e7 fe07 
  0x000001e294e5c858: 0000 85ff | 0f84 6b02 | 0000 8b72 | 448b 7624 

  0x000001e294e5c868: ;   {metadata(method data for {method} {0x0000000012191000} 'run' '()V' in 'java/lang/Thread')}
  0x000001e294e5c868: 4885 f648 | bf70 f35f | ace2 0100 | 00bb d800 | 0000 7405 | bbe8 0000 | 0048 8b04 | 1f48 8d40 
  0x000001e294e5c888: 0148 8904 | 1f0f 842a | 0200 0048 | 8974 2438 

  0x000001e294e5c898: ;   {metadata(method data for {method} {0x0000000012191000} 'run' '()V' in 'java/lang/Thread')}
  0x000001e294e5c898: 48bf 70f3 | 5fac e201 | 0000 4883 | 87f8 0000 

  0x000001e294e5c8a8: ;   {metadata(method data for {method} {0x00000000124a39f8} 'scopedValueBindings' '()Ljava/lang/Object;' in 'java/lang/Thread')}
  0x000001e294e5c8a8: 0001 48bf | e8f4 5fac | e201 0000 | 8b9f 9000 | 0000 83c3 | 0289 9f90 | 0000 0081 | e3fe ff1f 
  0x000001e294e5c8c8: 0085 db0f | 8422 0200 

  0x000001e294e5c8d0: ;   {metadata(method data for {method} {0x00000000124a39f8} 'scopedValueBindings' '()Ljava/lang/Object;' in 'java/lang/Thread')}
  0x000001e294e5c8d0: 0048 bfe8 | f45f ace2 | 0100 0048 | 8387 d800 | 0000 0149 | 8bbf 1004 | 0000 488b | 3f8b 7f50 
  0x000001e294e5c8f0: ;   {metadata(method data for {method} {0x0000000012191000} 'run' '()V' in 'java/lang/Thread')}
  0x000001e294e5c8f0: 48bb 70f3 | 5fac e201 | 0000 8b52 | 0841 ba00 | 0000 1249 | 03d2 483b | 9310 0100 | 0075 0d48 
  0x000001e294e5c910: 8383 1801 | 0000 01e9 | 6000 0000 | 483b 9320 | 0100 0075 | 0d48 8383 | 2801 0000 | 01e9 4a00 
  0x000001e294e5c930: 0000 4883 | bb10 0100 | 0000 7517 | 4889 9310 | 0100 0048 | c783 1801 | 0000 0100 | 0000 e929 
  0x000001e294e5c950: 0000 0048 | 83bb 2001 | 0000 0075 | 1748 8993 | 2001 0000 | 48c7 8328 | 0100 0001 | 0000 00e9 
  0x000001e294e5c970: 0800 0000 | 4883 8308 | 0100 0001 

  0x000001e294e5c97c: ;   {metadata(method data for {method} {0x00000000124a4168} 'runWith' '(Ljava/lang/Object;Ljava/lang/Runnable;)V' in 'java/lang/Thread')}
  0x000001e294e5c97c: 48ba 08f6 | 5fac e201 | 0000 8b9a | 9000 0000 | 83c3 0289 | 9a90 0000 | 0081 e3fe | ff1f 0085 
  0x000001e294e5c99c: db0f 8476 

  0x000001e294e5c9a0: ;   {metadata(method data for {method} {0x00000000124a4168} 'runWith' '(Ljava/lang/Object;Ljava/lang/Runnable;)V' in 'java/lang/Thread')}
  0x000001e294e5c9a0: 0100 0048 | ba08 f65f | ace2 0100 | 0048 8382 | d800 0000 | 0148 8bd7 | 4889 7c24 

  0x000001e294e5c9bc: ;   {static_call}
  0x000001e294e5c9bc: 4066 90e8 

  0x000001e294e5c9c0: ; ImmutableOopMap {[56]=Oop [64]=Oop }
                      ;*invokestatic ensureMaterializedForStackWalk {reexecute=0 rethrow=0 return_oop=0}
                      ; - java.lang.Thread::runWith@1 (line 1486)
                      ; - java.lang.Thread::run@19 (line 1474)
  0x000001e294e5c9c0: cc0e 1c07 

  0x000001e294e5c9c4: ;   {post_call_nop}
  0x000001e294e5c9c4: 0f1f 8400 | bc02 0000 | 488b 7424 | 3848 3b06 

  0x000001e294e5c9d4: ;   {metadata(method data for {method} {0x00000000124a4168} 'runWith' '(Ljava/lang/Object;Ljava/lang/Runnable;)V' in 'java/lang/Thread')}
  0x000001e294e5c9d4: 488b d648 | bf08 f65f | ace2 0100 | 008b 5208 | 41ba 0000 | 0012 4903 | d248 3b97 | f000 0000 
  0x000001e294e5c9f4: 750d 4883 | 87f8 0000 | 0001 e960 | 0000 0048 | 3b97 0001 | 0000 750d | 4883 8708 | 0100 0001 
  0x000001e294e5ca14: e94a 0000 | 0048 83bf | f000 0000 | 0075 1748 | 8997 f000 | 0000 48c7 | 87f8 0000 | 0001 0000 
  0x000001e294e5ca34: 00e9 2900 | 0000 4883 | bf00 0100 | 0000 7517 | 4889 9700 | 0100 0048 | c787 0801 | 0000 0100 
  0x000001e294e5ca54: 0000 e908 | 0000 0048 | 8387 e800 | 0000 0148 | 8bd6 0f1f | 8000 0000 | 0048 b800 | 176a b2e2 
  0x000001e294e5ca74: ;   {virtual_call}
  0x000001e294e5ca74: 0100 00e8 

  0x000001e294e5ca78: ; ImmutableOopMap {[64]=Oop }
                      ;*invokeinterface run {reexecute=0 rethrow=0 return_oop=0}
                      ; - java.lang.Thread::runWith@5 (line 1487)
                      ; - java.lang.Thread::run@19 (line 1474)
  0x000001e294e5ca78: 7cd5 bc06 

  0x000001e294e5ca7c: ;   {post_call_nop}
  0x000001e294e5ca7c: 0f1f 8400 | 7403 0001 

  0x000001e294e5ca84: ;   {metadata(method data for {method} {0x00000000124a4168} 'runWith' '(Ljava/lang/Object;Ljava/lang/Runnable;)V' in 'java/lang/Thread')}
  0x000001e294e5ca84: 48be 08f6 | 5fac e201 | 0000 4883 | 8618 0100 

  0x000001e294e5ca94: ;   {metadata(method data for {method} {0x00000000121b7b60} 'reachabilityFence' '(Ljava/lang/Object;)V' in 'java/lang/ref/Reference')}
  0x000001e294e5ca94: 0001 48be | b8e6 06aa | e201 0000 | 8bbe 9000 | 0000 83c7 | 0289 be90 | 0000 0081 | e7fe ff1f 
  0x000001e294e5cab4: 0085 ff0f | 8482 0000 | 0048 83c4 

  0x000001e294e5cac0: ;   {poll_return}
  0x000001e294e5cac0: 505d 493b | 6728 0f87 | 9400 0000 

  0x000001e294e5cacc: ;   {metadata({method} {0x0000000012191000} 'run' '()V' in 'java/lang/Thread')}
  0x000001e294e5cacc: c349 baf8 | 0f19 1200 | 0000 004c | 8954 2408 | 48c7 0424 | ffff ffff 

  0x000001e294e5cae4: ;   {runtime_call C1 Runtime counter_overflow_blob}
  0x000001e294e5cae4: e877 28b2 

  0x000001e294e5cae8: ; ImmutableOopMap {rdx=Oop }
                      ;*synchronization entry
                      ; - java.lang.Thread::run@-1 (line 1471)
  0x000001e294e5cae8: 06e9 74fd 

  0x000001e294e5caec: ;   {runtime_call C1 Runtime throw_null_pointer_exception_blob}
  0x000001e294e5caec: ffff e86d 

  0x000001e294e5caf0: ; ImmutableOopMap {rdx=Oop }
                      ;*getfield task {reexecute=1 rethrow=0 return_oop=0}
                      ; - (reexecute) java.lang.Thread::run@4 (line 1471)
                      ;   {metadata({method} {0x00000000124a39f8} 'scopedValueBindings' '()Ljava/lang/Object;' in 'java/lang/Thread')}
  0x000001e294e5caf0: c8b1 0649 | baf0 394a | 1200 0000 | 004c 8954 | 2408 48c7 | 0424 ffff 

  0x000001e294e5cb08: ;   {runtime_call C1 Runtime counter_overflow_blob}
  0x000001e294e5cb08: ffff e851 

  0x000001e294e5cb0c: ; ImmutableOopMap {rdx=Oop [56]=Oop }
                      ;*synchronization entry
                      ; - java.lang.Thread::scopedValueBindings@-1 (line 311)
                      ; - java.lang.Thread::run@12 (line 1473)
  0x000001e294e5cb0c: 28b2 06e9 | bdfd ffff 

  0x000001e294e5cb14: ;   {runtime_call C1 Runtime throw_null_pointer_exception_blob}
  0x000001e294e5cb14: e847 c8b1 

  0x000001e294e5cb18: ; ImmutableOopMap {rdx=Oop [56]=Oop }
                      ;*getfield scopedValueBindings {reexecute=1 rethrow=0 return_oop=0}
                      ; - (reexecute) java.lang.Thread::scopedValueBindings@3 (line 311)
                      ; - java.lang.Thread::run@12 (line 1473)
                      ;   {metadata({method} {0x00000000124a4168} 'runWith' '(Ljava/lang/Object;Ljava/lang/Runnable;)V' in 'java/lang/Thread')}
  0x000001e294e5cb18: 0649 ba60 | 414a 1200 | 0000 004c | 8954 2408 | 48c7 0424 | ffff ffff 

  0x000001e294e5cb30: ;   {runtime_call C1 Runtime counter_overflow_blob}
  0x000001e294e5cb30: e82b 28b2 

  0x000001e294e5cb34: ; ImmutableOopMap {rdi=Oop [56]=Oop }
                      ;*synchronization entry
                      ; - java.lang.Thread::runWith@-1 (line 1486)
                      ; - java.lang.Thread::run@19 (line 1474)
  0x000001e294e5cb34: 06e9 69fe 

  0x000001e294e5cb38: ;   {runtime_call C1 Runtime throw_null_pointer_exception_blob}
  0x000001e294e5cb38: ffff e821 

  0x000001e294e5cb3c: ; ImmutableOopMap {rsi=Oop [64]=Oop }
                      ;*invokeinterface run {reexecute=0 rethrow=0 return_oop=0}
                      ; - java.lang.Thread::runWith@5 (line 1487)
                      ; - java.lang.Thread::run@19 (line 1474)
                      ;   {metadata({method} {0x00000000121b7b60} 'reachabilityFence' '(Ljava/lang/Object;)V' in 'java/lang/ref/Reference')}
  0x000001e294e5cb3c: c8b1 0649 | ba58 7b1b | 1200 0000 | 004c 8954 | 2408 48c7 | 0424 ffff 

  0x000001e294e5cb54: ;   {runtime_call C1 Runtime counter_overflow_blob}
  0x000001e294e5cb54: ffff e805 

  0x000001e294e5cb58: ; ImmutableOopMap {}
                      ;*synchronization entry
                      ; - java.lang.ref.Reference::reachabilityFence@-1 (line 669)
                      ; - java.lang.Thread::runWith@11 (line 1488)
                      ; - java.lang.Thread::run@19 (line 1474)
  0x000001e294e5cb58: 28b2 06e9 | 5dff ffff 

  0x000001e294e5cb60: ;   {internal_word}
  0x000001e294e5cb60: 49ba c2ca | e594 e201 | 0000 4d89 | 97e0 0400 

  0x000001e294e5cb70: ;   {runtime_call SafepointBlob}
  0x000001e294e5cb70: 00e9 ea43 | a506 498b | 8788 0500 | 0049 c787 | 8805 0000 | 0000 0000 | 49c7 8790 | 0500 0000 
  0x000001e294e5cb90: 0000 0048 | 83c4 505d 

  0x000001e294e5cb98: ;   {runtime_call C1 Runtime unwind_exception_blob}
  0x000001e294e5cb98: e9c3 b8b1 | 06f4 f4f4 
[Stub Code]
  0x000001e294e5cba0: ;   {other}
  0x000001e294e5cba0: 0f1f 4400 

  0x000001e294e5cba4: ;   {static_stub}
  0x000001e294e5cba4: 0048 bb00 | 0000 0000 

  0x000001e294e5cbac: ;   {runtime_call nmethod}
  0x000001e294e5cbac: 0000 00e9 | fbff ffff 

  0x000001e294e5cbb4: ;   {static_stub}
  0x000001e294e5cbb4: 48bb 0000 | 0000 0000 

  0x000001e294e5cbbc: ;   {runtime_call nmethod}
  0x000001e294e5cbbc: 0000 e9fb 

  0x000001e294e5cbc0: ;   {runtime_call C1 Runtime handle_exception_from_callee_blob}
  0x000001e294e5cbc0: ffff ffe8 | 18e9 b106 

  0x000001e294e5cbc8: ;   {external_word}
  0x000001e294e5cbc8: 48b9 6818 | 1b3a ff7f | 0000 4883 

  0x000001e294e5cbd4: ;   {runtime_call}
  0x000001e294e5cbd4: e4f0 48b8 | c09c de39 | ff7f 0000 

  0x000001e294e5cbe0: ;   {section_word}
  0x000001e294e5cbe0: ffd0 f449 | bae3 cbe5 | 94e2 0100 

  0x000001e294e5cbec: ;   {runtime_call DeoptimizationBlob}
  0x000001e294e5cbec: 0041 52e9 | 6c46 a506 | f4f4 f4f4 
[/MachCode]


---------------  P R O C E S S  ---------------

Threads class SMR info:
_java_thread_list=0x000001e2b0edf310, length=104, elements={
0x000001e2a91afd30, 0x000001e2a91b2900, 0x000001e2a91b30c0, 0x000001e2a91b5c90,
0x000001e2a91b6850, 0x000001e2a91b7410, 0x000001e2a91c4f20, 0x000001e2a91cc480,
0x000001e2a95d4480, 0x000001e2a95dac60, 0x000001e2a97a0b60, 0x000001e2b17fd2a0,
0x000001e2b253d8e0, 0x000001e2b133f650, 0x000001e2b1177440, 0x000001e2b1175500,
0x000001e2b1179380, 0x000001e2b117ba90, 0x000001e2b117aaf0, 0x000001e2b117c260,
0x000001e2b0521af0, 0x000001e2b0523260, 0x000001e2b0520b50, 0x000001e2b145cb30,
0x000001e2b0fbdee0, 0x000001e2b312cde0, 0x000001e2b19785b0, 0x000001e2b1979550,
0x000001e2b1976670, 0x000001e2b1977610, 0x000001e2b1976e40, 0x000001e2b197acc0,
0x000001e2b197bc60, 0x000001e2b196f520, 0x000001e2b20710f0, 0x000001e2b3128f60,
0x000001e2b193d280, 0x000001e2b193e220, 0x000001e2b193f1c0, 0x000001e2b193c2e0,
0x000001e2b193cab0, 0x000001e2b1940930, 0x000001e2b19420a0, 0x000001e2b1943040,
0x000001e2af6eee90, 0x000001e2af6f0600, 0x000001e2af6f34e0, 0x000001e2af6fb1e0,
0x000001e2b3827250, 0x000001e2b3827a20, 0x000001e2b38289c0, 0x000001e2b382a900,
0x000001e2b3829190, 0x000001e2b382b8a0, 0x000001e2b382d010, 0x000001e2b382d7e0,
0x000001e2b206d270, 0x000001e2af9e6cf0, 0x000001e2a970f5a0, 0x000001e2a970fd70,
0x000001e2a970e600, 0x000001e2a9712480, 0x000001e2a9712c50, 0x000001e2a97172a0,
0x000001e2af6f2d10, 0x000001e2af6faa10, 0x000001e2af6fb9b0, 0x000001e2b1938460,
0x000001e2a9710540, 0x000001e2a97199b0, 0x000001e2a971d060, 0x000001e2af6f4c50,
0x000001e2af6f8ad0, 0x000001e2b20693f0, 0x000001e2b2066ce0, 0x000001e2b3825310,
0x000001e2b3826a80, 0x000001e2b1939bd0, 0x000001e2b193ab70, 0x000001e2b0fc1d60,
0x000001e2b196ed50, 0x000001e2af6ee6c0, 0x000001e2af6f5bf0, 0x000001e2a9715360,
0x000001e2a9716300, 0x000001e2b196fcf0, 0x000001e2b1970c90, 0x000001e2b1972bd0,
0x000001e2b1972400, 0x000001e2b1933e10, 0x000001e2b1935580, 0x000001e2b1937c90,
0x000001e2b1939400, 0x000001e2b20645d0, 0x000001e2b20674b0, 0x000001e2b0fc0dc0,
0x000001e2b0fbd710, 0x000001e2b11783e0, 0x000001e2b2462660, 0x000001e2b2462e30,
0x000001e2b24664e0, 0x000001e2b2464d70, 0x000001e2b246a360, 0x000001e2b2466cb0
}

Java Threads: ( => current thread )
  0x000001e2a91afd30 JavaThread "Reference Handler"          daemon [_thread_blocked, id=4184, stack(0x000000a301000000,0x000000a301100000) (1024K)]
  0x000001e2a91b2900 JavaThread "Finalizer"                  daemon [_thread_blocked, id=35520, stack(0x000000a301100000,0x000000a301200000) (1024K)]
  0x000001e2a91b30c0 JavaThread "Signal Dispatcher"          daemon [_thread_blocked, id=30044, stack(0x000000a301200000,0x000000a301300000) (1024K)]
  0x000001e2a91b5c90 JavaThread "Attach Listener"            daemon [_thread_blocked, id=13736, stack(0x000000a301300000,0x000000a301400000) (1024K)]
  0x000001e2a91b6850 JavaThread "Service Thread"             daemon [_thread_blocked, id=19804, stack(0x000000a301400000,0x000000a301500000) (1024K)]
  0x000001e2a91b7410 JavaThread "Monitor Deflation Thread"   daemon [_thread_blocked, id=40976, stack(0x000000a301500000,0x000000a301600000) (1024K)]
  0x000001e2a91c4f20 JavaThread "C2 CompilerThread0"         daemon [_thread_blocked, id=13912, stack(0x000000a301600000,0x000000a301700000) (1024K)]
  0x000001e2a91cc480 JavaThread "C1 CompilerThread0"         daemon [_thread_blocked, id=13548, stack(0x000000a301700000,0x000000a301800000) (1024K)]
  0x000001e2a95d4480 JavaThread "Notification Thread"        daemon [_thread_blocked, id=19756, stack(0x000000a301800000,0x000000a301900000) (1024K)]
  0x000001e2a95dac60 JavaThread "Common-Cleaner"             daemon [_thread_blocked, id=33984, stack(0x000000a301900000,0x000000a301a00000) (1024K)]
  0x000001e2a97a0b60 JavaThread "Cleaner-0"                  daemon [_thread_blocked, id=4712, stack(0x000000a301b00000,0x000000a301c00000) (1024K)]
  0x000001e2b17fd2a0 JavaThread "com.alibaba.nacos.client.logging.0" daemon [_thread_blocked, id=41608, stack(0x000000a303200000,0x000000a303300000) (1024K)]
  0x000001e2b253d8e0 JavaThread "AsyncAppender-Worker-ASYNC-CONFIG" daemon [_thread_blocked, id=21740, stack(0x000000a303400000,0x000000a303500000) (1024K)]
  0x000001e2b133f650 JavaThread "AsyncAppender-Worker-ASYNC-NAMING" daemon [_thread_blocked, id=15216, stack(0x000000a303500000,0x000000a303600000) (1024K)]
  0x000001e2b1177440 JavaThread "AsyncAppender-Worker-ASYNC-REMOTE" daemon [_thread_blocked, id=24588, stack(0x000000a303600000,0x000000a303700000) (1024K)]
  0x000001e2b1175500 JavaThread "com.alibaba.nacos.client.auth.ram.identify.watcher.0" daemon [_thread_blocked, id=21372, stack(0x000000a303800000,0x000000a303900000) (1024K)]
  0x000001e2b1179380 JavaThread "com.alibaba.nacos.client.Worker.0" daemon [_thread_blocked, id=41896, stack(0x000000a303900000,0x000000a303a00000) (1024K)]
  0x000001e2b117ba90 JavaThread "com.alibaba.nacos.client.Worker.1" daemon [_thread_blocked, id=41448, stack(0x000000a303a00000,0x000000a303b00000) (1024K)]
  0x000001e2b117aaf0 JavaThread "com.alibaba.nacos.client.Worker.2" daemon [_thread_blocked, id=11780, stack(0x000000a303b00000,0x000000a303c00000) (1024K)]
  0x000001e2b117c260 JavaThread "nacos.publisher-com.alibaba.nacos.common.notify.SlowEvent" daemon [_thread_blocked, id=16772, stack(0x000000a303c00000,0x000000a303d00000) (1024K)]
  0x000001e2b0521af0 JavaThread "com.alibaba.nacos.client.remote.worker.0" daemon [_thread_blocked, id=13360, stack(0x000000a303d00000,0x000000a303e00000) (1024K)]
  0x000001e2b0523260 JavaThread "com.alibaba.nacos.client.remote.worker.1" daemon [_thread_blocked, id=17264, stack(0x000000a303e00000,0x000000a303f00000) (1024K)]
  0x000001e2b0520b50 JavaThread "grpc-nio-worker-ELG-1-1"    daemon [_thread_in_native, id=4588, stack(0x000000a301d00000,0x000000a301e00000) (1024K)]
  0x000001e2b145cb30 JavaThread "grpc-nio-worker-ELG-1-2"    daemon [_thread_in_native, id=13872, stack(0x000000a304100000,0x000000a304200000) (1024K)]
  0x000001e2b0fbdee0 JavaThread "nacos.publisher-com.alibaba.nacos.common.ability.AbstractAbilityControlManager$AbilityUpdateEvent" daemon [_thread_blocked, id=14684, stack(0x000000a304900000,0x000000a304a00000) (1024K)]
  0x000001e2b312cde0 JavaThread "metrics-collector-sync-job-thread-1" daemon [_thread_blocked, id=38316, stack(0x000000a305800000,0x000000a305900000) (1024K)]
  0x000001e2b19785b0 JavaThread "DubboMetadataReportTimer-thread-1" daemon [_thread_blocked, id=29076, stack(0x000000a305900000,0x000000a305a00000) (1024K)]
  0x000001e2b1979550 JavaThread "com.alibaba.nacos.client.Worker.0" daemon [_thread_blocked, id=2472, stack(0x000000a305a00000,0x000000a305b00000) (1024K)]
  0x000001e2b1976670 JavaThread "com.alibaba.nacos.client.Worker.1" daemon [_thread_blocked, id=39916, stack(0x000000a305b00000,0x000000a305c00000) (1024K)]
  0x000001e2b1977610 JavaThread "com.alibaba.nacos.client.Worker.2" daemon [_thread_blocked, id=23216, stack(0x000000a305c00000,0x000000a305d00000) (1024K)]
  0x000001e2b1976e40 JavaThread "com.alibaba.nacos.client.remote.worker.0" daemon [_thread_blocked, id=9336, stack(0x000000a305d00000,0x000000a305e00000) (1024K)]
  0x000001e2b197acc0 JavaThread "com.alibaba.nacos.client.remote.worker.1" daemon [_thread_blocked, id=42276, stack(0x000000a305e00000,0x000000a305f00000) (1024K)]
  0x000001e2b197bc60 JavaThread "grpc-nio-worker-ELG-1-3"    daemon [_thread_in_native, id=7244, stack(0x000000a305f00000,0x000000a306000000) (1024K)]
  0x000001e2b196f520 JavaThread "grpc-nio-worker-ELG-1-4"    daemon [_thread_in_native, id=37484, stack(0x000000a306200000,0x000000a306300000) (1024K)]
  0x000001e2b20710f0 JavaThread "qos-boss-1-1"               daemon [_thread_in_native, id=38644, stack(0x000000a307700000,0x000000a307800000) (1024K)]
  0x000001e2b3128f60 JavaThread "nacos.client.config.listener.task-0" daemon [_thread_blocked, id=24452, stack(0x000000a307800000,0x000000a307900000) (1024K)]
  0x000001e2b193d280 JavaThread "NettyServerBoss-4-1"        daemon [_thread_in_native, id=20808, stack(0x000000a308200000,0x000000a308300000) (1024K)]
  0x000001e2b193e220 JavaThread "Dubbo-framework-cache-refreshing-scheduler-thread-1" daemon [_thread_blocked, id=13220, stack(0x000000a308300000,0x000000a308400000) (1024K)]
  0x000001e2b193f1c0 JavaThread "Dubbo-framework-shared-scheduler-thread-1" daemon [_thread_blocked, id=972, stack(0x000000a308400000,0x000000a308500000) (1024K)]
  0x000001e2b193c2e0 JavaThread "nacos.publisher-com.alibaba.nacos.client.naming.event.InstancesChangeEvent" daemon [_thread_blocked, id=27384, stack(0x000000a308500000,0x000000a308600000) (1024K)]
  0x000001e2b193cab0 JavaThread "com.alibaba.nacos.naming.failover.0" daemon [_thread_blocked, id=5992, stack(0x000000a308600000,0x000000a308700000) (1024K)]
  0x000001e2b1940930 JavaThread "com.alibaba.nacos.client.naming.security.0" daemon [_thread_blocked, id=14144, stack(0x000000a308700000,0x000000a308800000) (1024K)]
  0x000001e2b19420a0 JavaThread "com.alibaba.nacos.client.naming.grpc.redo.0" daemon [_thread_blocked, id=5460, stack(0x000000a308800000,0x000000a308900000) (1024K)]
  0x000001e2b1943040 JavaThread "com.alibaba.nacos.client.remote.worker.0" daemon [_thread_blocked, id=10772, stack(0x000000a308900000,0x000000a308a00000) (1024K)]
  0x000001e2af6eee90 JavaThread "com.alibaba.nacos.client.remote.worker.1" daemon [_thread_blocked, id=16104, stack(0x000000a308a00000,0x000000a308b00000) (1024K)]
  0x000001e2af6f0600 JavaThread "grpc-nio-worker-ELG-1-5"    daemon [_thread_in_native, id=4032, stack(0x000000a308b00000,0x000000a308c00000) (1024K)]
  0x000001e2af6f34e0 JavaThread "grpc-nio-worker-ELG-1-6"    daemon [_thread_in_native, id=40948, stack(0x000000a308e00000,0x000000a308f00000) (1024K)]
  0x000001e2af6fb1e0 JavaThread "DubboSaveMetadataReport-thread-1" daemon [_thread_blocked, id=11796, stack(0x000000a309900000,0x000000a309a00000) (1024K)]
  0x000001e2b3827250 JavaThread "Dubbo-framework-shared-scheduler-thread-2" daemon [_thread_blocked, id=14816, stack(0x000000a30a000000,0x000000a30a100000) (1024K)]
  0x000001e2b3827a20 JavaThread "Dubbo-framework-shared-scheduler-thread-3" daemon [_thread_blocked, id=19020, stack(0x000000a30a100000,0x000000a30a200000) (1024K)]
  0x000001e2b38289c0 JavaThread "pool-1-thread-1"                   [_thread_blocked, id=30204, stack(0x000000a30a400000,0x000000a30a500000) (1024K)]
  0x000001e2b382a900 JavaThread "DestroyJavaVM"                     [_thread_blocked, id=42944, stack(0x000000a300800000,0x000000a300900000) (1024K)]
  0x000001e2b3829190 JavaThread "NettyServerWorker-5-1"      daemon [_thread_in_native, id=29292, stack(0x000000a307300000,0x000000a307400000) (1024K)]
  0x000001e2b382b8a0 JavaThread "DubboServerHandler-192.168.174.1:8002-thread-1" daemon [_thread_blocked, id=16916, stack(0x000000a304000000,0x000000a304100000) (1024K)]
  0x000001e2b382d010 JavaThread "Dubbo-framework-shared-scheduler-thread-4" daemon [_thread_blocked, id=20316, stack(0x000000a303f00000,0x000000a304000000) (1024K)]
  0x000001e2b382d7e0 JavaThread "com.alibaba.nacos.client.Worker.3" daemon [_thread_blocked, id=920, stack(0x000000a30a500000,0x000000a30a600000) (1024K)]
  0x000001e2b206d270 JavaThread "Dubbo-framework-shared-scheduler-thread-5" daemon [_thread_blocked, id=15640, stack(0x000000a30a600000,0x000000a30a700000) (1024K)]
  0x000001e2af9e6cf0 JavaThread "Dubbo-framework-shared-scheduler-thread-6" daemon [_thread_blocked, id=26980, stack(0x000000a302d00000,0x000000a302e00000) (1024K)]
  0x000001e2a970f5a0 JavaThread "com.alibaba.nacos.client.Worker.3" daemon [_thread_blocked, id=6276, stack(0x000000a301c00000,0x000000a301d00000) (1024K)]
  0x000001e2a970fd70 JavaThread "Dubbo-framework-shared-scheduler-thread-7" daemon [_thread_blocked, id=32936, stack(0x000000a30a700000,0x000000a30a800000) (1024K)]
  0x000001e2a970e600 JavaThread "Dubbo-framework-shared-scheduler-thread-8" daemon [_thread_blocked, id=38108, stack(0x000000a30a800000,0x000000a30a900000) (1024K)]
  0x000001e2a9712480 JavaThread "com.alibaba.nacos.client.Worker.4" daemon [_thread_blocked, id=26060, stack(0x000000a30a900000,0x000000a30aa00000) (1024K)]
  0x000001e2a9712c50 JavaThread "com.alibaba.nacos.client.Worker.4" daemon [_thread_blocked, id=812, stack(0x000000a301a00000,0x000000a301b00000) (1024K)]
  0x000001e2a97172a0 JavaThread "com.alibaba.nacos.client.Worker.5" daemon [_thread_blocked, id=31392, stack(0x000000a304400000,0x000000a304500000) (1024K)]
  0x000001e2af6f2d10 JavaThread "com.alibaba.nacos.client.Worker.5" daemon [_thread_blocked, id=42056, stack(0x000000a304a00000,0x000000a304b00000) (1024K)]
  0x000001e2af6faa10 JavaThread "com.alibaba.nacos.client.Worker.6" daemon [_thread_blocked, id=17284, stack(0x000000a306100000,0x000000a306200000) (1024K)]
  0x000001e2af6fb9b0 JavaThread "com.alibaba.nacos.client.Worker.6" daemon [_thread_blocked, id=11616, stack(0x000000a304f00000,0x000000a305000000) (1024K)]
  0x000001e2b1938460 JavaThread "com.alibaba.nacos.client.Worker.7" daemon [_thread_blocked, id=34344, stack(0x000000a305200000,0x000000a305300000) (1024K)]
  0x000001e2a9710540 JavaThread "com.alibaba.nacos.client.Worker.7" daemon [_thread_blocked, id=21052, stack(0x000000a304800000,0x000000a304900000) (1024K)]
  0x000001e2a97199b0 JavaThread "com.alibaba.nacos.client.Worker.8" daemon [_thread_blocked, id=1416, stack(0x000000a305500000,0x000000a305600000) (1024K)]
  0x000001e2a971d060 JavaThread "com.alibaba.nacos.client.Worker.8" daemon [_thread_blocked, id=24004, stack(0x000000a306000000,0x000000a306100000) (1024K)]
  0x000001e2af6f4c50 JavaThread "com.alibaba.nacos.client.Worker.9" daemon [_thread_blocked, id=7708, stack(0x000000a304300000,0x000000a304400000) (1024K)]
  0x000001e2af6f8ad0 JavaThread "com.alibaba.nacos.client.Worker.9" daemon [_thread_blocked, id=42572, stack(0x000000a304500000,0x000000a304600000) (1024K)]
  0x000001e2b20693f0 JavaThread "com.alibaba.nacos.client.Worker.10" daemon [_thread_blocked, id=42244, stack(0x000000a306400000,0x000000a306500000) (1024K)]
  0x000001e2b2066ce0 JavaThread "com.alibaba.nacos.client.Worker.10" daemon [_thread_blocked, id=38756, stack(0x000000a304d00000,0x000000a304e00000) (1024K)]
  0x000001e2b3825310 JavaThread "com.alibaba.nacos.client.Worker.11" daemon [_thread_blocked, id=9476, stack(0x000000a306600000,0x000000a306700000) (1024K)]
  0x000001e2b3826a80 JavaThread "com.alibaba.nacos.client.Worker.11" daemon [_thread_blocked, id=4208, stack(0x000000a306700000,0x000000a306800000) (1024K)]
  0x000001e2b1939bd0 JavaThread "com.alibaba.nacos.client.Worker.12" daemon [_thread_blocked, id=38844, stack(0x000000a306900000,0x000000a306a00000) (1024K)]
  0x000001e2b193ab70 JavaThread "com.alibaba.nacos.client.Worker.12" daemon [_thread_blocked, id=2708, stack(0x000000a306a00000,0x000000a306b00000) (1024K)]
  0x000001e2b0fc1d60 JavaThread "com.alibaba.nacos.client.Worker.13" daemon [_thread_blocked, id=2172, stack(0x000000a306b00000,0x000000a306c00000) (1024K)]
  0x000001e2b196ed50 JavaThread "com.alibaba.nacos.client.Worker.13" daemon [_thread_blocked, id=41740, stack(0x000000a306c00000,0x000000a306d00000) (1024K)]
  0x000001e2af6ee6c0 JavaThread "com.alibaba.nacos.client.Worker.14" daemon [_thread_blocked, id=34116, stack(0x000000a304c00000,0x000000a304d00000) (1024K)]
  0x000001e2af6f5bf0 JavaThread "com.alibaba.nacos.client.Worker.14" daemon [_thread_blocked, id=29080, stack(0x000000a305100000,0x000000a305200000) (1024K)]
  0x000001e2a9715360 JavaThread "com.alibaba.nacos.client.Worker.15" daemon [_thread_blocked, id=41604, stack(0x000000a301f00000,0x000000a302000000) (1024K)]
  0x000001e2a9716300 JavaThread "com.alibaba.nacos.client.Worker.15" daemon [_thread_blocked, id=28808, stack(0x000000a305400000,0x000000a305500000) (1024K)]
  0x000001e2b196fcf0 JavaThread "Dubbo-global-shared-handler-thread-3" daemon [_thread_blocked, id=23212, stack(0x000000a305000000,0x000000a305100000) (1024K)]
  0x000001e2b1970c90 JavaThread "DubboServerHandler-192.168.174.1:8002-thread-2" daemon [_thread_blocked, id=42036, stack(0x000000a305300000,0x000000a305400000) (1024K)]
  0x000001e2b1972bd0 JavaThread "DubboServerHandler-192.168.174.1:8002-thread-3" daemon [_thread_blocked, id=39864, stack(0x000000a306300000,0x000000a306400000) (1024K)]
  0x000001e2b1972400 JavaThread "DubboServerHandler-192.168.174.1:8002-thread-4" daemon [_thread_blocked, id=2232, stack(0x000000a306500000,0x000000a306600000) (1024K)]
  0x000001e2b1933e10 JavaThread "DubboServerHandler-192.168.174.1:8002-thread-5" daemon [_thread_blocked, id=42108, stack(0x000000a306800000,0x000000a306900000) (1024K)]
=>0x000001e2b1935580 JavaThread "DubboServerHandler-192.168.174.1:8002-thread-6" daemon [_thread_in_native, id=40292, stack(0x000000a306d00000,0x000000a306e00000) (1024K)]
  0x000001e2b1937c90 JavaThread "Java2D Disposer"            daemon [_thread_blocked, id=17120, stack(0x000000a307400000,0x000000a307500000) (1024K)]
  0x000001e2b1939400 JavaThread "JavaCPP Deallocator"        daemon [_thread_blocked, id=29540, stack(0x000000a304600000,0x000000a304700000) (1024K)]
  0x000001e2b20645d0 JavaThread "nacos-grpc-client-executor-127.0.0.1-113" daemon [_thread_blocked, id=42312, stack(0x000000a307500000,0x000000a307600000) (1024K)]
  0x000001e2b20674b0 JavaThread "nacos-grpc-client-executor-127.0.0.1-114" daemon [_thread_blocked, id=39904, stack(0x000000a307600000,0x000000a307700000) (1024K)]
  0x000001e2b0fc0dc0 JavaThread "nacos-grpc-client-executor-127.0.0.1-100" daemon [_thread_blocked, id=37252, stack(0x000000a302a00000,0x000000a302b00000) (1024K)]
  0x000001e2b0fbd710 JavaThread "nacos-grpc-client-executor-127.0.0.1-101" daemon [_thread_blocked, id=17856, stack(0x000000a304700000,0x000000a304800000) (1024K)]
  0x000001e2b11783e0 JavaThread "nacos-grpc-client-executor-127.0.0.1-102" daemon [_thread_blocked, id=25060, stack(0x000000a30ac00000,0x000000a30ad00000) (1024K)]
  0x000001e2b2462660 JavaThread "nacos-grpc-client-executor-127.0.0.1-108" daemon [_thread_blocked, id=1728, stack(0x000000a30b300000,0x000000a30b400000) (1024K)]
  0x000001e2b2462e30 JavaThread "nacos-grpc-client-executor-127.0.0.1-109" daemon [_thread_blocked, id=13264, stack(0x000000a30b400000,0x000000a30b500000) (1024K)]
  0x000001e2b24664e0 JavaThread "nacos-grpc-client-executor-127.0.0.1-115" daemon [_thread_blocked, id=28588, stack(0x000000a300500000,0x000000a300600000) (1024K)]
  0x000001e2b2464d70 JavaThread "nacos-grpc-client-executor-127.0.0.1-116" daemon [_thread_blocked, id=41940, stack(0x000000a300600000,0x000000a300700000) (1024K)]
  0x000001e2b246a360 JavaThread "nacos-grpc-client-executor-127.0.0.1-103" daemon [_thread_blocked, id=38980, stack(0x000000a300700000,0x000000a300800000) (1024K)]
  0x000001e2b2466cb0 JavaThread "nacos-grpc-client-executor-127.0.0.1-104" daemon [_thread_blocked, id=17564, stack(0x000000a302500000,0x000000a302600000) (1024K)]
Total: 104

Other Threads:
  0x000001e2a91a1a40 VMThread "VM Thread"                           [id=24636, stack(0x000000a300f00000,0x000000a301000000) (1024K)]
  0x000001e2a9191120 WatcherThread "VM Periodic Task Thread"        [id=12312, stack(0x000000a300e00000,0x000000a300f00000) (1024K)]
  0x000001e28bbd0de0 WorkerThread "GC Thread#0"                     [id=9484, stack(0x000000a300900000,0x000000a300a00000) (1024K)]
  0x000001e2af22f1b0 WorkerThread "GC Thread#1"                     [id=9784, stack(0x000000a302000000,0x000000a302100000) (1024K)]
  0x000001e2af22f5e0 WorkerThread "GC Thread#2"                     [id=24512, stack(0x000000a302100000,0x000000a302200000) (1024K)]
  0x000001e2af22fe10 WorkerThread "GC Thread#3"                     [id=6616, stack(0x000000a302200000,0x000000a302300000) (1024K)]
  0x000001e2af374030 WorkerThread "GC Thread#4"                     [id=2856, stack(0x000000a302300000,0x000000a302400000) (1024K)]
  0x000001e2afd4e620 WorkerThread "GC Thread#5"                     [id=39584, stack(0x000000a302400000,0x000000a302500000) (1024K)]
  0x000001e2afd4dd80 WorkerThread "GC Thread#6"                     [id=30536, stack(0x000000a302700000,0x000000a302800000) (1024K)]
  0x000001e2afd4c3a0 WorkerThread "GC Thread#7"                     [id=10936, stack(0x000000a302800000,0x000000a302900000) (1024K)]
  0x000001e2afd4f310 WorkerThread "GC Thread#8"                     [id=21172, stack(0x000000a302b00000,0x000000a302c00000) (1024K)]
  0x000001e2afd52280 WorkerThread "GC Thread#9"                     [id=33628, stack(0x000000a302c00000,0x000000a302d00000) (1024K)]
  0x000001e2b2efc2d0 WorkerThread "GC Thread#10"                    [id=33488, stack(0x000000a302e00000,0x000000a302f00000) (1024K)]
  0x000001e2b2efdcb0 WorkerThread "GC Thread#11"                    [id=39076, stack(0x000000a302f00000,0x000000a303000000) (1024K)]
  0x000001e2b2efd860 WorkerThread "GC Thread#12"                    [id=22540, stack(0x000000a303300000,0x000000a303400000) (1024K)]
  0x000001e28bbea0b0 ConcurrentGCThread "G1 Main Marker"            [id=34172, stack(0x000000a300a00000,0x000000a300b00000) (1024K)]
  0x000001e28bbec960 WorkerThread "G1 Conc#0"                       [id=8336, stack(0x000000a300b00000,0x000000a300c00000) (1024K)]
  0x000001e2b2efedf0 WorkerThread "G1 Conc#1"                       [id=19352, stack(0x000000a303000000,0x000000a303100000) (1024K)]
  0x000001e2b2efbe80 WorkerThread "G1 Conc#2"                       [id=34220, stack(0x000000a303100000,0x000000a303200000) (1024K)]
  0x000001e2a904b4c0 ConcurrentGCThread "G1 Refine#0"               [id=32888, stack(0x000000a300c00000,0x000000a300d00000) (1024K)]
  0x000001e2a904bd80 ConcurrentGCThread "G1 Service"                [id=30280, stack(0x000000a300d00000,0x000000a300e00000) (1024K)]
Total: 21

Threads with active compile tasks:
Total: 0

VM state: not at safepoint (normal execution)

VM Mutex/Monitor currently owned by a thread: None

Heap address: 0x0000000080000000, size: 2048 MB, Compressed Oops mode: 32-bit

CDS archive(s) mapped at: [0x0000000012000000-0x0000000012dd0000-0x0000000012dd0000), size 14483456, SharedBaseAddress: 0x0000000012000000, ArchiveRelocationMode: 1.
Compressed class space mapped at: 0x0000000013000000-0x0000000053000000, reserved size: 1073741824
UseCompressedClassPointers 1, UseCompactObjectHeaders 0
Narrow klass pointer bits 32, Max shift 3
Narrow klass base: 0x0000000012000000, Narrow klass shift: 0
Encoding Range: [0x0000000012000000 - 0x0000000112000000), (4294967296 bytes)
Klass Range:    [0x0000000012010000 - 0x0000000053000000), (1090453504 bytes)
Klass ID Range:  [65536 - 1090519033) (1090453497)
Protection zone: [0x0000000012000000 - 0x0000000012010000), (65536 bytes)

GC Precious Log:
 CardTable entry size: 512
 Card Set container configuration: InlinePtr #cards 5 size 8 Array Of Cards #cards 10 size 36 Howl #buckets 4 coarsen threshold 1843 Howl Bitmap #cards 512 size 80 coarsen threshold 460 Card regions per heap region 1 cards per card region 2048
 CPUs: 16 total, 16 available
 Memory: 14198M
 Large Page Support: Disabled
 NUMA Support: Disabled
 Compressed Oops: Enabled (32-bit)
 Heap Region Size: 1M
 Heap Min Capacity: 8M
 Heap Initial Capacity: 222M
 Heap Max Capacity: 2G
 Pre-touch: Disabled
 Parallel Workers: 13
 Concurrent Workers: 3
 Concurrent Refinement Workers: 13
 Periodic GC: Disabled

Heap:
 garbage-first heap   total reserved 2097152K, committed 130048K, used 52509K [0x0000000080000000, 0x0000000100000000)
  region size 1024K, 12 young (12288K), 1 survivors (1024K)

Heap Regions: E=young(eden), S=young(survivor), O=old, HS=humongous(starts), HC=humongous(continues), CS=collection set, F=free, TAMS=top-at-mark-start, PB=parsable bottom
|   0|0x0000000080000000, 0x0000000080100000, 0x0000000080100000|100%| O|  |TAMS 0x0000000080000000| PB 0x0000000080000000| Untracked |  0
|   1|0x0000000080100000, 0x0000000080200000, 0x0000000080200000|100%| O|  |TAMS 0x0000000080100000| PB 0x0000000080100000| Untracked |  0
|   2|0x0000000080200000, 0x0000000080300000, 0x0000000080300000|100%| O|  |TAMS 0x0000000080200000| PB 0x0000000080200000| Untracked |  0
|   3|0x0000000080300000, 0x00000000803f0b60, 0x0000000080400000| 94%| O|Cm|TAMS 0x0000000080300000| PB 0x0000000080300000| Complete |  0
|   4|0x0000000080400000, 0x0000000080500000, 0x0000000080500000|100%| O|  |TAMS 0x0000000080400000| PB 0x0000000080400000| Untracked |  0
|   5|0x0000000080500000, 0x0000000080600000, 0x0000000080600000|100%| O|  |TAMS 0x0000000080500000| PB 0x0000000080500000| Untracked |  0
|   6|0x0000000080600000, 0x0000000080700000, 0x0000000080700000|100%| O|  |TAMS 0x0000000080600000| PB 0x0000000080600000| Untracked |  0
|   7|0x0000000080700000, 0x0000000080800000, 0x0000000080800000|100%| O|  |TAMS 0x0000000080700000| PB 0x0000000080700000| Untracked |  0
|   8|0x0000000080800000, 0x0000000080900000, 0x0000000080900000|100%| O|  |TAMS 0x0000000080800000| PB 0x0000000080800000| Untracked |  0
|   9|0x0000000080900000, 0x0000000080a00000, 0x0000000080a00000|100%| O|  |TAMS 0x0000000080900000| PB 0x0000000080900000| Untracked |  0
|  10|0x0000000080a00000, 0x0000000080b00000, 0x0000000080b00000|100%| O|  |TAMS 0x0000000080a00000| PB 0x0000000080a00000| Untracked |  0
|  11|0x0000000080b00000, 0x0000000080c00000, 0x0000000080c00000|100%| O|  |TAMS 0x0000000080b00000| PB 0x0000000080b00000| Untracked |  0
|  12|0x0000000080c00000, 0x0000000080d00000, 0x0000000080d00000|100%| O|  |TAMS 0x0000000080c00000| PB 0x0000000080c00000| Untracked |  0
|  13|0x0000000080d00000, 0x0000000080e00000, 0x0000000080e00000|100%| O|  |TAMS 0x0000000080d00000| PB 0x0000000080d00000| Untracked |  0
|  14|0x0000000080e00000, 0x0000000080f00000, 0x0000000080f00000|100%| O|  |TAMS 0x0000000080e00000| PB 0x0000000080e00000| Untracked |  0
|  15|0x0000000080f00000, 0x0000000080ffa588, 0x0000000081000000| 97%| O|  |TAMS 0x0000000080f00000| PB 0x0000000080f00000| Untracked |  0
|  16|0x0000000081000000, 0x0000000081100000, 0x0000000081100000|100%| O|  |TAMS 0x0000000081000000| PB 0x0000000081000000| Untracked |  0
|  17|0x0000000081100000, 0x0000000081200000, 0x0000000081200000|100%| O|  |TAMS 0x0000000081100000| PB 0x0000000081100000| Untracked |  0
|  18|0x0000000081200000, 0x0000000081300000, 0x0000000081300000|100%| O|  |TAMS 0x0000000081200000| PB 0x0000000081200000| Untracked |  0
|  19|0x0000000081300000, 0x0000000081400000, 0x0000000081400000|100%| O|  |TAMS 0x0000000081300000| PB 0x0000000081300000| Untracked |  0
|  20|0x0000000081400000, 0x00000000814ed1c0, 0x0000000081500000| 92%| O|  |TAMS 0x0000000081400000| PB 0x0000000081400000| Untracked |  0
|  21|0x0000000081500000, 0x000000008151ede0, 0x0000000081600000| 12%| O|  |TAMS 0x0000000081500000| PB 0x0000000081500000| Untracked |  0
|  22|0x0000000081600000, 0x0000000081700000, 0x0000000081700000|100%| O|  |TAMS 0x0000000081600000| PB 0x0000000081600000| Untracked |  0
|  23|0x0000000081700000, 0x0000000081800000, 0x0000000081800000|100%|HS|  |TAMS 0x0000000081700000| PB 0x0000000081700000| Complete |  0
|  24|0x0000000081800000, 0x0000000081900000, 0x0000000081900000|100%|HS|  |TAMS 0x0000000081800000| PB 0x0000000081800000| Complete |  0
|  25|0x0000000081900000, 0x0000000081a00000, 0x0000000081a00000|100%|HS|  |TAMS 0x0000000081900000| PB 0x0000000081900000| Complete |  0
|  26|0x0000000081a00000, 0x0000000081b00000, 0x0000000081b00000|100%|HC|  |TAMS 0x0000000081a00000| PB 0x0000000081a00000| Complete |  0
|  27|0x0000000081b00000, 0x0000000081c00000, 0x0000000081c00000|100%|HS|  |TAMS 0x0000000081b00000| PB 0x0000000081b00000| Complete |  0
|  28|0x0000000081c00000, 0x0000000081d00000, 0x0000000081d00000|100%|HC|  |TAMS 0x0000000081c00000| PB 0x0000000081c00000| Complete |  0
|  29|0x0000000081d00000, 0x0000000081e00000, 0x0000000081e00000|100%|HC|  |TAMS 0x0000000081d00000| PB 0x0000000081d00000| Complete |  0
|  30|0x0000000081e00000, 0x0000000081f00000, 0x0000000081f00000|100%|HC|  |TAMS 0x0000000081e00000| PB 0x0000000081e00000| Complete |  0
|  31|0x0000000081f00000, 0x0000000082000000, 0x0000000082000000|100%|HC|  |TAMS 0x0000000081f00000| PB 0x0000000081f00000| Complete |  0
|  32|0x0000000082000000, 0x0000000082100000, 0x0000000082100000|100%|HS|  |TAMS 0x0000000082000000| PB 0x0000000082000000| Complete |  0
|  33|0x0000000082100000, 0x0000000082200000, 0x0000000082200000|100%|HC|  |TAMS 0x0000000082100000| PB 0x0000000082100000| Complete |  0
|  34|0x0000000082200000, 0x0000000082300000, 0x0000000082300000|100%|HC|  |TAMS 0x0000000082200000| PB 0x0000000082200000| Complete |  0
|  35|0x0000000082300000, 0x0000000082400000, 0x0000000082400000|100%|HC|  |TAMS 0x0000000082300000| PB 0x0000000082300000| Complete |  0
|  36|0x0000000082400000, 0x0000000082500000, 0x0000000082500000|100%|HC|  |TAMS 0x0000000082400000| PB 0x0000000082400000| Complete |  0
|  37|0x0000000082500000, 0x0000000082500000, 0x0000000082600000|  0%| F|  |TAMS 0x0000000082500000| PB 0x0000000082500000| Untracked |  0
|  38|0x0000000082600000, 0x0000000082600000, 0x0000000082700000|  0%| F|  |TAMS 0x0000000082600000| PB 0x0000000082600000| Untracked |  0
|  39|0x0000000082700000, 0x0000000082700000, 0x0000000082800000|  0%| F|  |TAMS 0x0000000082700000| PB 0x0000000082700000| Untracked |  0
|  40|0x0000000082800000, 0x0000000082800000, 0x0000000082900000|  0%| F|  |TAMS 0x0000000082800000| PB 0x0000000082800000| Untracked |  0
|  41|0x0000000082900000, 0x0000000082900000, 0x0000000082a00000|  0%| F|  |TAMS 0x0000000082900000| PB 0x0000000082900000| Untracked |  0
|  42|0x0000000082a00000, 0x0000000082a00000, 0x0000000082b00000|  0%| F|  |TAMS 0x0000000082a00000| PB 0x0000000082a00000| Untracked |  0
|  43|0x0000000082b00000, 0x0000000082b00000, 0x0000000082c00000|  0%| F|  |TAMS 0x0000000082b00000| PB 0x0000000082b00000| Untracked |  0
|  44|0x0000000082c00000, 0x0000000082c00000, 0x0000000082d00000|  0%| F|  |TAMS 0x0000000082c00000| PB 0x0000000082c00000| Untracked |  0
|  45|0x0000000082d00000, 0x0000000082d00000, 0x0000000082e00000|  0%| F|  |TAMS 0x0000000082d00000| PB 0x0000000082d00000| Untracked |  0
|  46|0x0000000082e00000, 0x0000000082e00000, 0x0000000082f00000|  0%| F|  |TAMS 0x0000000082e00000| PB 0x0000000082e00000| Untracked |  0
|  47|0x0000000082f00000, 0x0000000082f00000, 0x0000000083000000|  0%| F|  |TAMS 0x0000000082f00000| PB 0x0000000082f00000| Untracked |  0
|  48|0x0000000083000000, 0x0000000083000000, 0x0000000083100000|  0%| F|  |TAMS 0x0000000083000000| PB 0x0000000083000000| Untracked |  0
|  49|0x0000000083100000, 0x0000000083100000, 0x0000000083200000|  0%| F|  |TAMS 0x0000000083100000| PB 0x0000000083100000| Untracked |  0
|  50|0x0000000083200000, 0x0000000083200000, 0x0000000083300000|  0%| F|  |TAMS 0x0000000083200000| PB 0x0000000083200000| Untracked |  0
|  51|0x0000000083300000, 0x0000000083300000, 0x0000000083400000|  0%| F|  |TAMS 0x0000000083300000| PB 0x0000000083300000| Untracked |  0
|  52|0x0000000083400000, 0x0000000083400000, 0x0000000083500000|  0%| F|  |TAMS 0x0000000083400000| PB 0x0000000083400000| Untracked |  0
|  53|0x0000000083500000, 0x0000000083500000, 0x0000000083600000|  0%| F|  |TAMS 0x0000000083500000| PB 0x0000000083500000| Untracked |  0
|  54|0x0000000083600000, 0x0000000083600000, 0x0000000083700000|  0%| F|  |TAMS 0x0000000083600000| PB 0x0000000083600000| Untracked |  0
|  55|0x0000000083700000, 0x0000000083700000, 0x0000000083800000|  0%| F|  |TAMS 0x0000000083700000| PB 0x0000000083700000| Untracked |  0
|  56|0x0000000083800000, 0x0000000083800000, 0x0000000083900000|  0%| F|  |TAMS 0x0000000083800000| PB 0x0000000083800000| Untracked |  0
|  57|0x0000000083900000, 0x0000000083900000, 0x0000000083a00000|  0%| F|  |TAMS 0x0000000083900000| PB 0x0000000083900000| Untracked |  0
|  58|0x0000000083a00000, 0x0000000083a00000, 0x0000000083b00000|  0%| F|  |TAMS 0x0000000083a00000| PB 0x0000000083a00000| Untracked |  0
|  59|0x0000000083b00000, 0x0000000083b00000, 0x0000000083c00000|  0%| F|  |TAMS 0x0000000083b00000| PB 0x0000000083b00000| Untracked |  0
|  60|0x0000000083c00000, 0x0000000083c00000, 0x0000000083d00000|  0%| F|  |TAMS 0x0000000083c00000| PB 0x0000000083c00000| Untracked |  0
|  61|0x0000000083d00000, 0x0000000083d00000, 0x0000000083e00000|  0%| F|  |TAMS 0x0000000083d00000| PB 0x0000000083d00000| Untracked |  0
|  62|0x0000000083e00000, 0x0000000083e00000, 0x0000000083f00000|  0%| F|  |TAMS 0x0000000083e00000| PB 0x0000000083e00000| Untracked |  0
|  63|0x0000000083f00000, 0x0000000083f00000, 0x0000000084000000|  0%| F|  |TAMS 0x0000000083f00000| PB 0x0000000083f00000| Untracked |  0
|  64|0x0000000084000000, 0x0000000084000000, 0x0000000084100000|  0%| F|  |TAMS 0x0000000084000000| PB 0x0000000084000000| Untracked |  0
|  65|0x0000000084100000, 0x0000000084100000, 0x0000000084200000|  0%| F|  |TAMS 0x0000000084100000| PB 0x0000000084100000| Untracked |  0
|  66|0x0000000084200000, 0x0000000084200000, 0x0000000084300000|  0%| F|  |TAMS 0x0000000084200000| PB 0x0000000084200000| Untracked |  0
|  67|0x0000000084300000, 0x0000000084300000, 0x0000000084400000|  0%| F|  |TAMS 0x0000000084300000| PB 0x0000000084300000| Untracked |  0
|  68|0x0000000084400000, 0x0000000084400000, 0x0000000084500000|  0%| F|  |TAMS 0x0000000084400000| PB 0x0000000084400000| Untracked |  0
|  69|0x0000000084500000, 0x0000000084500000, 0x0000000084600000|  0%| F|  |TAMS 0x0000000084500000| PB 0x0000000084500000| Untracked |  0
|  70|0x0000000084600000, 0x0000000084600000, 0x0000000084700000|  0%| F|  |TAMS 0x0000000084600000| PB 0x0000000084600000| Untracked |  0
|  71|0x0000000084700000, 0x0000000084700000, 0x0000000084800000|  0%| F|  |TAMS 0x0000000084700000| PB 0x0000000084700000| Untracked |  0
|  72|0x0000000084800000, 0x0000000084800000, 0x0000000084900000|  0%| F|  |TAMS 0x0000000084800000| PB 0x0000000084800000| Untracked |  0
|  73|0x0000000084900000, 0x0000000084900000, 0x0000000084a00000|  0%| F|  |TAMS 0x0000000084900000| PB 0x0000000084900000| Untracked |  0
|  74|0x0000000084a00000, 0x0000000084a00000, 0x0000000084b00000|  0%| F|  |TAMS 0x0000000084a00000| PB 0x0000000084a00000| Untracked |  0
|  75|0x0000000084b00000, 0x0000000084b00000, 0x0000000084c00000|  0%| F|  |TAMS 0x0000000084b00000| PB 0x0000000084b00000| Untracked |  0
|  76|0x0000000084c00000, 0x0000000084c50758, 0x0000000084d00000| 31%| S|CS|TAMS 0x0000000084c00000| PB 0x0000000084c00000| Complete |  0
|  77|0x0000000084d00000, 0x0000000084d00000, 0x0000000084e00000|  0%| F|  |TAMS 0x0000000084d00000| PB 0x0000000084d00000| Untracked |  0
|  78|0x0000000084e00000, 0x0000000084e00000, 0x0000000084f00000|  0%| F|  |TAMS 0x0000000084e00000| PB 0x0000000084e00000| Untracked |  0
|  79|0x0000000084f00000, 0x0000000084f00000, 0x0000000085000000|  0%| F|  |TAMS 0x0000000084f00000| PB 0x0000000084f00000| Untracked |  0
|  80|0x0000000085000000, 0x0000000085000000, 0x0000000085100000|  0%| F|  |TAMS 0x0000000085000000| PB 0x0000000085000000| Untracked |  0
|  81|0x0000000085100000, 0x0000000085100000, 0x0000000085200000|  0%| F|  |TAMS 0x0000000085100000| PB 0x0000000085100000| Untracked |  0
|  82|0x0000000085200000, 0x0000000085200000, 0x0000000085300000|  0%| F|  |TAMS 0x0000000085200000| PB 0x0000000085200000| Untracked |  0
|  83|0x0000000085300000, 0x0000000085300000, 0x0000000085400000|  0%| F|  |TAMS 0x0000000085300000| PB 0x0000000085300000| Untracked |  0
|  84|0x0000000085400000, 0x0000000085400000, 0x0000000085500000|  0%| F|  |TAMS 0x0000000085400000| PB 0x0000000085400000| Untracked |  0
|  85|0x0000000085500000, 0x0000000085500000, 0x0000000085600000|  0%| F|  |TAMS 0x0000000085500000| PB 0x0000000085500000| Untracked |  0
|  86|0x0000000085600000, 0x0000000085600000, 0x0000000085700000|  0%| F|  |TAMS 0x0000000085600000| PB 0x0000000085600000| Untracked |  0
|  87|0x0000000085700000, 0x0000000085700000, 0x0000000085800000|  0%| F|  |TAMS 0x0000000085700000| PB 0x0000000085700000| Untracked |  0
|  88|0x0000000085800000, 0x0000000085800000, 0x0000000085900000|  0%| F|  |TAMS 0x0000000085800000| PB 0x0000000085800000| Untracked |  0
|  89|0x0000000085900000, 0x0000000085900000, 0x0000000085a00000|  0%| F|  |TAMS 0x0000000085900000| PB 0x0000000085900000| Untracked |  0
|  90|0x0000000085a00000, 0x0000000085a00000, 0x0000000085b00000|  0%| F|  |TAMS 0x0000000085a00000| PB 0x0000000085a00000| Untracked |  0
|  91|0x0000000085b00000, 0x0000000085b00000, 0x0000000085c00000|  0%| F|  |TAMS 0x0000000085b00000| PB 0x0000000085b00000| Untracked |  0
|  92|0x0000000085c00000, 0x0000000085c00000, 0x0000000085d00000|  0%| F|  |TAMS 0x0000000085c00000| PB 0x0000000085c00000| Untracked |  0
|  93|0x0000000085d00000, 0x0000000085d00000, 0x0000000085e00000|  0%| F|  |TAMS 0x0000000085d00000| PB 0x0000000085d00000| Untracked |  0
|  94|0x0000000085e00000, 0x0000000085e00000, 0x0000000085f00000|  0%| F|  |TAMS 0x0000000085e00000| PB 0x0000000085e00000| Untracked |  0
|  95|0x0000000085f00000, 0x0000000085f00000, 0x0000000086000000|  0%| F|  |TAMS 0x0000000085f00000| PB 0x0000000085f00000| Untracked |  0
|  96|0x0000000086000000, 0x0000000086000000, 0x0000000086100000|  0%| F|  |TAMS 0x0000000086000000| PB 0x0000000086000000| Untracked |  0
|  97|0x0000000086100000, 0x0000000086100000, 0x0000000086200000|  0%| F|  |TAMS 0x0000000086100000| PB 0x0000000086100000| Untracked |  0
|  98|0x0000000086200000, 0x0000000086200000, 0x0000000086300000|  0%| F|  |TAMS 0x0000000086200000| PB 0x0000000086200000| Untracked |  0
|  99|0x0000000086300000, 0x0000000086300000, 0x0000000086400000|  0%| F|  |TAMS 0x0000000086300000| PB 0x0000000086300000| Untracked |  0
| 100|0x0000000086400000, 0x0000000086400000, 0x0000000086500000|  0%| F|  |TAMS 0x0000000086400000| PB 0x0000000086400000| Untracked |  0
| 101|0x0000000086500000, 0x0000000086500000, 0x0000000086600000|  0%| F|  |TAMS 0x0000000086500000| PB 0x0000000086500000| Untracked |  0
| 102|0x0000000086600000, 0x0000000086600000, 0x0000000086700000|  0%| F|  |TAMS 0x0000000086600000| PB 0x0000000086600000| Untracked |  0
| 103|0x0000000086700000, 0x0000000086700000, 0x0000000086800000|  0%| F|  |TAMS 0x0000000086700000| PB 0x0000000086700000| Untracked |  0
| 104|0x0000000086800000, 0x0000000086800000, 0x0000000086900000|  0%| F|  |TAMS 0x0000000086800000| PB 0x0000000086800000| Untracked |  0
| 105|0x0000000086900000, 0x0000000086900000, 0x0000000086a00000|  0%| F|  |TAMS 0x0000000086900000| PB 0x0000000086900000| Untracked |  0
| 106|0x0000000086a00000, 0x0000000086a00000, 0x0000000086b00000|  0%| F|  |TAMS 0x0000000086a00000| PB 0x0000000086a00000| Untracked |  0
| 107|0x0000000086b00000, 0x0000000086b00000, 0x0000000086c00000|  0%| F|  |TAMS 0x0000000086b00000| PB 0x0000000086b00000| Untracked |  0
| 108|0x0000000086c00000, 0x0000000086c00000, 0x0000000086d00000|  0%| F|  |TAMS 0x0000000086c00000| PB 0x0000000086c00000| Untracked |  0
| 109|0x0000000086d00000, 0x0000000086d00000, 0x0000000086e00000|  0%| F|  |TAMS 0x0000000086d00000| PB 0x0000000086d00000| Untracked |  0
| 110|0x0000000086e00000, 0x0000000086e00000, 0x0000000086f00000|  0%| F|  |TAMS 0x0000000086e00000| PB 0x0000000086e00000| Untracked |  0
| 125|0x0000000087d00000, 0x0000000087d999c0, 0x0000000087e00000| 60%| E|  |TAMS 0x0000000087d00000| PB 0x0000000087d00000| Complete |  0
| 126|0x0000000087e00000, 0x0000000087f00000, 0x0000000087f00000|100%| E|CS|TAMS 0x0000000087e00000| PB 0x0000000087e00000| Complete |  0
| 127|0x0000000087f00000, 0x0000000088000000, 0x0000000088000000|100%| E|CS|TAMS 0x0000000087f00000| PB 0x0000000087f00000| Complete |  0
| 128|0x0000000088000000, 0x0000000088100000, 0x0000000088100000|100%| E|CS|TAMS 0x0000000088000000| PB 0x0000000088000000| Complete |  0
| 129|0x0000000088100000, 0x0000000088200000, 0x0000000088200000|100%| E|CS|TAMS 0x0000000088100000| PB 0x0000000088100000| Complete |  0
| 130|0x0000000088200000, 0x0000000088300000, 0x0000000088300000|100%| E|CS|TAMS 0x0000000088200000| PB 0x0000000088200000| Complete |  0
| 161|0x000000008a100000, 0x000000008a200000, 0x000000008a200000|100%| E|CS|TAMS 0x000000008a100000| PB 0x000000008a100000| Complete |  0
| 162|0x000000008a200000, 0x000000008a300000, 0x000000008a300000|100%| E|CS|TAMS 0x000000008a200000| PB 0x000000008a200000| Complete |  0
| 163|0x000000008a300000, 0x000000008a400000, 0x000000008a400000|100%| E|CS|TAMS 0x000000008a300000| PB 0x000000008a300000| Complete |  0
| 164|0x000000008a400000, 0x000000008a500000, 0x000000008a500000|100%| E|CS|TAMS 0x000000008a400000| PB 0x000000008a400000| Complete |  0
|2042|0x00000000ffa00000, 0x00000000ffb00000, 0x00000000ffb00000|100%| O|  |TAMS 0x00000000ffa00000| PB 0x00000000ffa00000| Untracked |  0
|2043|0x00000000ffb00000, 0x00000000ffc00000, 0x00000000ffc00000|100%| O|  |TAMS 0x00000000ffb00000| PB 0x00000000ffb00000| Untracked |  0
|2044|0x00000000ffc00000, 0x00000000ffd00000, 0x00000000ffd00000|100%| O|  |TAMS 0x00000000ffc00000| PB 0x00000000ffc00000| Untracked |  0
|2045|0x00000000ffd00000, 0x00000000ffe00000, 0x00000000ffe00000|100%| O|  |TAMS 0x00000000ffd00000| PB 0x00000000ffd00000| Untracked |  0
|2046|0x00000000ffe00000, 0x00000000fff00000, 0x00000000fff00000|100%| O|  |TAMS 0x00000000ffe00000| PB 0x00000000ffe00000| Untracked |  0
|2047|0x00000000fff00000, 0x0000000100000000, 0x0000000100000000|100%| E|CS|TAMS 0x00000000fff00000| PB 0x00000000fff00000| Complete |  0

Card table byte_map: [0x000001e2a4090000,0x000001e2a4490000] _byte_map_base: 0x000001e2a3c90000

Marking Bits: (CMBitMap*) 0x000001e28bbd1570
 Bits: [0x000001e2a4490000, 0x000001e2a6490000)

Polling page: 0x000001e289830000

Metaspace:
Metaspace        used 71086K, committed 71552K, reserved 1114112K
 class space     used 8200K, committed 8384K, reserved 1048576K

Usage:
  Non-class:     61.41 MB used.
      Class:      8.01 MB used.
       Both:     69.42 MB used.

Virtual space:
  Non-class space:       64.00 MB reserved,      61.69 MB ( 96%) committed,  1 nodes.
      Class space:        1.00 GB reserved,       8.19 MB ( <1%) committed,  1 nodes.
             Both:        1.06 GB reserved,      69.88 MB (  6%) committed. 

Chunk freelists:
   Non-Class:  1.92 MB
       Class:  7.70 MB
        Both:  9.62 MB

MaxMetaspaceSize: unlimited
CompressedClassSpaceSize: 1.00 GB
Initial GC threshold: 21.00 MB
Current GC threshold: 116.19 MB
CDS: on
 - commit_granule_bytes: 65536.
 - commit_granule_words: 8192.
 - virtual_space_node_default_size: 8388608.
 - enlarge_chunks_in_place: 1.
UseCompressedClassPointers 1, UseCompactObjectHeaders 0
Narrow klass pointer bits 32, Max shift 3
Narrow klass base: 0x0000000012000000, Narrow klass shift: 0
Encoding Range: [0x0000000012000000 - 0x0000000112000000), (4294967296 bytes)
Klass Range:    [0x0000000012010000 - 0x0000000053000000), (1090453504 bytes)
Klass ID Range:  [65536 - 1090519033) (1090453497)
Protection zone: [0x0000000012000000 - 0x0000000012010000), (65536 bytes)


Internal statistics:

num_allocs_failed_limit: 9.
num_arena_births: 486.
num_arena_deaths: 0.
num_vsnodes_births: 2.
num_vsnodes_deaths: 0.
num_space_committed: 1116.
num_space_uncommitted: 0.
num_chunks_returned_to_freelist: 9.
num_chunks_taken_from_freelist: 2806.
num_chunk_merges: 9.
num_chunk_splits: 2199.
num_chunks_enlarged: 1923.
num_inconsistent_stats: 0.

CodeHeap 'non-profiled nmethods': size=119232Kb used=3286Kb max_used=3498Kb free=115945Kb
 bounds [0x000001e29bfa0000, 0x000001e29c320000, 0x000001e2a3410000]
CodeHeap 'profiled nmethods': size=119104Kb used=11181Kb max_used=11749Kb free=107922Kb
 bounds [0x000001e294410000, 0x000001e294fd0000, 0x000001e29b860000]
CodeHeap 'non-nmethods': size=7424Kb used=2331Kb max_used=4050Kb free=5092Kb
 bounds [0x000001e29b860000, 0x000001e29bc60000, 0x000001e29bfa0000]
CodeCache: size=245760Kb, used=16798Kb, max_used=19297Kb, free=228959Kb
 total_blobs=8848, nmethods=7447, adapters=1302, full_count=0
Compilation: enabled, stopped_count=0, restarted_count=0

Compilation events (20 events):
Event: 225.746 Thread 0x000001e2aef6d3a0 8830       3       com.yolo.inference.YoloInferenceEngine::lambda$applyNMS$0 (12 bytes)
Event: 225.746 Thread 0x000001e2aef6d3a0 nmethod 8830 0x000001e294825c88 code [0x000001e294825d80, 0x000001e294825ea8]
Event: 225.746 Thread 0x000001e2a91cc480 nmethod 8829 0x000001e294649208 code [0x000001e294649300, 0x000001e294649640]
Event: 225.746 Thread 0x000001e2a91cc480 8831       3       java.lang.Float::compare (46 bytes)
Event: 225.746 Thread 0x000001e2aef6d3a0 8833       3       java.lang.Float::floatToIntBits (15 bytes)
Event: 225.746 Thread 0x000001e2a91cc480 nmethod 8831 0x000001e2944f5b08 code [0x000001e2944f5c00, 0x000001e2944f6190]
Event: 225.746 Thread 0x000001e2aef6d3a0 nmethod 8833 0x000001e29497dc88 code [0x000001e29497dd80, 0x000001e29497dfa8]
Event: 225.758 Thread 0x000001e2a91c4f20 8834       4       java.lang.StringLatin1::inflate (10 bytes)
Event: 225.763 Thread 0x000001e2a91c4f20 nmethod 8834 0x000001e29c055888 code [0x000001e29c055980, 0x000001e29c055be8]
Event: 225.765 Thread 0x000001e2a91c4f20 8835       4       java.lang.Math::floorMod (28 bytes)
Event: 225.765 Thread 0x000001e2a91c4f20 nmethod 8835 0x000001e29c055508 code [0x000001e29c055600, 0x000001e29c0556e0]
Event: 225.795 Thread 0x000001e2a91cc480 8836       3       java.util.ArrayDeque::copyElements (13 bytes)
Event: 225.795 Thread 0x000001e2aef6d3a0 8837       3       java.util.ArrayDeque$$Lambda/0x000000001312cdf0::<init> (10 bytes)
Event: 225.795 Thread 0x000001e2aef6d3a0 nmethod 8837 0x000001e294831208 code [0x000001e294831300, 0x000001e2948314b0]
Event: 225.795 Thread 0x000001e2a91cc480 nmethod 8836 0x000001e294b09708 code [0x000001e294b09800, 0x000001e294b09e40]
Event: 225.822 Thread 0x000001e2a91c4f20 8838       4       java.util.zip.ZipEntry::isCENHeaderValid (58 bytes)
Event: 225.823 Thread 0x000001e2a91c4f20 nmethod 8838 0x000001e29c22b708 code [0x000001e29c22b800, 0x000001e29c22b918]
Event: 225.830 Thread 0x000001e2a91c4f20 8839       4       org.springframework.boot.loader.net.protocol.nested.Handler::openConnection (9 bytes)
Event: 225.837 Thread 0x000001e2a91c4f20 nmethod 8839 0x000001e29c0cca88 code [0x000001e29c0ccb80, 0x000001e29c0cd900]
Event: 225.837 Thread 0x000001e2a91c4f20 8841  s!   4       org.bytedeco.javacpp.Loader::loadLibrary (1711 bytes)

GC Heap Usage History (20 events):
Event: 223.975 {heap Before GC invocations=63 (full 0):
 garbage-first heap   total reserved 2097152K, committed 112640K, used 98330K [0x0000000080000000, 0x0000000100000000)
  region size 1024K, 66 young (67584K), 1 survivors (1024K)
}
Event: 223.977 {heap After GC invocations=64 (full 0):
 garbage-first heap   total reserved 2097152K, committed 112640K, used 31810K [0x0000000080000000, 0x0000000100000000)
  region size 1024K, 1 young (1024K), 1 survivors (1024K)
}
Event: 224.041 {heap Before GC invocations=65 (full 0):
 garbage-first heap   total reserved 2097152K, committed 112640K, used 98370K [0x0000000080000000, 0x0000000100000000)
  region size 1024K, 66 young (67584K), 1 survivors (1024K)
}
Event: 224.042 {heap After GC invocations=66 (full 0):
 garbage-first heap   total reserved 2097152K, committed 112640K, used 31832K [0x0000000080000000, 0x0000000100000000)
  region size 1024K, 1 young (1024K), 1 survivors (1024K)
}
Event: 224.091 {heap Before GC invocations=66 (full 0):
 garbage-first heap   total reserved 2097152K, committed 112640K, used 98392K [0x0000000080000000, 0x0000000100000000)
  region size 1024K, 66 young (67584K), 1 survivors (1024K)
}
Event: 224.092 {heap After GC invocations=67 (full 0):
 garbage-first heap   total reserved 2097152K, committed 135168K, used 31800K [0x0000000080000000, 0x0000000100000000)
  region size 1024K, 1 young (1024K), 1 survivors (1024K)
}
Event: 224.182 {heap Before GC invocations=67 (full 0):
 garbage-first heap   total reserved 2097152K, committed 135168K, used 111672K [0x0000000080000000, 0x0000000100000000)
  region size 1024K, 79 young (80896K), 1 survivors (1024K)
}
Event: 224.183 {heap After GC invocations=68 (full 0):
 garbage-first heap   total reserved 2097152K, committed 135168K, used 31815K [0x0000000080000000, 0x0000000100000000)
  region size 1024K, 1 young (1024K), 1 survivors (1024K)
}
Event: 224.248 {heap Before GC invocations=69 (full 0):
 garbage-first heap   total reserved 2097152K, committed 112640K, used 98375K [0x0000000080000000, 0x0000000100000000)
  region size 1024K, 66 young (67584K), 1 survivors (1024K)
}
Event: 224.249 {heap After GC invocations=70 (full 0):
 garbage-first heap   total reserved 2097152K, committed 112640K, used 31813K [0x0000000080000000, 0x0000000100000000)
  region size 1024K, 1 young (1024K), 1 survivors (1024K)
}
Event: 224.323 {heap Before GC invocations=70 (full 0):
 garbage-first heap   total reserved 2097152K, committed 112640K, used 98373K [0x0000000080000000, 0x0000000100000000)
  region size 1024K, 66 young (67584K), 1 survivors (1024K)
}
Event: 224.326 {heap After GC invocations=71 (full 0):
 garbage-first heap   total reserved 2097152K, committed 112640K, used 31691K [0x0000000080000000, 0x0000000100000000)
  region size 1024K, 1 young (1024K), 1 survivors (1024K)
}
Event: 224.375 {heap Before GC invocations=71 (full 0):
 garbage-first heap   total reserved 2097152K, committed 112640K, used 98251K [0x0000000080000000, 0x0000000100000000)
  region size 1024K, 66 young (67584K), 1 survivors (1024K)
}
Event: 224.377 {heap After GC invocations=72 (full 0):
 garbage-first heap   total reserved 2097152K, committed 112640K, used 31750K [0x0000000080000000, 0x0000000100000000)
  region size 1024K, 1 young (1024K), 1 survivors (1024K)
}
Event: 224.452 {heap Before GC invocations=73 (full 0):
 garbage-first heap   total reserved 2097152K, committed 112640K, used 98310K [0x0000000080000000, 0x0000000100000000)
  region size 1024K, 66 young (67584K), 1 survivors (1024K)
}
Event: 224.453 {heap After GC invocations=74 (full 0):
 garbage-first heap   total reserved 2097152K, committed 112640K, used 31769K [0x0000000080000000, 0x0000000100000000)
  region size 1024K, 1 young (1024K), 1 survivors (1024K)
}
Event: 224.557 {heap Before GC invocations=74 (full 0):
 garbage-first heap   total reserved 2097152K, committed 112640K, used 98329K [0x0000000080000000, 0x0000000100000000)
  region size 1024K, 66 young (67584K), 1 survivors (1024K)
}
Event: 224.558 {heap After GC invocations=75 (full 0):
 garbage-first heap   total reserved 2097152K, committed 137216K, used 31886K [0x0000000080000000, 0x0000000100000000)
  region size 1024K, 1 young (1024K), 1 survivors (1024K)
}
Event: 225.108 {heap Before GC invocations=75 (full 0):
 garbage-first heap   total reserved 2097152K, committed 137216K, used 84110K [0x0000000080000000, 0x0000000100000000)
  region size 1024K, 53 young (54272K), 1 survivors (1024K)
}
Event: 225.110 {heap After GC invocations=76 (full 0):
 garbage-first heap   total reserved 2097152K, committed 137216K, used 32029K [0x0000000080000000, 0x0000000100000000)
  region size 1024K, 1 young (1024K), 1 survivors (1024K)
}

Metaspace Usage History (20 events):
Event: 223.975 {metaspace Before GC invocations=63 (full 0):
 Metaspace       used 68942K, committed 69376K, reserved 1114112K
  class space    used 7938K, committed 8128K, reserved 1048576K
}
Event: 223.977 {metaspace After GC invocations=64 (full 0):
 Metaspace       used 68942K, committed 69376K, reserved 1114112K
  class space    used 7938K, committed 8128K, reserved 1048576K
}
Event: 224.041 {metaspace Before GC invocations=65 (full 0):
 Metaspace       used 68942K, committed 69376K, reserved 1114112K
  class space    used 7938K, committed 8128K, reserved 1048576K
}
Event: 224.042 {metaspace After GC invocations=66 (full 0):
 Metaspace       used 68942K, committed 69376K, reserved 1114112K
  class space    used 7938K, committed 8128K, reserved 1048576K
}
Event: 224.091 {metaspace Before GC invocations=66 (full 0):
 Metaspace       used 68942K, committed 69376K, reserved 1114112K
  class space    used 7938K, committed 8128K, reserved 1048576K
}
Event: 224.092 {metaspace After GC invocations=67 (full 0):
 Metaspace       used 68942K, committed 69376K, reserved 1114112K
  class space    used 7938K, committed 8128K, reserved 1048576K
}
Event: 224.182 {metaspace Before GC invocations=67 (full 0):
 Metaspace       used 68950K, committed 69440K, reserved 1114112K
  class space    used 7938K, committed 8128K, reserved 1048576K
}
Event: 224.183 {metaspace After GC invocations=68 (full 0):
 Metaspace       used 68950K, committed 69440K, reserved 1114112K
  class space    used 7938K, committed 8128K, reserved 1048576K
}
Event: 224.248 {metaspace Before GC invocations=69 (full 0):
 Metaspace       used 68950K, committed 69440K, reserved 1114112K
  class space    used 7938K, committed 8128K, reserved 1048576K
}
Event: 224.249 {metaspace After GC invocations=70 (full 0):
 Metaspace       used 68950K, committed 69440K, reserved 1114112K
  class space    used 7938K, committed 8128K, reserved 1048576K
}
Event: 224.323 {metaspace Before GC invocations=70 (full 0):
 Metaspace       used 68950K, committed 69440K, reserved 1114112K
  class space    used 7938K, committed 8128K, reserved 1048576K
}
Event: 224.326 {metaspace After GC invocations=71 (full 0):
 Metaspace       used 68950K, committed 69440K, reserved 1114112K
  class space    used 7938K, committed 8128K, reserved 1048576K
}
Event: 224.375 {metaspace Before GC invocations=71 (full 0):
 Metaspace       used 68950K, committed 69440K, reserved 1114112K
  class space    used 7938K, committed 8128K, reserved 1048576K
}
Event: 224.377 {metaspace After GC invocations=72 (full 0):
 Metaspace       used 68950K, committed 69440K, reserved 1114112K
  class space    used 7938K, committed 8128K, reserved 1048576K
}
Event: 224.452 {metaspace Before GC invocations=73 (full 0):
 Metaspace       used 68950K, committed 69440K, reserved 1114112K
  class space    used 7938K, committed 8128K, reserved 1048576K
}
Event: 224.453 {metaspace After GC invocations=74 (full 0):
 Metaspace       used 68950K, committed 69440K, reserved 1114112K
  class space    used 7938K, committed 8128K, reserved 1048576K
}
Event: 224.557 {metaspace Before GC invocations=74 (full 0):
 Metaspace       used 69869K, committed 70336K, reserved 1114112K
  class space    used 8078K, committed 8256K, reserved 1048576K
}
Event: 224.558 {metaspace After GC invocations=75 (full 0):
 Metaspace       used 69869K, committed 70336K, reserved 1114112K
  class space    used 8078K, committed 8256K, reserved 1048576K
}
Event: 225.108 {metaspace Before GC invocations=75 (full 0):
 Metaspace       used 70919K, committed 71360K, reserved 1114112K
  class space    used 8184K, committed 8384K, reserved 1048576K
}
Event: 225.110 {metaspace After GC invocations=76 (full 0):
 Metaspace       used 70919K, committed 71360K, reserved 1114112K
  class space    used 8184K, committed 8384K, reserved 1048576K
}

Dll operation events (20 events):
Event: 221.987 Loaded shared library C:\Users\÷Á\.javacpp\cache\javacpp-1.5.10-windows-x86_64.jar\org\bytedeco\javacpp\windows-x86_64\api-ms-win-core-util-l1-1-0.dll
Event: 222.000 Loaded shared library C:\Users\÷Á\.javacpp\cache\javacpp-1.5.10-windows-x86_64.jar\org\bytedeco\javacpp\windows-x86_64\api-ms-win-core-interlocked-l1-1-0.dll
Event: 222.024 Loaded shared library C:\Users\÷Á\.javacpp\cache\javacpp-1.5.10-windows-x86_64.jar\org\bytedeco\javacpp\windows-x86_64\ucrtbase.dll
Event: 222.039 Loaded shared library C:\Users\÷Á\.javacpp\cache\javacpp-1.5.10-windows-x86_64.jar\org\bytedeco\javacpp\windows-x86_64\vcruntime140.dll
Event: 222.053 Loaded shared library C:\Users\÷Á\.javacpp\cache\javacpp-1.5.10-windows-x86_64.jar\org\bytedeco\javacpp\windows-x86_64\vcruntime140_1.dll
Event: 222.066 Loaded shared library C:\Users\÷Á\.javacpp\cache\javacpp-1.5.10-windows-x86_64.jar\org\bytedeco\javacpp\windows-x86_64\msvcp140.dll
Event: 222.081 Loaded shared library C:\Users\÷Á\.javacpp\cache\javacpp-1.5.10-windows-x86_64.jar\org\bytedeco\javacpp\windows-x86_64\msvcp140_1.dll
Event: 222.096 Loaded shared library C:\Users\÷Á\.javacpp\cache\javacpp-1.5.10-windows-x86_64.jar\org\bytedeco\javacpp\windows-x86_64\concrt140.dll
Event: 222.109 Loaded shared library C:\Users\÷Á\.javacpp\cache\javacpp-1.5.10-windows-x86_64.jar\org\bytedeco\javacpp\windows-x86_64\vcomp140.dll
Event: 222.122 Loaded shared library C:\Users\÷Á\.javacpp\cache\javacpp-1.5.10-windows-x86_64.jar\org\bytedeco\javacpp\windows-x86_64\jnijavacpp.dll
Event: 222.212 Loaded shared library C:\Users\÷Á\.javacpp\cache\openblas-0.3.26-1.5.10-windows-x86_64.jar\org\bytedeco\openblas\windows-x86_64\libopenblas_nolapack.dll
Event: 222.250 Loaded shared library C:\Users\÷Á\.javacpp\cache\openblas-0.3.26-1.5.10-windows-x86_64.jar\org\bytedeco\openblas\windows-x86_64\jniopenblas_nolapack.dll
Event: 222.397 Loaded shared library C:\Users\÷Á\.javacpp\cache\openblas-0.3.26-1.5.10-windows-x86_64.jar\org\bytedeco\openblas\windows-x86_64\libopenblas.dll
Event: 222.717 Loaded shared library C:\Users\÷Á\.javacpp\cache\openblas-0.3.26-1.5.10-windows-x86_64.jar\org\bytedeco\openblas\windows-x86_64\jniopenblas.dll
Event: 224.311 Loaded shared library C:\Users\÷Á\.javacpp\cache\opencv-4.9.0-1.5.10-windows-x86_64.jar\org\bytedeco\opencv\windows-x86_64\opencv_core490.dll
Event: 224.403 Loaded shared library C:\Users\÷Á\.javacpp\cache\opencv-4.9.0-1.5.10-windows-x86_64.jar\org\bytedeco\opencv\windows-x86_64\opencv_imgproc490.dll
Event: 224.502 Loaded shared library C:\Users\÷Á\.javacpp\cache\opencv-4.9.0-1.5.10-windows-x86_64.jar\org\bytedeco\opencv\windows-x86_64\jniopencv_core.dll
Event: 224.857 Loaded shared library C:\Users\÷Á\.javacpp\cache\opencv-4.9.0-1.5.10-windows-x86_64.jar\org\bytedeco\opencv\windows-x86_64\jniopencv_imgproc.dll
Event: 224.928 Loaded shared library C:\Users\÷Á\.javacpp\cache\opencv-4.9.0-1.5.10-windows-x86_64.jar\org\bytedeco\opencv\windows-x86_64\opencv_imgcodecs490.dll
Event: 224.938 Loaded shared library C:\Users\÷Á\.javacpp\cache\opencv-4.9.0-1.5.10-windows-x86_64.jar\org\bytedeco\opencv\windows-x86_64\jniopencv_imgcodecs.dll

Deoptimization events (20 events):
Event: 222.198 Thread 0x000001e2b1935580 Uncommon trap: trap_request=0xffffff45 fr.pc=0x000001e29c1dcc4c relative=0x0000000000002acc
Event: 222.198 Thread 0x000001e2b1935580 Uncommon trap: reason=unstable_if action=reinterpret pc=0x000001e29c1dcc4c method=java.net.URL.<init>(Ljava/net/URL;Ljava/lang/String;Ljava/net/URLStreamHandler;)V @ 421 c2
Event: 222.198 Thread 0x000001e2b1935580 DEOPT PACKING pc=0x000001e29c1dcc4c sp=0x000000a306dfb990
Event: 222.198 Thread 0x000001e2b1935580 DEOPT UNPACKING pc=0x000001e29b981c02 sp=0x000000a306dfb950 mode 2
Event: 222.198 Thread 0x000001e2b1935580 Uncommon trap: trap_request=0xffffff45 fr.pc=0x000001e29c0d4610 relative=0x0000000000000e90
Event: 222.198 Thread 0x000001e2b1935580 Uncommon trap: reason=unstable_if action=reinterpret pc=0x000001e29c0d4610 method=org.springframework.boot.loader.net.protocol.jar.Handler.parseURL(Ljava/net/URL;Ljava/lang/String;II)V @ 49 c2
Event: 222.198 Thread 0x000001e2b1935580 DEOPT PACKING pc=0x000001e29c0d4610 sp=0x000000a306dfb8c0
Event: 222.198 Thread 0x000001e2b1935580 DEOPT UNPACKING pc=0x000001e29b981c02 sp=0x000000a306dfb8b0 mode 2
Event: 222.198 Thread 0x000001e2b1935580 Uncommon trap: trap_request=0xffffff45 fr.pc=0x000001e29c11a62c relative=0x0000000000000dac
Event: 222.198 Thread 0x000001e2b1935580 Uncommon trap: reason=unstable_if action=reinterpret pc=0x000001e29c11a62c method=java.net.URLStreamHandler.toExternalForm(Ljava/net/URL;)Ljava/lang/String; @ 122 c2
Event: 222.198 Thread 0x000001e2b1935580 DEOPT PACKING pc=0x000001e29c11a62c sp=0x000000a306dfb9c0
Event: 222.198 Thread 0x000001e2b1935580 DEOPT UNPACKING pc=0x000001e29b981c02 sp=0x000000a306dfb990 mode 2
Event: 222.245 Thread 0x000001e2b1935580 DEOPT PACKING pc=0x000001e294dff1c6 sp=0x000000a306dfb840
Event: 222.245 Thread 0x000001e2b1935580 DEOPT UNPACKING pc=0x000001e29b8b1702 sp=0x000000a306dfad40 mode 0
Event: 222.358 Thread 0x000001e2b1935580 DEOPT PACKING pc=0x000001e294dff1c6 sp=0x000000a306dfb7d0
Event: 222.358 Thread 0x000001e2b1935580 DEOPT UNPACKING pc=0x000001e29b8b1702 sp=0x000000a306dfacd0 mode 0
Event: 222.780 Thread 0x000001e2b1935580 Uncommon trap: trap_request=0xffffff45 fr.pc=0x000001e29c0bca98 relative=0x0000000000001298
Event: 222.780 Thread 0x000001e2b1935580 Uncommon trap: reason=unstable_if action=reinterpret pc=0x000001e29c0bca98 method=jdk.internal.jimage.ImageLocation.verifyName(Ljava/lang/String;Ljava/lang/String;IIIIIILjdk/internal/jimage/ImageStrings;)Z @ 2 c2
Event: 222.780 Thread 0x000001e2b1935580 DEOPT PACKING pc=0x000001e29c0bca98 sp=0x000000a306dfb4e0
Event: 222.781 Thread 0x000001e2b1935580 DEOPT UNPACKING pc=0x000001e29b981c02 sp=0x000000a306dfb3b8 mode 2

Classes loaded (20 events):
Event: 221.518 Loading class com/sun/imageio/plugins/jpeg/AdobeMarkerSegment
Event: 221.518 Loading class com/sun/imageio/plugins/jpeg/AdobeMarkerSegment done
Event: 221.518 Loading class com/sun/imageio/plugins/jpeg/DRIMarkerSegment
Event: 221.518 Loading class com/sun/imageio/plugins/jpeg/DRIMarkerSegment done
Event: 221.551 Loading class java/lang/UnsatisfiedLinkError
Event: 221.551 Loading class java/lang/UnsatisfiedLinkError done
Event: 221.562 Loading class java/nio/file/FileAlreadyExistsException
Event: 221.562 Loading class java/nio/file/FileAlreadyExistsException done
Event: 221.563 Loading class java/nio/file/FileVisitor
Event: 221.563 Loading class java/nio/file/FileVisitor done
Event: 221.565 Loading class java/lang/SecurityManager$StackWalkerHolder
Event: 221.565 Loading class java/lang/SecurityManager$StackWalkerHolder done
Event: 221.565 Loading class java/lang/StackStreamFactory$ClassFrameBuffer
Event: 221.565 Loading class java/lang/StackStreamFactory$ClassFrameBuffer done
Event: 225.189 Loading class java/nio/HeapFloatBuffer
Event: 225.189 Loading class java/nio/HeapFloatBuffer done
Event: 225.197 Loading class java/nio/DirectFloatBufferU
Event: 225.197 Loading class java/nio/DirectFloatBufferU done
Event: 225.744 Loading class java/util/logging/LogRecord
Event: 225.744 Loading class java/util/logging/LogRecord done

Classes unloaded (0 events):
No events

Classes redefined (0 events):
No events

Internal exceptions (20 events):
Event: 152.613 Thread 0x000001e2b1175500 Exception <a 'java/io/FileNotFoundException'{0x00000000843fa600}> (0x00000000843fa600) 
thrown [s\open\src\hotspot\share\prims\jni.cpp, line 516]
Event: 152.613 Thread 0x000001e2b1175500 Exception <a 'java/io/FileNotFoundException'{0x00000000843fac20}> (0x00000000843fac20) 
thrown [s\open\src\hotspot\share\prims\jni.cpp, line 516]
Event: 162.616 Thread 0x000001e2b1175500 Exception <a 'java/io/FileNotFoundException'{0x00000000843fb490}> (0x00000000843fb490) 
thrown [s\open\src\hotspot\share\prims\jni.cpp, line 516]
Event: 162.616 Thread 0x000001e2b1175500 Exception <a 'java/io/FileNotFoundException'{0x00000000843fbab0}> (0x00000000843fbab0) 
thrown [s\open\src\hotspot\share\prims\jni.cpp, line 516]
Event: 172.617 Thread 0x000001e2b1175500 Exception <a 'java/io/FileNotFoundException'{0x00000000843fc320}> (0x00000000843fc320) 
thrown [s\open\src\hotspot\share\prims\jni.cpp, line 516]
Event: 172.618 Thread 0x000001e2b1175500 Exception <a 'java/io/FileNotFoundException'{0x00000000843fc940}> (0x00000000843fc940) 
thrown [s\open\src\hotspot\share\prims\jni.cpp, line 516]
Event: 182.619 Thread 0x000001e2b1175500 Exception <a 'java/io/FileNotFoundException'{0x00000000843fd1b0}> (0x00000000843fd1b0) 
thrown [s\open\src\hotspot\share\prims\jni.cpp, line 516]
Event: 182.619 Thread 0x000001e2b1175500 Exception <a 'java/io/FileNotFoundException'{0x00000000843fd7d0}> (0x00000000843fd7d0) 
thrown [s\open\src\hotspot\share\prims\jni.cpp, line 516]
Event: 192.620 Thread 0x000001e2b1175500 Exception <a 'java/io/FileNotFoundException'{0x00000000843fe040}> (0x00000000843fe040) 
thrown [s\open\src\hotspot\share\prims\jni.cpp, line 516]
Event: 192.620 Thread 0x000001e2b1175500 Exception <a 'java/io/FileNotFoundException'{0x00000000843fe660}> (0x00000000843fe660) 
thrown [s\open\src\hotspot\share\prims\jni.cpp, line 516]
Event: 202.622 Thread 0x000001e2b1175500 Exception <a 'java/io/FileNotFoundException'{0x00000000843feed0}> (0x00000000843feed0) 
thrown [s\open\src\hotspot\share\prims\jni.cpp, line 516]
Event: 202.622 Thread 0x000001e2b1175500 Exception <a 'java/io/FileNotFoundException'{0x00000000843ff4f0}> (0x00000000843ff4f0) 
thrown [s\open\src\hotspot\share\prims\jni.cpp, line 516]
Event: 212.623 Thread 0x000001e2b1175500 Exception <a 'java/io/FileNotFoundException'{0x00000000843ffd60}> (0x00000000843ffd60) 
thrown [s\open\src\hotspot\share\prims\jni.cpp, line 516]
Event: 212.623 Thread 0x000001e2b1175500 Exception <a 'java/io/FileNotFoundException'{0x0000000082f0d918}> (0x0000000082f0d918) 
thrown [s\open\src\hotspot\share\prims\jni.cpp, line 516]
Event: 221.381 Thread 0x000001e2b1935580 Exception <a 'java/lang/ClassNotFoundException'{0x0000000084828b68}: sun/awt/resources/spi/awtProvider> (0x0000000084828b68) 
thrown [s\open\src\hotspot\share\classfile\systemDictionary.cpp, line 328]
Event: 221.389 Thread 0x000001e2b1935580 Exception <a 'java/io/FileNotFoundException'{0x0000000084835050}> (0x0000000084835050) 
thrown [s\open\src\hotspot\share\prims\jni.cpp, line 516]
Event: 221.389 Thread 0x000001e2b1935580 Exception <a 'java/io/FileNotFoundException'{0x0000000084835f90}> (0x0000000084835f90) 
thrown [s\open\src\hotspot\share\prims\jni.cpp, line 516]
Event: 221.576 Thread 0x000001e2b1935580 Exception <a 'java/lang/ClassNotFoundException'{0x0000000083cd9920}: org/springframework/boot/loader/net/protocol/jar/Handler> (0x0000000083cd9920) 
thrown [s\open\src\hotspot\share\classfile\systemDictionary.cpp, line 328]
Event: 222.637 Thread 0x000001e2b1175500 Exception <a 'java/io/FileNotFoundException'{0x000000008641a4c0}> (0x000000008641a4c0) 
thrown [s\open\src\hotspot\share\prims\jni.cpp, line 516]
Event: 222.637 Thread 0x000001e2b1175500 Exception <a 'java/io/FileNotFoundException'{0x000000008641aae0}> (0x000000008641aae0) 
thrown [s\open\src\hotspot\share\prims\jni.cpp, line 516]

VM Operations (20 events):
Event: 224.248 Executing safepoint VM operation: G1CollectForAllocation (G1 Evacuation Pause)
Event: 224.249 Executing safepoint VM operation: G1CollectForAllocation (G1 Evacuation Pause) done
Event: 224.323 Executing safepoint VM operation: G1CollectForAllocation (G1 Evacuation Pause)
Event: 224.326 Executing safepoint VM operation: G1CollectForAllocation (G1 Evacuation Pause) done
Event: 224.375 Executing safepoint VM operation: G1CollectForAllocation (G1 Evacuation Pause)
Event: 224.377 Executing safepoint VM operation: G1CollectForAllocation (G1 Evacuation Pause) done
Event: 224.395 Executing safepoint VM operation: G1PauseRemark
Event: 224.400 Executing safepoint VM operation: G1PauseRemark done
Event: 224.407 Executing safepoint VM operation: G1PauseCleanup
Event: 224.408 Executing safepoint VM operation: G1PauseCleanup done
Event: 224.452 Executing safepoint VM operation: G1CollectForAllocation (G1 Evacuation Pause)
Event: 224.453 Executing safepoint VM operation: G1CollectForAllocation (G1 Evacuation Pause) done
Event: 224.557 Executing safepoint VM operation: G1CollectForAllocation (G1 Evacuation Pause)
Event: 224.558 Executing safepoint VM operation: G1CollectForAllocation (G1 Evacuation Pause) done
Event: 225.108 Executing safepoint VM operation: G1TryInitiateConcMark (G1 Humongous Allocation)
Event: 225.111 Executing safepoint VM operation: G1TryInitiateConcMark (G1 Humongous Allocation) done
Event: 225.136 Executing safepoint VM operation: G1PauseRemark
Event: 225.140 Executing safepoint VM operation: G1PauseRemark done
Event: 225.149 Executing safepoint VM operation: G1PauseCleanup
Event: 225.149 Executing safepoint VM operation: G1PauseCleanup done

Memory protections (0 events):
No events

Nmethod flushes (20 events):
Event: 223.161 Thread 0x000001e2a91a1a40 flushing  nmethod 0x000001e29c0bb708
Event: 223.161 Thread 0x000001e2a91a1a40 flushing  nmethod 0x000001e2944b8208
Event: 223.161 Thread 0x000001e2a91a1a40 flushing  nmethod 0x000001e294abe108
Event: 223.398 Thread 0x000001e2a91a1a40 flushing  nmethod 0x000001e2944b6608
Event: 223.398 Thread 0x000001e2a91a1a40 flushing  nmethod 0x000001e294bf2408
Event: 223.583 Thread 0x000001e2a91a1a40 flushing  nmethod 0x000001e294b25388
Event: 223.583 Thread 0x000001e2a91a1a40 flushing  nmethod 0x000001e294470a88
Event: 223.583 Thread 0x000001e2a91a1a40 flushing  nmethod 0x000001e294800388
Event: 223.583 Thread 0x000001e2a91a1a40 flushing  nmethod 0x000001e294800808
Event: 223.583 Thread 0x000001e2a91a1a40 flushing  nmethod 0x000001e294801908
Event: 223.800 Thread 0x000001e2a91a1a40 flushing  nmethod 0x000001e2948f1e88
Event: 223.800 Thread 0x000001e2a91a1a40 flushing  nmethod 0x000001e294802888
Event: 224.399 Thread 0x000001e2a91a1a40 flushing  nmethod 0x000001e294531988
Event: 224.399 Thread 0x000001e2a91a1a40 flushing  nmethod 0x000001e294b79a88
Event: 224.399 Thread 0x000001e2a91a1a40 flushing  nmethod 0x000001e294f76988
Event: 224.399 Thread 0x000001e2a91a1a40 flushing  nmethod 0x000001e2948a2e08
Event: 224.399 Thread 0x000001e2a91a1a40 flushing  nmethod 0x000001e294f7cd08
Event: 224.399 Thread 0x000001e2a91a1a40 flushing  nmethod 0x000001e294415088
Event: 224.399 Thread 0x000001e2a91a1a40 flushing  nmethod 0x000001e294898308
Event: 225.139 Thread 0x000001e2a91a1a40 flushing  nmethod 0x000001e294614b08

Events (20 events):
Event: 221.675 Thread 0x000001e2b145cb30 Thread added: 0x000001e2b20645d0
Event: 221.675 Thread 0x000001e2b145cb30 Thread added: 0x000001e2b20674b0
Event: 222.032 Thread 0x000001e2aef6d3a0 Thread exited: 0x000001e2aef6d3a0
Event: 222.336 Thread 0x000001e2a91cc480 Thread added: 0x000001e2aef6d3a0
Event: 222.730 Thread 0x000001e2aef6d3a0 Thread exited: 0x000001e2aef6d3a0
Event: 223.346 Thread 0x000001e2b18a54a0 Thread exited: 0x000001e2b18a54a0
Event: 224.121 Thread 0x000001e2a91cc480 Thread added: 0x000001e2aef6d3a0
Event: 224.121 Thread 0x000001e2a91cc480 Thread added: 0x000001e2aef6dbb0
Event: 224.121 Thread 0x000001e2a91cc480 Thread added: 0x000001e2aef6b360
Event: 224.379 Thread 0x000001e2b0fbd710 Thread exited: 0x000001e2b0fbd710
Event: 224.379 Thread 0x000001e2b0fc0dc0 Thread exited: 0x000001e2b0fc0dc0
Event: 224.602 Thread 0x000001e2af6f34e0 Thread added: 0x000001e2b0fc0dc0
Event: 224.603 Thread 0x000001e2af6f34e0 Thread added: 0x000001e2b0fbd710
Event: 224.603 Thread 0x000001e2af6f34e0 Thread added: 0x000001e2b11783e0
Event: 224.926 Thread 0x000001e2b1461950 Thread exited: 0x000001e2b1461950
Event: 224.926 Thread 0x000001e2b145ea70 Thread exited: 0x000001e2b145ea70
Event: 225.350 Thread 0x000001e2b196f520 Thread added: 0x000001e2b2462660
Event: 225.350 Thread 0x000001e2b196f520 Thread added: 0x000001e2b2462e30
Event: 225.743 Thread 0x000001e2aef6b360 Thread exited: 0x000001e2aef6b360
Event: 225.743 Thread 0x000001e2aef6dbb0 Thread exited: 0x000001e2aef6dbb0


Dynamic libraries:
0x00007ff63dcd0000 - 0x00007ff63dce0000 	D:\develop\JDK\bin\java.exe
0x00007fffcd380000 - 0x00007fffcd5e6000 	C:\WINDOWS\SYSTEM32\ntdll.dll
0x00007fffccba0000 - 0x00007fffccc69000 	C:\WINDOWS\System32\KERNEL32.DLL
0x00007fffcaca0000 - 0x00007fffcb09e000 	C:\WINDOWS\System32\KERNELBASE.dll
0x00007fffcab10000 - 0x00007fffcac5c000 	C:\WINDOWS\System32\ucrtbase.dll
0x00007fffbbae0000 - 0x00007fffbbaf7000 	D:\develop\JDK\bin\jli.dll
0x00007fffc3a90000 - 0x00007fffc3aae000 	D:\develop\JDK\bin\VCRUNTIME140.dll
0x00007fffccdc0000 - 0x00007fffccf87000 	C:\WINDOWS\System32\USER32.dll
0x00007fffcac70000 - 0x00007fffcac97000 	C:\WINDOWS\System32\win32u.dll
0x00007fffccc70000 - 0x00007fffccc9b000 	C:\WINDOWS\System32\GDI32.dll
0x00007fffb8850000 - 0x00007fffb8ae2000 	C:\WINDOWS\WinSxS\amd64_microsoft.windows.common-controls_6595b64144ccf1df_6.0.26100.8875_none_3e0d5d42e32fe9dd\COMCTL32.dll
0x00007fffca5a0000 - 0x00007fffca6ca000 	C:\WINDOWS\System32\gdi32full.dll
0x00007fffccf90000 - 0x00007fffcd039000 	C:\WINDOWS\System32\msvcrt.dll
0x00007fffca9d0000 - 0x00007fffcaa73000 	C:\WINDOWS\System32\msvcp_win.dll
0x00007fffccca0000 - 0x00007fffcccd2000 	C:\WINDOWS\System32\IMM32.DLL
0x00007fffbb820000 - 0x00007fffbb82c000 	D:\develop\JDK\bin\vcruntime140_1.dll
0x00007fffb0320000 - 0x00007fffb03ad000 	D:\develop\JDK\bin\msvcp140.dll
0x00007fff39700000 - 0x00007fff3a560000 	D:\develop\JDK\bin\server\jvm.dll
0x00007fffccce0000 - 0x00007fffccd97000 	C:\WINDOWS\System32\ADVAPI32.dll
0x00007fffcbf40000 - 0x00007fffcbfea000 	C:\WINDOWS\System32\sechost.dll
0x00007fffcbc20000 - 0x00007fffcbd38000 	C:\WINDOWS\System32\RPCRT4.dll
0x00007fffcc1b0000 - 0x00007fffcc230000 	C:\WINDOWS\System32\WS2_32.dll
0x00007fffca400000 - 0x00007fffca45e000 	C:\WINDOWS\SYSTEM32\POWRPROF.dll
0x00007fffc0110000 - 0x00007fffc0146000 	C:\WINDOWS\SYSTEM32\WINMM.dll
0x00007fffc0150000 - 0x00007fffc015b000 	C:\WINDOWS\SYSTEM32\VERSION.dll
0x00007fffca3e0000 - 0x00007fffca3f4000 	C:\WINDOWS\SYSTEM32\UMPDC.dll
0x00007fffc9280000 - 0x00007fffc929b000 	C:\WINDOWS\SYSTEM32\kernel.appcore.dll
0x00007fffbb810000 - 0x00007fffbb81a000 	D:\develop\JDK\bin\jimage.dll
0x00007fffc7820000 - 0x00007fffc7a62000 	C:\WINDOWS\SYSTEM32\DBGHELP.DLL
0x00007fffcb820000 - 0x00007fffcbba3000 	C:\WINDOWS\System32\combase.dll
0x00007fffcb740000 - 0x00007fffcb819000 	C:\WINDOWS\System32\OLEAUT32.dll
0x00007fffb36e0000 - 0x00007fffb371b000 	C:\WINDOWS\SYSTEM32\dbgcore.DLL
0x00007fffca910000 - 0x00007fffca9bc000 	C:\WINDOWS\System32\bcryptPrimitives.dll
0x00007fffbb170000 - 0x00007fffbb18f000 	D:\develop\JDK\bin\java.dll
0x00007fffcbd90000 - 0x00007fffcbf29000 	C:\WINDOWS\System32\ole32.dll
0x00007fffcc270000 - 0x00007fffcca02000 	C:\WINDOWS\System32\SHELL32.dll
0x00007fffc8020000 - 0x00007fffc88b2000 	C:\WINDOWS\SYSTEM32\windows.storage.dll
0x00007fffcbff0000 - 0x00007fffcc0e7000 	C:\WINDOWS\System32\SHCORE.dll
0x00007fffcbbb0000 - 0x00007fffcbc17000 	C:\WINDOWS\System32\shlwapi.dll
0x00007fffca4c0000 - 0x00007fffca4e9000 	C:\WINDOWS\SYSTEM32\profapi.dll
0x00007fffbb150000 - 0x00007fffbb162000 	D:\develop\JDK\bin\net.dll
0x00007fffc9830000 - 0x00007fffc989c000 	C:\WINDOWS\system32\mswsock.dll
0x00007fffbaa20000 - 0x00007fffbaa36000 	D:\develop\JDK\bin\nio.dll
0x00007fffb8cf0000 - 0x00007fffb8d07000 	D:\develop\JDK\bin\zip.dll
0x00007fffc8cb0000 - 0x00007fffc8ce3000 	C:\WINDOWS\SYSTEM32\IPHLPAPI.DLL
0x00007fffcbf30000 - 0x00007fffcbf3a000 	C:\WINDOWS\System32\NSI.dll
0x00007fffc66b0000 - 0x00007fffc66be000 	C:\WINDOWS\SYSTEM32\WINNSI.DLL
0x00007fffa71c0000 - 0x00007fffa71d8000 	C:\WINDOWS\system32\napinsp.dll
0x00007fffc8cf0000 - 0x00007fffc8e46000 	C:\WINDOWS\SYSTEM32\DNSAPI.dll
0x00007fffc9610000 - 0x00007fffc961d000 	C:\WINDOWS\SYSTEM32\DSPARSE.dll
0x00007fffa69b0000 - 0x00007fffa69c3000 	C:\WINDOWS\System32\winrnr.dll
0x00007fffa6620000 - 0x00007fffa6642000 	C:\WINDOWS\system32\nlansp_c.dll
0x00007fffc2560000 - 0x00007fffc2576000 	C:\WINDOWS\system32\wshbth.dll
0x00007fffc2c70000 - 0x00007fffc2c7b000 	C:\Windows\System32\rasadhlp.dll
0x00007fffc0a30000 - 0x00007fffc0ab6000 	C:\WINDOWS\System32\fwpuclnt.dll
0x00007fffc9b30000 - 0x00007fffc9b4b000 	C:\WINDOWS\SYSTEM32\CRYPTSP.dll
0x00007fffc91c0000 - 0x00007fffc91f9000 	C:\WINDOWS\system32\rsaenh.dll
0x00007fffc98f0000 - 0x00007fffc9922000 	C:\WINDOWS\SYSTEM32\USERENV.dll
0x00007fffca490000 - 0x00007fffca4ba000 	C:\WINDOWS\SYSTEM32\bcrypt.dll
0x00007fffc9b50000 - 0x00007fffc9b5c000 	C:\WINDOWS\SYSTEM32\CRYPTBASE.dll
0x00007fffb8b30000 - 0x00007fffb8b3e000 	D:\develop\JDK\bin\sunmscapi.dll
0x00007fffca790000 - 0x00007fffca908000 	C:\WINDOWS\System32\CRYPT32.dll
0x00007fffc9d70000 - 0x00007fffc9da0000 	C:\WINDOWS\SYSTEM32\ncrypt.dll
0x00007fffc9d20000 - 0x00007fffc9d5f000 	C:\WINDOWS\SYSTEM32\NTASN1.dll
0x00007fffac520000 - 0x00007fffac528000 	C:\WINDOWS\system32\wshunix.dll
0x00007fffb6ae0000 - 0x00007fffb6ae9000 	D:\develop\JDK\bin\extnet.dll
0x00007ffe6e250000 - 0x00007ffe6f08d000 	C:\Users\÷Á\AppData\Local\Temp\onnxruntime-java16347102174068218307\onnxruntime.dll
0x00007fffcb2b0000 - 0x00007fffcb737000 	C:\WINDOWS\System32\SETUPAPI.dll
0x00007fffb3e20000 - 0x00007fffb3e29000 	C:\WINDOWS\SYSTEM32\MSVCP140_1.dll
0x00007fffc7e90000 - 0x00007fffc7fce000 	C:\WINDOWS\SYSTEM32\dxgi.dll
0x00007fffb6aa0000 - 0x00007fffb6ab8000 	C:\Users\÷Á\AppData\Local\Temp\onnxruntime-java16347102174068218307\onnxruntime4j_jni.dll
0x00007fffca0c0000 - 0x00007fffca0ef000 	C:\WINDOWS\SYSTEM32\DEVOBJ.dll
0x00007fffca100000 - 0x00007fffca151000 	C:\WINDOWS\SYSTEM32\cfgmgr32.dll
0x00007fffcaa80000 - 0x00007fffcab03000 	C:\WINDOWS\System32\WINTRUST.dll
0x00007fffc9c80000 - 0x00007fffc9c93000 	C:\WINDOWS\SYSTEM32\MSASN1.dll
0x00007fffc6d80000 - 0x00007fffc6dc6000 	C:\WINDOWS\SYSTEM32\dxcore.dll
0x00007fffc2140000 - 0x00007fffc219f000 	C:\WINDOWS\SYSTEM32\directxdatabasehelper.dll
0x00007fffb8ce0000 - 0x00007fffb8cea000 	D:\develop\JDK\bin\management.dll
0x00007fffb8b40000 - 0x00007fffb8b4c000 	D:\develop\JDK\bin\management_ext.dll
0x00007fffcb0b0000 - 0x00007fffcb0b8000 	C:\WINDOWS\System32\PSAPI.DLL
0x00007fff8ad60000 - 0x00007fff8aee4000 	D:\develop\JDK\bin\awt.dll
0x00007fffc6480000 - 0x00007fffc6520000 	C:\WINDOWS\SYSTEM32\apphelp.dll
0x00007fffa8690000 - 0x00007fffa86c0000 	D:\develop\JDK\bin\javajpeg.dll
0x000001e28bb20000 - 0x000001e28bb24000 	C:\Users\÷Á\.javacpp\cache\javacpp-1.5.10-windows-x86_64.jar\org\bytedeco\javacpp\windows-x86_64\api-ms-win-crt-locale-l1-1-0.dll
0x000001e2a9fe0000 - 0x000001e2a9fe5000 	C:\Users\÷Á\.javacpp\cache\javacpp-1.5.10-windows-x86_64.jar\org\bytedeco\javacpp\windows-x86_64\api-ms-win-crt-string-l1-1-0.dll
0x000001e2a9ff0000 - 0x000001e2a9ff5000 	C:\Users\÷Á\.javacpp\cache\javacpp-1.5.10-windows-x86_64.jar\org\bytedeco\javacpp\windows-x86_64\api-ms-win-crt-stdio-l1-1-0.dll
0x000001e2b2740000 - 0x000001e2b2746000 	C:\Users\÷Á\.javacpp\cache\javacpp-1.5.10-windows-x86_64.jar\org\bytedeco\javacpp\windows-x86_64\api-ms-win-crt-math-l1-1-0.dll
0x000001e2b2750000 - 0x000001e2b2754000 	C:\Users\÷Á\.javacpp\cache\javacpp-1.5.10-windows-x86_64.jar\org\bytedeco\javacpp\windows-x86_64\api-ms-win-crt-heap-l1-1-0.dll
0x000001e2b2760000 - 0x000001e2b2765000 	C:\Users\÷Á\.javacpp\cache\javacpp-1.5.10-windows-x86_64.jar\org\bytedeco\javacpp\windows-x86_64\api-ms-win-crt-runtime-l1-1-0.dll
0x000001e2b2770000 - 0x000001e2b2775000 	C:\Users\÷Á\.javacpp\cache\javacpp-1.5.10-windows-x86_64.jar\org\bytedeco\javacpp\windows-x86_64\api-ms-win-crt-convert-l1-1-0.dll
0x000001e2b2780000 - 0x000001e2b2784000 	C:\Users\÷Á\.javacpp\cache\javacpp-1.5.10-windows-x86_64.jar\org\bytedeco\javacpp\windows-x86_64\api-ms-win-crt-environment-l1-1-0.dll
0x000001e2b2790000 - 0x000001e2b2794000 	C:\Users\÷Á\.javacpp\cache\javacpp-1.5.10-windows-x86_64.jar\org\bytedeco\javacpp\windows-x86_64\api-ms-win-crt-time-l1-1-0.dll
0x000001e2b27a0000 - 0x000001e2b27a4000 	C:\Users\÷Á\.javacpp\cache\javacpp-1.5.10-windows-x86_64.jar\org\bytedeco\javacpp\windows-x86_64\api-ms-win-crt-filesystem-l1-1-0.dll
0x000001e2b27b0000 - 0x000001e2b27b4000 	C:\Users\÷Á\.javacpp\cache\javacpp-1.5.10-windows-x86_64.jar\org\bytedeco\javacpp\windows-x86_64\api-ms-win-crt-utility-l1-1-0.dll
0x000001e2b27c0000 - 0x000001e2b27c6000 	C:\Users\÷Á\.javacpp\cache\javacpp-1.5.10-windows-x86_64.jar\org\bytedeco\javacpp\windows-x86_64\api-ms-win-crt-multibyte-l1-1-0.dll
0x000001e2b27d0000 - 0x000001e2b27d4000 	C:\Users\÷Á\.javacpp\cache\javacpp-1.5.10-windows-x86_64.jar\org\bytedeco\javacpp\windows-x86_64\api-ms-win-crt-conio-l1-1-0.dll
0x000001e2b27e0000 - 0x000001e2b27f1000 	C:\Users\÷Á\.javacpp\cache\javacpp-1.5.10-windows-x86_64.jar\org\bytedeco\javacpp\windows-x86_64\api-ms-win-crt-private-l1-1-0.dll
0x000001e2b2800000 - 0x000001e2b2804000 	C:\Users\÷Á\.javacpp\cache\javacpp-1.5.10-windows-x86_64.jar\org\bytedeco\javacpp\windows-x86_64\api-ms-win-crt-process-l1-1-0.dll
0x000001e2b2810000 - 0x000001e2b2814000 	C:\Users\÷Á\.javacpp\cache\javacpp-1.5.10-windows-x86_64.jar\org\bytedeco\javacpp\windows-x86_64\api-ms-win-core-console-l1-2-0.dll
0x000001e2b2820000 - 0x000001e2b2824000 	C:\Users\÷Á\.javacpp\cache\javacpp-1.5.10-windows-x86_64.jar\org\bytedeco\javacpp\windows-x86_64\api-ms-win-core-string-l1-1-0.dll
0x000001e2b2830000 - 0x000001e2b2834000 	C:\Users\÷Á\.javacpp\cache\javacpp-1.5.10-windows-x86_64.jar\org\bytedeco\javacpp\windows-x86_64\api-ms-win-core-errorhandling-l1-1-0.dll
0x000001e2b2840000 - 0x000001e2b2844000 	C:\Users\÷Á\.javacpp\cache\javacpp-1.5.10-windows-x86_64.jar\org\bytedeco\javacpp\windows-x86_64\api-ms-win-core-timezone-l1-1-0.dll
0x000001e2b2850000 - 0x000001e2b2855000 	C:\Users\÷Á\.javacpp\cache\javacpp-1.5.10-windows-x86_64.jar\org\bytedeco\javacpp\windows-x86_64\api-ms-win-core-file-l1-1-0.dll
0x000001e2b2860000 - 0x000001e2b2864000 	C:\Users\÷Á\.javacpp\cache\javacpp-1.5.10-windows-x86_64.jar\org\bytedeco\javacpp\windows-x86_64\api-ms-win-core-namedpipe-l1-1-0.dll
0x000001e2b2870000 - 0x000001e2b2874000 	C:\Users\÷Á\.javacpp\cache\javacpp-1.5.10-windows-x86_64.jar\org\bytedeco\javacpp\windows-x86_64\api-ms-win-core-handle-l1-1-0.dll
0x000001e2b2880000 - 0x000001e2b2884000 	C:\Users\÷Á\.javacpp\cache\javacpp-1.5.10-windows-x86_64.jar\org\bytedeco\javacpp\windows-x86_64\api-ms-win-core-file-l2-1-0.dll
0x000001e2b2890000 - 0x000001e2b2894000 	C:\Users\÷Á\.javacpp\cache\javacpp-1.5.10-windows-x86_64.jar\org\bytedeco\javacpp\windows-x86_64\api-ms-win-core-heap-l1-1-0.dll
0x000001e2b28a0000 - 0x000001e2b28a4000 	C:\Users\÷Á\.javacpp\cache\javacpp-1.5.10-windows-x86_64.jar\org\bytedeco\javacpp\windows-x86_64\api-ms-win-core-libraryloader-l1-1-0.dll
0x000001e2b28b0000 - 0x000001e2b28b4000 	C:\Users\÷Á\.javacpp\cache\javacpp-1.5.10-windows-x86_64.jar\org\bytedeco\javacpp\windows-x86_64\api-ms-win-core-synch-l1-1-0.dll
0x000001e2b28c0000 - 0x000001e2b28c4000 	C:\Users\÷Á\.javacpp\cache\javacpp-1.5.10-windows-x86_64.jar\org\bytedeco\javacpp\windows-x86_64\api-ms-win-core-processthreads-l1-1-0.dll
0x000001e2b28d0000 - 0x000001e2b28d4000 	C:\Users\÷Á\.javacpp\cache\javacpp-1.5.10-windows-x86_64.jar\org\bytedeco\javacpp\windows-x86_64\api-ms-win-core-processenvironment-l1-1-0.dll
0x000001e2b28e0000 - 0x000001e2b28e4000 	C:\Users\÷Á\.javacpp\cache\javacpp-1.5.10-windows-x86_64.jar\org\bytedeco\javacpp\windows-x86_64\api-ms-win-core-datetime-l1-1-0.dll
0x000001e2b28f0000 - 0x000001e2b28f4000 	C:\Users\÷Á\.javacpp\cache\javacpp-1.5.10-windows-x86_64.jar\org\bytedeco\javacpp\windows-x86_64\api-ms-win-core-localization-l1-2-0.dll
0x000001e2b2900000 - 0x000001e2b2904000 	C:\Users\÷Á\.javacpp\cache\javacpp-1.5.10-windows-x86_64.jar\org\bytedeco\javacpp\windows-x86_64\api-ms-win-core-sysinfo-l1-1-0.dll
0x000001e2b2910000 - 0x000001e2b2914000 	C:\Users\÷Á\.javacpp\cache\javacpp-1.5.10-windows-x86_64.jar\org\bytedeco\javacpp\windows-x86_64\api-ms-win-core-synch-l1-2-0.dll
0x000001e2b2920000 - 0x000001e2b2924000 	C:\Users\÷Á\.javacpp\cache\javacpp-1.5.10-windows-x86_64.jar\org\bytedeco\javacpp\windows-x86_64\api-ms-win-core-console-l1-1-0.dll
0x000001e2b3b10000 - 0x000001e2b3b14000 	C:\Users\÷Á\.javacpp\cache\javacpp-1.5.10-windows-x86_64.jar\org\bytedeco\javacpp\windows-x86_64\api-ms-win-core-debug-l1-1-0.dll
0x000001e2b3b20000 - 0x000001e2b3b24000 	C:\Users\÷Á\.javacpp\cache\javacpp-1.5.10-windows-x86_64.jar\org\bytedeco\javacpp\windows-x86_64\api-ms-win-core-rtlsupport-l1-1-0.dll
0x000001e2b3b30000 - 0x000001e2b3b34000 	C:\Users\÷Á\.javacpp\cache\javacpp-1.5.10-windows-x86_64.jar\org\bytedeco\javacpp\windows-x86_64\api-ms-win-core-processthreads-l1-1-1.dll
0x000001e2b3b40000 - 0x000001e2b3b44000 	C:\Users\÷Á\.javacpp\cache\javacpp-1.5.10-windows-x86_64.jar\org\bytedeco\javacpp\windows-x86_64\api-ms-win-core-file-l1-2-0.dll
0x000001e2b3b50000 - 0x000001e2b3b54000 	C:\Users\÷Á\.javacpp\cache\javacpp-1.5.10-windows-x86_64.jar\org\bytedeco\javacpp\windows-x86_64\api-ms-win-core-profile-l1-1-0.dll
0x000001e2b4ff0000 - 0x000001e2b4ff4000 	C:\Users\÷Á\.javacpp\cache\javacpp-1.5.10-windows-x86_64.jar\org\bytedeco\javacpp\windows-x86_64\api-ms-win-core-memory-l1-1-0.dll
0x000001e2b5000000 - 0x000001e2b5004000 	C:\Users\÷Á\.javacpp\cache\javacpp-1.5.10-windows-x86_64.jar\org\bytedeco\javacpp\windows-x86_64\api-ms-win-core-util-l1-1-0.dll
0x000001e2b5010000 - 0x000001e2b5014000 	C:\Users\÷Á\.javacpp\cache\javacpp-1.5.10-windows-x86_64.jar\org\bytedeco\javacpp\windows-x86_64\api-ms-win-core-interlocked-l1-1-0.dll
0x00007fff837c0000 - 0x00007fff838d1000 	C:\Users\÷Á\.javacpp\cache\javacpp-1.5.10-windows-x86_64.jar\org\bytedeco\javacpp\windows-x86_64\ucrtbase.dll
0x00007fffa8700000 - 0x00007fffa871b000 	C:\Users\÷Á\.javacpp\cache\javacpp-1.5.10-windows-x86_64.jar\org\bytedeco\javacpp\windows-x86_64\vcruntime140.dll
0x00007fffb4740000 - 0x00007fffb474c000 	C:\Users\÷Á\.javacpp\cache\javacpp-1.5.10-windows-x86_64.jar\org\bytedeco\javacpp\windows-x86_64\vcruntime140_1.dll
0x00007fff98390000 - 0x00007fff9841d000 	C:\Users\÷Á\.javacpp\cache\javacpp-1.5.10-windows-x86_64.jar\org\bytedeco\javacpp\windows-x86_64\msvcp140.dll

JVMTI agents: none

dbghelp: loaded successfully - version: 4.0.5 - missing functions: none
symbol engine: initialized successfully - sym options: 0x614 - pdb path: .;D:\develop\JDK\bin;C:\WINDOWS\SYSTEM32;C:\WINDOWS\WinSxS\amd64_microsoft.windows.common-controls_6595b64144ccf1df_6.0.26100.8875_none_3e0d5d42e32fe9dd;D:\develop\JDK\bin\server;C:\Users\÷Á\AppData\Local\Temp\onnxruntime-java1634710217406821830;C:\Users\÷Á\AppData\Local\Temp\onnxruntime-java163471021740682183;C:\Users\÷Á\AppData\Local\Temp\onnxruntime-java16347102174068218;C:\Users\÷Á\AppData\Local\Temp\onnxruntime-java1634710217406821;C:\Users\÷Á\AppData\Local\Temp\onnxruntime-java163471021740682;C:\Users\÷Á\AppData\Local\Temp\onnxruntime-java16347102174068;C:\Users\÷Á\AppData\Local\Temp\onnxruntime-java16347102174068218307;C:\Users\÷Á\.javacpp\cache\javacpp-1.5.10-windows-x86_64.jar\org\bytedeco\javacpp\window;C:\Users\÷Á\.javacpp\cache\javacpp-1.5.10-windows-x86_64.jar\org\bytedeco\javacpp\windo;C:\Users\÷Á\.javacpp\cache\javacpp-1.5.10-windows-x86_64.jar\org\bytedeco\javacpp\wind;C:\Users\÷Á\.javacpp\cache\javacpp-1.5.10-windows-x86_64.jar\org\bytedeco\javacpp\win;C:\Users\÷Á\.javacpp\cache\javacpp-1.5.10-windows-x86_64.jar\org\bytedeco\javacpp\wi;C:\Users\÷Á\.javacpp\cache\javacpp-1.5.10-windows-x86_64.jar\org\bytedeco\javacpp\w;C:\Users\÷Á\.javacpp\cache\javacpp-1.5.10-windows-x86_64.jar\org\bytedeco\javacpp\;C:\Users\÷Á\.javacpp\cache\javacpp-1.5.10-windows-x86_64.jar\org\bytedeco\javacpp;C:\Users\÷Á\.javacpp\cache\javacpp-1.5.10-windows-x86_64.jar\org\bytedeco\javacp;C:\Users\÷Á\.javacpp\cache\javacpp-1.5.10-windows-x86_64.jar\org\bytedeco\javac;C:\Users\÷Á\.javacpp\cache\javacpp-1.5.10-windows-x86_64.jar\org\bytedeco\java;C:\Users\÷Á\.javacpp\cache\javacpp-1.5.10-windows-x86_64.jar\org\bytedeco\jav;C:\Users\÷Á\.javacpp\cache\javacpp-1.5.10-windows-x86_64.jar\org\bytedeco\ja;C:\Users\÷Á\.javacpp\cache\javacpp-1.5.10-windows-x86_64.jar\org\bytedeco\j;C:\Users\÷Á\.javacpp\cache\javacpp-1.5.10-windows-x86_64.jar\org\bytedeco\;C:\Users\÷Á\.javacpp\cache\javacpp-1.5.10-windows-x86_64.jar\org\bytedeco;C:\Users\÷Á\.javacpp\cache\javacpp-1.5.10-windows-x86_64.jar\org\bytedec;C:\Users\÷Á\.javacpp\cache\javacpp-1.5.10-windows-x86_64.jar\org\bytede;C:\Users\÷Á\.javacpp\cache\javacpp-1.5.10-windows-x86_64.jar\org\byted;C:\Users\÷Á\.javacpp\cache\javacpp-1.5.10-windows-x86_64.jar\org\byte;C:\Users\÷Á\.javacpp\cache\javacpp-1.5.10-windows-x86_64.jar\org\byt;C:\Users\÷Á\.javacpp\cache\javacpp-1.5.10-windows-x86_64.jar\org\by;C:\Users\÷Á\.javacpp\cache\javacpp-1.5.10-windows-x86_64.jar\org\b;C:\Users\÷Á\.javacpp\cache\javacpp-1.5.10-windows-x86_64.jar\org\;C:\Users\÷Á\.javacpp\cache\javacpp-1.5.10-windows-x86_64.jar\org;C:\Users\÷Á\.javacpp\cache\javacpp-1.5.10-windows-x86_64.jar\or;C:\Users\÷Á\.javacpp\cache\javacpp-1.5.10-windows-x86_64.jar\o;C:\Users\÷Á\.javacpp\cache\javacpp-1.5.10-windows-x86_64.jar\;C:\Users\÷Á\.javacpp\cache\javacpp-1.5.10-windows-x86_64.jar;C:\Users\÷Á\.javacpp\cache\javacpp-1.5.10-windows-x86_64.ja;C:\Users\÷Á\.javacpp\cache\javacpp-1.5.10-windows-x86_64.j;C:\Users\÷Á\.javacpp\cache\javacpp-1.5.10-windows-x86_64.;C:\Users\÷Á\.javacpp\cache\javacpp-1.5.10-windows-x86_64;C:\Users\÷Á\.javacpp\cache\javacpp-1.5.10-windows-x86_6;C:\Users\÷Á\.javacpp\cache\javacpp-1.5.10-windows-x86_;C:\Users\÷Á\.javacpp\cache\javacpp-1.5.10-windows-x86;C:\Users\÷Á\.javacpp\cache\javacpp-1.5.10-windows-x8;C:\Users\÷Á\.javacpp\cache\javacpp-1.5.10-windows-x;C:\Users\÷Á\.javacpp\cache\javacpp-1.5.10-windows-;C:\Users\÷Á\.javacpp\cache\javacpp-1.5.10-windows;C:\Users\÷Á\.javacpp\cache\javacpp-1.5.10-window;C:\Users\÷Á\.javacpp\cache\javacpp-1.5.10-windo;C:\Users\÷Á\.javacpp\cache\javacpp-1.5.10-wind;C:\Users\÷Á\.javacpp\cache\javacpp-1.5.10-win;C:\Users\÷Á\.javacpp\cache\javacpp-1.5.10-wi;C:\Users\÷Á\.javacpp\cache\javacpp-1.5.10-w;C:\Users\÷Á\.javacpp\cache\javacpp-1.5.10-;C:\Users\÷Á\.javacpp\cache\javacpp-1.5.10;C:\Users\÷Á\.javacpp\cache\javacpp-1.5.1;C:\Users\÷Á\.javacpp\cache\javacpp-1.5.10-windows-x86_64.jar\org\bytedeco\javacpp\windows-x86_64;C:\Users\÷Á\.javacpp\cache\openblas-0.3.26-1.5.;C:\Users\÷Á\.javacpp\cache\openblas-0.3.26-1.5;C:\Users\÷Á\.javacpp\cache\openblas-0.3.26-1.;C:\Users\÷Á\.javacpp\cache\openblas-0.3.26-1;C:\Users\÷Á\.javacpp\cache\openblas-0.3.26-1.5.10-windows-x86_64.jar\org\bytedeco\openblas\windows-x86_64;C:\Users\÷Á\.javacpp\cache\opencv-4.9;C:\Users\÷Á\.javacpp\cache\opencv-4.;C:\Users\÷Á\.javacpp\cache\opencv-4;C:\Users\÷Á\.javacpp\cache\opencv-;C:\Users\÷Á\.javacpp\cache\opencv;C:\Users\÷Á\.javacpp\cache\openc

VM Arguments:
jvm_args: -Xmx2g 
java_command: C:/Users/÷Á/IdeaProjects/YOLO-RPC/yolo-server/target/yolo-server-1.0.0.jar --yolo.model-path=C:/Users/÷Á/IdeaProjects/YOLO-RPC/models/best-ship.onnx --dubbo.protocol.port=8002 --yolo.model-type=plane --server.port=0
java_class_path (initial): C:/Users/÷Á/IdeaProjects/YOLO-RPC/yolo-server/target/yolo-server-1.0.0.jar
Launcher Type: SUN_STANDARD

[Global flags]
     intx CICompilerCount                          = 12                                        {product} {ergonomic}
     uint ConcGCThreads                            = 3                                         {product} {ergonomic}
     uint G1ConcRefinementThreads                  = 13                                        {product} {ergonomic}
   size_t G1HeapRegionSize                         = 1048576                                   {product} {ergonomic}
   size_t InitialHeapSize                          = 232783872                                 {product} {ergonomic}
   size_t MarkStackSize                            = 4194304                                   {product} {ergonomic}
   size_t MarkStackSizeMax                         = 536870912                                 {product} {ergonomic}
   size_t MaxHeapSize                              = 2147483648                                {product} {command line}
   size_t MaxNewSize                               = 1287651328                                {product} {ergonomic}
   size_t MinHeapDeltaBytes                        = 1048576                                   {product} {ergonomic}
   size_t MinHeapSize                              = 8388608                                   {product} {ergonomic}
    uintx NonNMethodCodeHeapSize                   = 7602176                                {pd product} {ergonomic}
    uintx NonProfiledCodeHeapSize                  = 122093568                              {pd product} {ergonomic}
    uintx ProfiledCodeHeapSize                     = 121962496                              {pd product} {ergonomic}
    uintx ReservedCodeCacheSize                    = 251658240                              {pd product} {ergonomic}
     bool SegmentedCodeCache                       = true                                      {product} {ergonomic}
   size_t SoftMaxHeapSize                          = 2147483648                             {manageable} {ergonomic}
     bool UseCompressedOops                        = true                           {product lp64_product} {ergonomic}
     bool UseG1GC                                  = true                                      {product} {ergonomic}
     bool UseLargePagesIndividualAllocation        = false                                  {pd product} {ergonomic}

Logging:
Log output configuration:
 #0: stdout all=warning uptime,level,tags foldmultilines=false
 #1: stderr all=off uptime,level,tags foldmultilines=false

Release file:
IMPLEMENTOR="Oracle Corporation" 
JAVA_RUNTIME_VERSION="25.0.3+9-LTS-195" 
JAVA_VERSION="25.0.3" 
JAVA_VERSION_DATE="2026-04-21" 
LIBC="default" 
MODULES="java.base java.compiler java.datatransfer java.xml java.prefs java.desktop java.instrument java.logging java.management java.security.sasl java.naming java.rmi java.management.rmi java.net.http java.scripting java.security.jgss java.transaction.xa java.sql java.sql.rowset java.xml.crypto java.se java.smartcardio jdk.accessibility jdk.internal.jvmstat jdk.attach jdk.charsets jdk.internal.opt jdk.zipfs jdk.compiler jdk.crypto.cryptoki jdk.crypto.ec jdk.crypto.mscapi jdk.dynalink jdk.internal.ed jdk.editpad jdk.internal.vm.ci jdk.graal.compiler jdk.graal.compiler.management jdk.hotspot.agent jdk.httpserver jdk.incubator.vector jdk.internal.le jdk.internal.md jdk.jartool jdk.javadoc jdk.jcmd jdk.management jdk.management.agent jdk.jconsole jdk.jdeps jdk.jdwp.agent jdk.jdi jdk.jfr jdk.jlink jdk.jpackage jdk.jshell jdk.jsobject jdk.jstatd jdk.localedata jdk.management.jfr jdk.naming.dns jdk.naming.rmi jdk.net jdk.nio.mapmode jdk.sctp jdk.security.auth jdk.security.jgss jdk.unsupported jdk.unsupported.desktop jdk.xml.dom" 
OS_ARCH="x86_64" 
OS_NAME="Windows" 
SOURCE=".:git:bf167394bb46 open:git:e57ac4c1e765" 

Environment Variables:
JAVA_HOME=D:\develop\JDK
CLASSPATH=;D:\develop\JDK\lib\dt.jar;D:\develop\JDK\lib\tools.jar;
PATH=C:\Users\÷Á\bin;C:\Program Files\Git\mingw64\bin;C:\Program Files\Git\usr\local\bin;C:\Program Files\Git\usr\bin;C:\Program Files\Git\usr\bin;C:\Program Files\Git\mingw64\bin;C:\Program Files\Git\usr\bin;C:\Users\÷Á\bin;D:\develop\JDK\bin;C:\Program Files (x86)\VMware\VMware Workstation\bin;D:\development\flutter\bin;D:\development\Android\sdk\platform-tools;C:\Program Files\Common Files\Oracle\Java\javapath;C:\Program Files (x86)\Common Files\Intergraph\Grid Analysis SDK\1.0\Program;C:\Program Files\Python310\Scripts;C:\Program Files\Python310;C:\WINDOWS\system32;C:\WINDOWS;C:\WINDOWS\System32\Wbem;C:\WINDOWS\System32\WindowsPowerShell\v1.0;D:\develop\Java\jdk-17.0.1\bin";C:\WINDOWS\System32\OpenSSH;D:\runtime\win64;D:\bin;D:\;”∞≤‚¡ø\zgdll64;C:\;Gridknow\zgdll32;C:\Gridknow\zgdll64;C:\Program Files\dotnet;C:\Program Files (x86)\Microsoft SQL Server\100\Tools\Binn;C:\Program Files\Microsoft SQL Server\100\Tools\Binn;C:\Program Files\Microsoft SQL Server\100\DTS\Binn;C:\WINDOWS\System32\WindowsPowerShell\v1.0;C:\Program Files\ffmpeg\bin;C:\sqlite;C:\Program Files (x86)\Windows Kits\10\Windows Performance Toolkit;C:\Program Files (x86)\NetSarang\Xshell 8;C:\Program Files (x86)\NetSarang\Xftp 8;C:\Program Files\nodejs;D:\dev\python\Scripts;D:\dev\python;C:\Users\÷Á\AppData\Local\Microsoft\WindowsApps;D:\œ¬‘ÿ\Microsoft VS Code\bin;D:\develop\Java\jdk-17.0.1\bin;D:\test\mingw64\bin;C:\Program Files\JetBrains\PyCharm 2020.1\bin;C:\Users\÷Á\AppData\Roaming\npm;C:\mingw64\bin;C:\Program Files\Git\usr\bin;C:\Users\÷Á\.local\bin;C:\Program Files\Docker\Docker\resources\bin;D:\develop\apache-maven-3.9.4-bin\apache-maven-3.9.4\bin;D:\dev\python\Scripts;D:\dev\python;C:\Users\÷Á\AppData\Local\Microsoft\WindowsApps;D:\œ¬‘ÿ\Microsoft VS Code\bin;D:\develop\JDK\bin;D:\test\mingw64\bin;C:\Program Files\JetBrains\PyCharm 2020.1\bin;C:\Users\÷Á\AppData\Roaming\npm;C:\Users\÷Á\AppData\Local\Programs\Ollama;C:\Program Files\Git\usr\bin\vendor_perl;C:\Program Files\Git\usr\bin\core_perl
USERNAME=÷Á
SHELL=C:\Program Files\Git\bin\bash.exe
TERM=xterm-256color
OS=Windows_NT
PROCESSOR_IDENTIFIER=AMD64 Family 25 Model 80 Stepping 0, AuthenticAMD
TMP=C:\Users\÷Á\AppData\Local\Temp
TEMP=C:\Users\÷Á\AppData\Local\Temp




Compilation memory statistics disabled.

Periodic native trim disabled

---------------  S Y S T E M  ---------------

OS:
 Windows 11 , 64 bit Build 26100 (10.0.26100.8875)
OS uptime: 8 days 12:48 hours
Hyper-V role detected

CPU: total 16 (initial active 16) (16 cores per cpu, 2 threads per core) family 25 model 80 stepping 0 microcode 0xa50000b, cx8, cmov, fxsr, ht, mmx, 3dnowpref, sse, sse2, sse3, ssse3, sse4a, sse4.1, sse4.2, popcnt, lzcnt, tsc, tscinvbit, avx, avx2, aes, erms, clmul, bmi1, bmi2, adx, sha, fma, vzeroupper, clflush, clflushopt, clwb, hv, rdtscp, rdpid, fsrm, f16c, cet_ss
Processor Information for the first 16 processors :
  Max Mhz: 3201, Current Mhz: 3201, Mhz Limit: 3201

Memory: 4k page, system-wide physical 14198M (2176M free)
TotalPageFile size 48662M (AvailPageFile size 5447M)
current process WorkingSet (physical memory assigned to process): 655M, peak: 668M
current process commit charge ("private bytes"): 4669M, peak: 4709M

vm_info: Java HotSpot(TM) 64-Bit Server VM (25.0.3+9-LTS-195) for windows-amd64 JRE (25.0.3+9-LTS-195), built on 2026-03-11T00:20:00Z with MS VC++ 17.13 (VS2022)

END.
