#
# A fatal error has been detected by the Java Runtime Environment:
#
#  EXCEPTION_ACCESS_VIOLATION (0xc0000005) at pc=0x00007ffe55c07555, pid=33088, tid=34632
#
# JRE version: Java(TM) SE Runtime Environment (25.0.3+9) (build 25.0.3+9-LTS-195)
# Java VM: Java HotSpot(TM) 64-Bit Server VM (25.0.3+9-LTS-195, mixed mode, sharing, tiered, compressed oops, compressed class ptrs, g1 gc, windows-amd64)
# Problematic frame:
# C  0x00007ffe55c07555
#
# No core dump will be written. Minidumps are not enabled by default on client versions of Windows
#
# If you would like to submit a bug report, please visit:
#   https://bugreport.java.com/bugreport/crash.jsp
# The crash happened outside the Java Virtual Machine in native code.
# See problematic frame for where to report the bug.
#

---------------  S U M M A R Y ------------

Command Line: -Donnxruntime.lib.path=C:/Users/÷Á/tools/onnxruntime/onnxruntime-win-x64-1.26.0/lib/onnxruntime.dll -Xmx2g yolo-server/target/yolo-server-1.0.0.jar --yolo.model-path=models/best-ship.onnx --dubbo.protocol.port=8001 --yolo.model-type=ship --server.port=0

Host: AMD Ryzen 7 5800H with Radeon Graphics         , 16 cores, 13G,  Windows 11 , 64 bit Build 26100 (10.0.26100.8875)
Time: Sun Jul 26 22:44:06 2026 elapsed time: 303.860310 seconds (0d 0h 5m 3s)

---------------  T H R E A D  ---------------

Current thread (0x00000125b4185370):  JavaThread "DubboServerHandler-192.168.174.1:8001-thread-10" daemon [_thread_in_native, id=34632, stack(0x0000002024c00000,0x0000002024d00000) (1024K)]

Stack: [0x0000002024c00000,0x0000002024d00000],  sp=0x0000002024cfc420,  free space=1009k
Native frames: (J=compiled Java code, j=interpreted, Vv=VM code, C=native code)
C  0x00007ffe55c07555  (no source info available)
C  0x00007ffe5471d7e1  (no source info available)
C  0x00007ffe5480bf09  (no source info available)
C  0x00007ffe54988b83  (no source info available)
C  0x00007ffe740155b6  (no source info available)
C  0x000001259f23d193  (no source info available)

The last pc belongs to native method entry point (kind = native) (printed below).
Java frames: (J=compiled Java code, j=interpreted, Vv=VM code)
j  org.bytedeco.opencv.global.opencv_imgproc.minAreaRect(Lorg/bytedeco/opencv/opencv_core/Mat;)Lorg/bytedeco/opencv/opencv_core/RotatedRect;+0
j  com.yolo.inference.YoloInferenceEngine.cornersToRotatedRect(FFFFFFFF)Lorg/bytedeco/opencv/opencv_core/RotatedRect;+84
j  com.yolo.inference.YoloInferenceEngine.applyNMS(Ljava/util/List;F)Ljava/util/List;+112
j  com.yolo.inference.YoloInferenceEngine.detect(Ljava/awt/image/BufferedImage;Lcom/yolo/inference/DetectionOptions;)Ljava/util/List;+37
j  com.yolo.server.ModelInferenceServiceImpl.detect(Lcom/yolo/proto/ModelDetectRequest;)Lcom/yolo/proto/ModelDetectResponse;+66
j  com.yolo.server.ModelInferenceServiceImplDubboWrap0.invokeMethod(Ljava/lang/Object;Ljava/lang/String;[Ljava/lang/Class;[Ljava/lang/Object;)Ljava/lang/Object;+48
j  org.apache.dubbo.rpc.proxy.javassist.JavassistProxyFactory$1.doInvoke(Ljava/lang/Object;Ljava/lang/String;[Ljava/lang/Class;[Ljava/lang/Object;)Ljava/lang/Object;+9
j  org.apache.dubbo.rpc.proxy.AbstractProxyInvoker.invoke(Lorg/apache/dubbo/rpc/Invocation;)Lorg/apache/dubbo/rpc/Result;+75
j  org.apache.dubbo.config.invoker.DelegateProviderMetaDataInvoker.invoke(Lorg/apache/dubbo/rpc/Invocation;)Lorg/apache/dubbo/rpc/Result;+5
j  org.apache.dubbo.rpc.protocol.InvokerWrapper.invoke(Lorg/apache/dubbo/rpc/Invocation;)Lorg/apache/dubbo/rpc/Result;+5
j  org.apache.dubbo.rpc.filter.ClassLoaderCallbackFilter.invoke(Lorg/apache/dubbo/rpc/Invoker;Lorg/apache/dubbo/rpc/Invocation;)Lorg/apache/dubbo/rpc/Result;+2
j  org.apache.dubbo.rpc.cluster.filter.FilterChainBuilder$CopyOfFilterChainNode.invoke(Lorg/apache/dubbo/rpc/Invocation;)Lorg/apache/dubbo/rpc/Result;+19
j  org.apache.dubbo.rpc.protocol.tri.rest.filter.RestFilterAdapter.invoke(Lorg/apache/dubbo/rpc/Invoker;Lorg/apache/dubbo/rpc/Invocation;)Lorg/apache/dubbo/rpc/Result;+53
j  org.apache.dubbo.rpc.cluster.filter.FilterChainBuilder$CopyOfFilterChainNode.invoke(Lorg/apache/dubbo/rpc/Invocation;)Lorg/apache/dubbo/rpc/Result;+19
j  org.apache.dubbo.rpc.protocol.tri.h12.HttpContextCallbackFilter.invoke(Lorg/apache/dubbo/rpc/Invoker;Lorg/apache/dubbo/rpc/Invocation;)Lorg/apache/dubbo/rpc/Result;+2
j  org.apache.dubbo.rpc.cluster.filter.FilterChainBuilder$CopyOfFilterChainNode.invoke(Lorg/apache/dubbo/rpc/Invocation;)Lorg/apache/dubbo/rpc/Result;+19
j  org.apache.dubbo.rpc.protocol.dubbo.filter.TraceFilter.invoke(Lorg/apache/dubbo/rpc/Invoker;Lorg/apache/dubbo/rpc/Invocation;)Lorg/apache/dubbo/rpc/Result;+6
j  org.apache.dubbo.rpc.cluster.filter.FilterChainBuilder$CopyOfFilterChainNode.invoke(Lorg/apache/dubbo/rpc/Invocation;)Lorg/apache/dubbo/rpc/Result;+19
j  org.apache.dubbo.rpc.filter.TimeoutFilter.invoke(Lorg/apache/dubbo/rpc/Invoker;Lorg/apache/dubbo/rpc/Invocation;)Lorg/apache/dubbo/rpc/Result;+2
j  org.apache.dubbo.rpc.cluster.filter.FilterChainBuilder$CopyOfFilterChainNode.invoke(Lorg/apache/dubbo/rpc/Invocation;)Lorg/apache/dubbo/rpc/Result;+19
j  org.apache.dubbo.monitor.support.MonitorFilter.invoke(Lorg/apache/dubbo/rpc/Invoker;Lorg/apache/dubbo/rpc/Invocation;)Lorg/apache/dubbo/rpc/Result;+80
j  org.apache.dubbo.rpc.cluster.filter.FilterChainBuilder$CopyOfFilterChainNode.invoke(Lorg/apache/dubbo/rpc/Invocation;)Lorg/apache/dubbo/rpc/Result;+19
j  org.apache.dubbo.rpc.filter.ExceptionFilter.invoke(Lorg/apache/dubbo/rpc/Invoker;Lorg/apache/dubbo/rpc/Invocation;)Lorg/apache/dubbo/rpc/Result;+2
j  org.apache.dubbo.rpc.cluster.filter.FilterChainBuilder$CopyOfFilterChainNode.invoke(Lorg/apache/dubbo/rpc/Invocation;)Lorg/apache/dubbo/rpc/Result;+19
j  org.apache.dubbo.rpc.filter.AccessLogFilter.invoke(Lorg/apache/dubbo/rpc/Invoker;Lorg/apache/dubbo/rpc/Invocation;)Lorg/apache/dubbo/rpc/Result;+84
j  org.apache.dubbo.rpc.cluster.filter.FilterChainBuilder$CopyOfFilterChainNode.invoke(Lorg/apache/dubbo/rpc/Invocation;)Lorg/apache/dubbo/rpc/Result;+19
j  org.apache.dubbo.rpc.filter.GenericFilter.invoke(Lorg/apache/dubbo/rpc/Invoker;Lorg/apache/dubbo/rpc/Invocation;)Lorg/apache/dubbo/rpc/Result;+1030
j  org.apache.dubbo.rpc.cluster.filter.FilterChainBuilder$CopyOfFilterChainNode.invoke(Lorg/apache/dubbo/rpc/Invocation;)Lorg/apache/dubbo/rpc/Result;+19
j  org.apache.dubbo.rpc.protocol.tri.h12.HttpContextFilter.invoke(Lorg/apache/dubbo/rpc/Invoker;Lorg/apache/dubbo/rpc/Invocation;)Lorg/apache/dubbo/rpc/Result;+108
j  org.apache.dubbo.rpc.cluster.filter.FilterChainBuilder$CopyOfFilterChainNode.invoke(Lorg/apache/dubbo/rpc/Invocation;)Lorg/apache/dubbo/rpc/Result;+19
j  org.apache.dubbo.rpc.filter.ClassLoaderFilter.invoke(Lorg/apache/dubbo/rpc/Invoker;Lorg/apache/dubbo/rpc/Invocation;)Lorg/apache/dubbo/rpc/Result;+77
j  org.apache.dubbo.rpc.cluster.filter.FilterChainBuilder$CopyOfFilterChainNode.invoke(Lorg/apache/dubbo/rpc/Invocation;)Lorg/apache/dubbo/rpc/Result;+19
j  org.apache.dubbo.rpc.filter.EchoFilter.invoke(Lorg/apache/dubbo/rpc/Invoker;Lorg/apache/dubbo/rpc/Invocation;)Lorg/apache/dubbo/rpc/Result;+49
j  org.apache.dubbo.rpc.cluster.filter.FilterChainBuilder$CopyOfFilterChainNode.invoke(Lorg/apache/dubbo/rpc/Invocation;)Lorg/apache/dubbo/rpc/Result;+19
j  org.apache.dubbo.metrics.filter.MetricsFilter.invoke(Lorg/apache/dubbo/rpc/Invoker;Lorg/apache/dubbo/rpc/Invocation;Z)Lorg/apache/dubbo/rpc/Result;+85
j  org.apache.dubbo.metrics.filter.MetricsProviderFilter.invoke(Lorg/apache/dubbo/rpc/Invoker;Lorg/apache/dubbo/rpc/Invocation;)Lorg/apache/dubbo/rpc/Result;+4
j  org.apache.dubbo.rpc.cluster.filter.FilterChainBuilder$CopyOfFilterChainNode.invoke(Lorg/apache/dubbo/rpc/Invocation;)Lorg/apache/dubbo/rpc/Result;+19
j  org.apache.dubbo.tracing.filter.ObservationReceiverFilter.invoke(Lorg/apache/dubbo/rpc/Invoker;Lorg/apache/dubbo/rpc/Invocation;)Lorg/apache/dubbo/rpc/Result;+9
j  org.apache.dubbo.rpc.cluster.filter.FilterChainBuilder$CopyOfFilterChainNode.invoke(Lorg/apache/dubbo/rpc/Invocation;)Lorg/apache/dubbo/rpc/Result;+19
j  org.apache.dubbo.rpc.filter.ProfilerServerFilter.invoke(Lorg/apache/dubbo/rpc/Invoker;Lorg/apache/dubbo/rpc/Invocation;)Lorg/apache/dubbo/rpc/Result;+71
j  org.apache.dubbo.rpc.cluster.filter.FilterChainBuilder$CopyOfFilterChainNode.invoke(Lorg/apache/dubbo/rpc/Invocation;)Lorg/apache/dubbo/rpc/Result;+19
j  org.apache.dubbo.rpc.filter.ContextFilter.invoke(Lorg/apache/dubbo/rpc/Invoker;Lorg/apache/dubbo/rpc/Invocation;)Lorg/apache/dubbo/rpc/Result;+303
j  org.apache.dubbo.rpc.cluster.filter.FilterChainBuilder$CopyOfFilterChainNode.invoke(Lorg/apache/dubbo/rpc/Invocation;)Lorg/apache/dubbo/rpc/Result;+19
j  org.apache.dubbo.rpc.cluster.filter.FilterChainBuilder$CallbackRegistrationInvoker.invoke(Lorg/apache/dubbo/rpc/Invocation;)Lorg/apache/dubbo/rpc/Result;+5
j  org.apache.dubbo.rpc.protocol.tri.h12.AbstractServerCallListener.invoke()V+104
j  org.apache.dubbo.rpc.protocol.tri.h12.UnaryServerCallListener.onComplete()V+1
j  org.apache.dubbo.rpc.protocol.tri.h12.http2.GenericHttp2ServerTransportListener$Http2StreamingDecodeListener.onClose()V+4
j  org.apache.dubbo.remoting.http12.message.DefaultListeningDecoder.close()V+4
j  org.apache.dubbo.remoting.http12.message.StreamingDecoder$DefaultFragmentListener.onClose()V+4
j  org.apache.dubbo.remoting.http12.message.LengthFieldStreamingDecoder.deliver()V+156
j  org.apache.dubbo.remoting.http12.message.LengthFieldStreamingDecoder.close()V+6
j  org.apache.dubbo.rpc.protocol.tri.h12.http2.GenericHttp2ServerTransportListener.onDataCompletion(Lorg/apache/dubbo/remoting/http12/h2/Http2InputMessage;)V+13
j  org.apache.dubbo.rpc.protocol.tri.h12.http2.GenericHttp2ServerTransportListener.onDataCompletion(Lorg/apache/dubbo/remoting/http12/HttpInputMessage;)V+5
j  org.apache.dubbo.rpc.protocol.tri.h12.AbstractServerTransportListener.doOnData(Lorg/apache/dubbo/remoting/http12/HttpInputMessage;)V+30
j  org.apache.dubbo.rpc.protocol.tri.h12.AbstractServerTransportListener.lambda$onData$1(Lorg/apache/dubbo/remoting/http12/HttpInputMessage;)V+2
j  org.apache.dubbo.rpc.protocol.tri.h12.AbstractServerTransportListener$$Lambda+0x000000001e7a2298.run()V+8
j  org.apache.dubbo.common.threadpool.serial.SerializingExecutor.run()V+22
J 8463 c1 java.util.concurrent.ThreadPoolExecutor.runWorker(Ljava/util/concurrent/ThreadPoolExecutor$Worker;)V java.base@25.0.3 (187 bytes) @ 0x0000012598939dac [0x0000012598939080+0x0000000000000d2c]
J 7880 c1 java.util.concurrent.ThreadPoolExecutor$Worker.run()V java.base@25.0.3 (9 bytes) @ 0x000001259886b20c [0x000001259886b100+0x000000000000010c]
j  org.apache.dubbo.common.threadlocal.InternalRunnable.run()V+4
J 7814 c1 java.lang.Thread.run()V java.base@25.0.3 (23 bytes) @ 0x000001259812977c [0x0000012598129500+0x000000000000027c]
v  ~StubRoutines::call_stub 0x000001259f2312ed

siginfo: EXCEPTION_ACCESS_VIOLATION (0xc0000005), reading address 0xffffffffffffffff


Registers:
RAX=0x0000000000000001, RBX=0x0000002024cfc9c0, RCX=0x9001180038d29be2, RDX=0x00000125b1bb62f0
RSP=0x0000002024cfc420, RBP=0x0000002024cfc5a0, RSI=0x00000125b1bb62f0, RDI=0x0000000000000000
R8 =0x00000000ffffffff, R9 =0x0000000000000101, R10=0x0000000000000000, R11=0x0000000000000012
R12=0xffffffffffffffff, R13=0x00000125b0e1b0f8, R14=0x0000002024cfd600, R15=0x00000125b4185370
RIP=0x00007ffe55c07555, EFLAGS=0x0000000000010286

XMM[0]=0x0000000000000000 0x0000000000000000
XMM[1]=0x0000000000000000 0x0000000000000000
XMM[2]=0x0000000000000000 0x0000000000000000
XMM[3]=0x0000000000000000 0x0000000000000000
XMM[4]=0x0000000000000000 0x0000000000000000
XMM[5]=0x0000000000000000 0x0000000000000000
XMM[6]=0x8000000000000000 0x8000000000000000
XMM[7]=0x3eb8800000000000 0x0000000000000000
XMM[8]=0x0000000000000000 0x66fcaae27c97227f
XMM[9]=0x0000000000000000 0x7f4881efce3f33b1
XMM[10]=0x0000000000000000 0xded560a593f5871c
XMM[11]=0x0000000000000000 0xd83f67ac0458f0de
XMM[12]=0x0000000000000000 0x000000002c198932
XMM[13]=0x0000000000000000 0x0000000000000000
XMM[14]=0x0000000000000000 0x0000000000000000
XMM[15]=0x0000000000000000 0x0000000000000000
  MXCSR=0x00001fa0


Register to memory mapping:

RAX=0x0000000000000001 is an unknown value
RBX=0x0000002024cfc9c0 is pointing into the stack for thread: 0x00000125b4185370
RCX=0x9001180038d29be2 is an unknown value
RDX=0x00000125b1bb62f0 points into unknown readable memory: 0x00000125b3ce3870 | 70 38 ce b3 25 01 00 00
RSP=0x0000002024cfc420 is pointing into the stack for thread: 0x00000125b4185370
RBP=0x0000002024cfc5a0 is pointing into the stack for thread: 0x00000125b4185370
RSI=0x00000125b1bb62f0 points into unknown readable memory: 0x00000125b3ce3870 | 70 38 ce b3 25 01 00 00
RDI=0x0 is null
R8 =
[error occurred during error reporting (printing register info), id 0xc0000005, EXCEPTION_ACCESS_VIOLATION (0xc0000005) at pc=0x00007fff38b8f590]
R9 =0x0000000000000101 is an unknown value
R10=0x0 is null
R11=0x0000000000000012 is an unknown value
R12=0xffffffffffffffff is an unknown value
R13=0x00000125b0e1b0f8 is pointing into metadata
R14=0x0000002024cfd600 is pointing into the stack for thread: 0x00000125b4185370
R15=0x00000125b4185370 is a thread

Top of Stack: (sp=0x0000002024cfc420)
0x0000002024cfc420:   00000020ffffffff 0000002000000001   .... ....... ...
0x0000002024cfc430:   000071184f8a97be 00007fffcb06350c   ...O.q...5......
0x0000002024cfc440:   0000000000240040 00007fffcd4faed8   @.$.......O.....
0x0000002024cfc450:   0000002024cfd530 00007ffe5471d7e1   0..$ .....qT....
0x0000002024cfc460:   0000002024cfc9c0 00000000ffffffff   ...$ ...........
0x0000002024cfc470:   00000125b0e1b0f8 0000000000000000   ....%...........
0x0000002024cfc480:   0000002000000000 0000002024cfd3b0   .... ......$ ...
0x0000002024cfc490:   0000002024cfd530 00007ffe5480bf09   0..$ ......T....
0x0000002024cfc4a0:   0000000000000000 0000002024cfc9c0   ...........$ ...
0x0000002024cfc4b0:   0000002024cfd3b0 00007fffcd3f9be1   ...$ .....?.....
0x0000002024cfc4c0:   000001258f440001 000001258f440000   ..D.%.....D.%...
0x0000002024cfc4d0:   000000b800000000 000001258f4400b8   ..........D.%...
0x0000002024cfc4e0:   0000000000240001 0000000300000004   ..$.............
0x0000002024cfc4f0:   000001258f440000 00007fffcd3f96aa   ..D.%.....?.....
0x0000002024cfc500:   0000012500000001 0000000000000000   ....%...........
0x0000002024cfc510:   000071184f8a95ce 0000002024cfc540   ...O.q..@..$ ...
0x0000002024cfc520:   0000000000000030 0000002024cfd3b0   0..........$ ...
0x0000002024cfc530:   0000000000000000 0000000000000000   ................
0x0000002024cfc540:   000001258f4400b8 000001258f4400b8   ..D.%.....D.%...
0x0000002024cfc550:   000001258f440400 00000000000b0000   ..D.%...........
0x0000002024cfc560:   00007fff00000001 0000000124cfc6d8   ...........$....
0x0000002024cfc570:   0000000000001c00 0000000000000001   ................
0x0000002024cfc580:   000071184f8a95be 00000000000000c8   ...O.q..........
0x0000002024cfc590:   00007fff00000000 00000125b68a1020   ........ ...%...
0x0000002024cfc5a0:   00007ffe73fa0000 0000000000042504   ...s.....%......
0x0000002024cfc5b0:   0000000000000000 00007ffe740723d0   .........#.t....
0x0000002024cfc5c0:   000001258d1f0801 00007ffe740723d0   ....%....#.t....
0x0000002024cfc5d0:   0000002024cfc6e0 00007fffcd3ede03   ...$ .....>.....
0x0000002024cfc5e0:   00007fffcd4fae80 0000000000000346   ..O.....F.......
0x0000002024cfc5f0:   0000002024cfc6d0 0000002024cfc638   ...$ ...8..$ ...
0x0000002024cfc600:   00007fffcd4fab50 00000125b68a1020   P.O..... ...%...
0x0000002024cfc610:   000001258f440510 000000007ffe0385   ..D.%...........

Instructions: (pc=0x00007ffe55c07555)
  0x00007ffe55c07455:   00 ff 42 44 89 52 0c 45 89 11 4c 89 52 10 4c 89
  0x00007ffe55c07465:   52 18 4c 89 52 20 4c 89 52 28 4c 89 52 30 4c 89
  0x00007ffe55c07475:   52 38 49 8b c0 48 8b 4c 24 50 48 33 cc e8 69 38
  0x00007ffe55c07485:   21 00 48 83 c4 68 c3 48 8d 15 0d 12 27 00 48 8d
  0x00007ffe55c07495:   4c 24 30 e8 13 c2 ec ff 90 c7 44 24 20 62 02 00
  0x00007ffe55c074a5:   00 4c 8d 0d 73 0d 27 00 4c 8d 05 bc 10 27 00 48
  0x00007ffe55c074b5:   8d 54 24 30 b9 29 ff ff ff e8 8d c0 13 00 cc cc
  0x00007ffe55c074c5:   cc cc cc cc cc cc cc cc cc cc cc 48 89 5c 24 08
  0x00007ffe55c074d5:   48 89 74 24 10 57 48 83 ec 30 8b 02 48 8b d9 89
  0x00007ffe55c074e5:   01 33 ff 8b 42 04 48 8b f2 89 41 04 48 83 c1 08
  0x00007ffe55c074f5:   8b 42 08 89 01 8b 42 0c 89 43 0c 48 8b 42 10 48
  0x00007ffe55c07505:   89 43 10 48 8b 42 18 48 89 43 18 48 8b 42 20 48
  0x00007ffe55c07515:   89 43 20 48 8b 42 28 48 89 43 28 48 8b 42 30 48
  0x00007ffe55c07525:   89 43 30 48 8b 42 38 48 89 43 38 48 8d 43 50 48
  0x00007ffe55c07535:   89 43 48 48 89 4b 40 48 89 38 48 8b 43 48 48 89
  0x00007ffe55c07545:   78 08 48 8b 4b 38 48 85 c9 74 0a b8 01 00 00 00
=>0x00007ffe55c07555:   f0 0f c1 41 14 83 7a 04 02 7f 31 48 8b 42 48 48
  0x00007ffe55c07565:   8b 4b 48 48 8b 00 48 89 01 48 8b 42 48 48 8b 4b
  0x00007ffe55c07575:   48 48 8b 40 08 48 89 41 08 48 8b c3 48 8b 5c 24
  0x00007ffe55c07585:   40 48 8b 74 24 48 48 83 c4 30 5f c3 89 7b 04 45
  0x00007ffe55c07595:   33 c9 8b 52 04 45 33 c0 48 8b cb 40 88 7c 24 20
  0x00007ffe55c075a5:   e8 f6 5a 00 00 39 7b 04 7e 44 48 8b d7 4c 8b c7
  0x00007ffe55c075b5:   66 66 66 0f 1f 84 00 00 00 00 00 48 8b 46 40 4d
  0x00007ffe55c075c5:   8d 40 04 48 8b 4b 40 48 8d 52 08 ff c7 41 8b 44
  0x00007ffe55c075d5:   00 fc 41 89 44 08 fc 48 8b 46 48 48 8b 4b 48 48
  0x00007ffe55c075e5:   8b 44 02 f8 48 89 44 0a f8 3b 7b 04 7c cd 48 8b
  0x00007ffe55c075f5:   74 24 48 48 8b c3 48 8b 5c 24 40 48 83 c4 30 5f
  0x00007ffe55c07605:   c3 cc cc cc cc cc cc cc cc cc cc 48 89 5c 24 10
  0x00007ffe55c07615:   48 89 6c 24 18 48 89 74 24 20 57 48 83 ec 60 48
  0x00007ffe55c07625:   8b 05 4d 12 36 00 48 33 c4 48 89 44 24 50 4c 8b
  0x00007ffe55c07635:   d2 48 8b d9 8b 02 89 01 c7 41 04 02 00 00 00 48
  0x00007ffe55c07645:   8d 79 08 41 8b 40 0c 89 07 41 8b 40 08 89 41 0c


Stack slot to memory mapping:

stack at sp + 0 slots: 0x00000020ffffffff is an unknown value
stack at sp + 1 slots: 0x0000002000000001 is an unknown value
stack at sp + 2 slots: 0x000071184f8a97be is an unknown value
stack at sp + 3 slots: 0x00007fffcb06350c KERNELBASE.dll
stack at sp + 4 slots: 0x0000000000240040 is an unknown value
stack at sp + 5 slots: 0x00007fffcd4faed8 ntdll.dll
stack at sp + 6 slots: 0x0000002024cfd530 is pointing into the stack for thread: 0x00000125b4185370
stack at sp + 7 slots: 0x00007ffe5471d7e1 points into unknown readable memory: eb 0f 44 8b c6 48 8b

Lock stack of current Java thread (top to bottom):


Compiled method (c1) 309354 8463   !   3       java.util.concurrent.ThreadPoolExecutor::runWorker (187 bytes)
 total in heap  [0x0000012598938f88,0x000001259893ab78] = 7152
 main code      [0x0000012598939080,0x000001259893aaa8] = 6696
 stub code      [0x000001259893aaa8,0x000001259893ab78] = 208
 mutable data [0x00000125c42caa70,0x00000125c42cacc8] = 600
 relocation     [0x00000125c42caa70,0x00000125c42cac48] = 472
 metadata       [0x00000125c42cac48,0x00000125c42cacc8] = 128
 immutable data [0x00000125b418c0d0,0x00000125b418c880] = 1968
 dependencies   [0x00000125b418c0d0,0x00000125b418c100] = 48
 nul chk table  [0x00000125b418c100,0x00000125b418c138] = 56
 handler table  [0x00000125b418c138,0x00000125b418c2f8] = 448
 scopes pcs     [0x00000125b418c2f8,0x00000125b418c578] = 640
 scopes data    [0x00000125b418c578,0x00000125b418c880] = 776

[Constant Pool (empty)]

[MachCode]
[Instructions begin]
  0x0000012598939080: 660f 1f84 | 0000 0000 | 0066 0f1f | 8400 0000 | 0000 448b | 5208 443b 

  0x0000012598939098: ;   {runtime_call Shared Runtime ic_miss_blob}
  0x0000012598939098: 5008 0f85 | 405a 9406 
[Verified Entry Point]
  0x00000125989390a0: 8984 2400 | 80ff ff55 | 4881 ecf0 | 0000 0090 | 4181 7f20 | 1d00 0000 

  0x00000125989390b8: ;   {runtime_call Stub::method_entry_barrier}
  0x00000125989390b8: 7405 e841 | b192 0648 | 8994 2498 | 0000 004c | 8984 24a0 

  0x00000125989390cc: ;   {metadata(method data for {method} {0x00000125ad27cf90} 'runWorker' '(Ljava/util/concurrent/ThreadPoolExecutor$Worker;)V' in 'java/util/concurrent/ThreadPoolExecutor')}
  0x00000125989390cc: 0000 0048 | be88 865c | b025 0100 | 008b be90 | 0000 0083 | c702 89be | 9000 0000 | 81e7 fe07 
  0x00000125989390ec: 0000 85ff | 0f84 b316 

  0x00000125989390f4: ;   {metadata(method data for {method} {0x00000125ad27cf90} 'runWorker' '(Ljava/util/concurrent/ThreadPoolExecutor$Worker;)V' in 'java/util/concurrent/ThreadPoolExecutor')}
  0x00000125989390f4: 0000 48be | 8886 5cb0 | 2501 0000 | 4883 86d8 | 0000 0001 | 498b b710 | 0400 0048 | 8b36 4889 
  0x0000012598939114: b424 a800 | 0000 418b | 7828 410f | be5f 4885 | db0f 85a4 | 1600 0041 | c740 2800 | 0000 0049 
  0x0000012598939134: ;   {metadata(method data for {method} {0x00000125ad27cf90} 'runWorker' '(Ljava/util/concurrent/ThreadPoolExecutor$Worker;)V' in 'java/util/concurrent/ThreadPoolExecutor')}
  0x0000012598939134: 8bd8 48b8 | 8886 5cb0 | 2501 0000 | 8b5b 0841 | ba00 0000 | 1d49 03da | 483b 98f0 | 0000 0075 
  0x0000012598939154: 0d48 8380 | f800 0000 | 01e9 6000 | 0000 483b | 9800 0100 | 0075 0d48 | 8380 0801 | 0000 01e9 
  0x0000012598939174: 4a00 0000 | 4883 b8f0 | 0000 0000 | 7517 4889 | 98f0 0000 | 0048 c780 | f800 0000 | 0100 0000 
  0x0000012598939194: e929 0000 | 0048 83b8 | 0001 0000 | 0075 1748 | 8998 0001 | 0000 48c7 | 8008 0100 | 0001 0000 
  0x00000125989391b4: 00e9 0800 | 0000 4883 | 80e8 0000 

  0x00000125989391c0: ;   {metadata(method data for {method} {0x00000125ad3ed288} 'unlock' '()V' in 'java/util/concurrent/ThreadPoolExecutor$Worker')}
  0x00000125989391c0: 0001 48bb | 20e4 beae | 2501 0000 | 8b83 9000 | 0000 83c0 | 0289 8390 | 0000 0025 | feff 1f00 
  0x00000125989391e0: 85c0 0f84 | 0316 0000 

  0x00000125989391e8: ;   {metadata(method data for {method} {0x00000125ad3ed288} 'unlock' '()V' in 'java/util/concurrent/ThreadPoolExecutor$Worker')}
  0x00000125989391e8: 498b d848 | b820 e4be | ae25 0100 | 008b 5b08 | 41ba 0000 | 001d 4903 | da48 3b98 | e000 0000 
  0x0000012598939208: 750d 4883 | 80e8 0000 | 0001 e960 | 0000 0048 | 3b98 f000 | 0000 750d | 4883 80f8 | 0000 0001 
  0x0000012598939228: e94a 0000 | 0048 83b8 | e000 0000 | 0075 1748 | 8998 e000 | 0000 48c7 | 80e8 0000 | 0001 0000 
  0x0000012598939248: 00e9 2900 | 0000 4883 | b8f0 0000 | 0000 7517 | 4889 98f0 | 0000 0048 | c780 f800 | 0000 0100 
  0x0000012598939268: 0000 e908 | 0000 0048 | 8380 d800 

  0x0000012598939274: ;   {metadata(method data for {method} {0x000000001d2d24b8} 'release' '(I)Z' in 'java/util/concurrent/locks/AbstractQueuedSynchronizer')}
  0x0000012598939274: 0000 0148 | bb08 bf22 | ad25 0100 | 008b 8390 | 0000 0083 | c002 8983 | 9000 0000 | 25fe ff1f 
  0x0000012598939294: 0085 c00f | 846f 1500 | 0049 8bd8 

  0x00000125989392a0: ;   {metadata(method data for {method} {0x000000001d2d24b8} 'release' '(I)Z' in 'java/util/concurrent/locks/AbstractQueuedSynchronizer')}
  0x00000125989392a0: 48b8 08bf | 22ad 2501 | 0000 4883 | 80f8 0000 

  0x00000125989392b0: ;   {metadata(method data for {method} {0x00000125ad3ed078} 'tryRelease' '(I)Z' in 'java/util/concurrent/ThreadPoolExecutor$Worker')}
  0x00000125989392b0: 0001 48bb | 68e5 beae | 2501 0000 | 8b83 9000 | 0000 83c0 | 0289 8390 | 0000 0025 | feff 1f00 
  0x00000125989392d0: 85c0 0f84 | 5515 0000 

  0x00000125989392d8: ;   {metadata(method data for {method} {0x00000125ad3ed078} 'tryRelease' '(I)Z' in 'java/util/concurrent/ThreadPoolExecutor$Worker')}
  0x00000125989392d8: 498b d848 | b868 e5be | ae25 0100 | 008b 5b08 | 41ba 0000 | 001d 4903 | da48 3b98 | e000 0000 
  0x00000125989392f8: 750d 4883 | 80e8 0000 | 0001 e960 | 0000 0048 | 3b98 f000 | 0000 750d | 4883 80f8 | 0000 0001 
  0x0000012598939318: e94a 0000 | 0048 83b8 | e000 0000 | 0075 1748 | 8998 e000 | 0000 48c7 | 80e8 0000 | 0001 0000 
  0x0000012598939338: 00e9 2900 | 0000 4883 | b8f0 0000 | 0000 7517 | 4889 98f0 | 0000 0048 | c780 f800 | 0000 0100 
  0x0000012598939358: 0000 e908 | 0000 0048 | 8380 d800 | 0000 0141 | 0fbe 5f48 | 85db 0f85 | da14 0000 | 41c7 400c 
  0x0000012598939378: 0000 0000 

  0x000001259893937c: ;   {metadata(method data for {method} {0x00000125ad3ed078} 'tryRelease' '(I)Z' in 'java/util/concurrent/ThreadPoolExecutor$Worker')}
  0x000001259893937c: 498b d848 | b868 e5be | ae25 0100 | 008b 5b08 | 41ba 0000 | 001d 4903 | da48 3b98 | 1001 0000 
  0x000001259893939c: 750d 4883 | 8018 0100 | 0001 e960 | 0000 0048 | 3b98 2001 | 0000 750d | 4883 8028 | 0100 0001 
  0x00000125989393bc: e94a 0000 | 0048 83b8 | 1001 0000 | 0075 1748 | 8998 1001 | 0000 48c7 | 8018 0100 | 0001 0000 
  0x00000125989393dc: 00e9 2900 | 0000 4883 | b820 0100 | 0000 7517 | 4889 9820 | 0100 0048 | c780 2801 | 0000 0100 
  0x00000125989393fc: 0000 e908 | 0000 0048 | 8380 0801 | 0000 01bb | 0000 0000 | 4189 5818 | f083 4424 

  0x0000012598939418: ;   {metadata(method data for {method} {0x000000001d2d24b8} 'release' '(I)Z' in 'java/util/concurrent/locks/AbstractQueuedSynchronizer')}
  0x0000012598939418: c000 48bb | 08bf 22ad | 2501 0000 | ff83 1801 | 0000 4889 | bc24 9000 | 0000 418b 

  0x0000012598939434: ;   {metadata(method data for {method} {0x000000001d2d24b8} 'release' '(I)Z' in 'java/util/concurrent/locks/AbstractQueuedSynchronizer')}
  0x0000012598939434: 5810 48b8 | 08bf 22ad | 2501 0000 | 4883 8028 | 0100 0001 | 488b d30f 

  0x000001259893944c: ;   {static_call}
  0x000001259893944c: 1f40 00e8 

  0x0000012598939450: ; ImmutableOopMap {[144]=Oop [152]=Oop [160]=Oop [168]=Oop }
                      ;*invokestatic signalNext {reexecute=0 rethrow=0 return_oop=0}
                      ; - java.util.concurrent.locks.AbstractQueuedSynchronizer::release@12 (line 1100)
                      ; - java.util.concurrent.ThreadPoolExecutor$Worker::unlock@2 (line 642)
                      ; - java.util.concurrent.ThreadPoolExecutor::runWorker@15 (line 1073)
  0x0000012598939450: 2cc9 3607 

  0x0000012598939454: ;   {post_call_nop}
  0x0000012598939454: 0f1f 8400 | cc04 0000 | 488b bc24 | 9000 0000 | 0f1f 4000 | 488b 9424 | 9800 0000 

  0x0000012598939470: ;   {metadata(method data for {method} {0x00000125ad27cf90} 'runWorker' '(Ljava/util/concurrent/ThreadPoolExecutor$Worker;)V' in 'java/util/concurrent/ThreadPoolExecutor')}
  0x0000012598939470: 4885 ff48 | bb88 865c | b025 0100 | 00b8 1801 | 0000 7505 | b828 0100 | 0048 8b0c | 0348 8d49 
  0x0000012598939490: 0148 890c | 030f 8557 | 0000 0048 

  0x000001259893949c: ;   {metadata(method data for {method} {0x00000125ad27cf90} 'runWorker' '(Ljava/util/concurrent/ThreadPoolExecutor$Worker;)V' in 'java/util/concurrent/ThreadPoolExecutor')}
  0x000001259893949c: 8bfa 48bb | 8886 5cb0 | 2501 0000 | 4883 8338 | 0100 0001 | 488b fa48 

  0x00000125989394b4: ;   {optimized virtual_call}
  0x00000125989394b4: 8bd7 90e8 

  0x00000125989394b8: ; ImmutableOopMap {[152]=Oop [160]=Oop [168]=Oop }
                      ;*invokevirtual getTask {reexecute=0 rethrow=0 return_oop=0}
                      ; - java.util.concurrent.ThreadPoolExecutor::runWorker@26 (line 1076)
  0x00000125989394b8: 64ac 57ff 

  0x00000125989394bc: ;   {post_call_nop}
  0x00000125989394bc: 0f1f 8400 | 3405 0001 

  0x00000125989394c4: ;   {metadata(method data for {method} {0x00000125ad27cf90} 'runWorker' '(Ljava/util/concurrent/ThreadPoolExecutor$Worker;)V' in 'java/util/concurrent/ThreadPoolExecutor')}
  0x00000125989394c4: 4885 c049 | b888 865c | b025 0100 | 00ba 6801 | 0000 7405 | ba78 0100 | 0049 8b34 | 1048 8d76 
  0x00000125989394e4: 0149 8934 | 100f 8459 | 0d00 0048 | 8bf8 4889 | bc24 b000 | 0000 4c8b | 8424 a000 

  0x0000012598939500: ;   {metadata(method data for {method} {0x00000125ad27cf90} 'runWorker' '(Ljava/util/concurrent/ThreadPoolExecutor$Worker;)V' in 'java/util/concurrent/ThreadPoolExecutor')}
  0x0000012598939500: 0000 48be | 8886 5cb0 | 2501 0000 | 458b 4008 | 41ba 0000 | 001d 4d03 | c24c 3b86 | 9001 0000 
  0x0000012598939520: 750d 4883 | 8698 0100 | 0001 e960 | 0000 004c | 3b86 a001 | 0000 750d | 4883 86a8 | 0100 0001 
  0x0000012598939540: e94a 0000 | 0048 83be | 9001 0000 | 0075 174c | 8986 9001 | 0000 48c7 | 8698 0100 | 0001 0000 
  0x0000012598939560: 00e9 2900 | 0000 4883 | bea0 0100 | 0000 7517 | 4c89 86a0 | 0100 0048 | c786 a801 | 0000 0100 
  0x0000012598939580: 0000 e908 | 0000 0048 | 8386 8801 

  0x000001259893958c: ;   {metadata(method data for {method} {0x00000125ad3ed128} 'lock' '()V' in 'java/util/concurrent/ThreadPoolExecutor$Worker')}
  0x000001259893958c: 0000 0149 | b868 6951 | af25 0100 | 0041 8bb0 | 9000 0000 | 83c6 0241 | 89b0 9000 | 0000 81e6 
  0x00000125989395ac: feff 1f00 | 85f6 0f84 | b212 0000 | 4c8b 8424 | a000 0000 

  0x00000125989395c0: ;   {metadata(method data for {method} {0x00000125ad3ed128} 'lock' '()V' in 'java/util/concurrent/ThreadPoolExecutor$Worker')}
  0x00000125989395c0: 48be 6869 | 51af 2501 | 0000 458b | 4008 41ba | 0000 001d | 4d03 c24c | 3b86 e000 | 0000 750d 
  0x00000125989395e0: 4883 86e8 | 0000 0001 | e960 0000 | 004c 3b86 | f000 0000 | 750d 4883 | 86f8 0000 | 0001 e94a 
  0x0000012598939600: 0000 0048 | 83be e000 | 0000 0075 | 174c 8986 | e000 0000 | 48c7 86e8 | 0000 0001 | 0000 00e9 
  0x0000012598939620: 2900 0000 | 4883 bef0 | 0000 0000 | 7517 4c89 | 86f0 0000 | 0048 c786 | f800 0000 | 0100 0000 
  0x0000012598939640: e908 0000 | 0048 8386 | d800 0000 | 0141 b801 | 0000 0048 | 8b94 24a0 | 0000 000f 

  0x000001259893965c: ;   {optimized virtual_call}
  0x000001259893965c: 1f40 00e8 

  0x0000012598939660: ; ImmutableOopMap {[152]=Oop [160]=Oop [168]=Oop [176]=Oop }
                      ;*invokevirtual acquire {reexecute=0 rethrow=0 return_oop=0}
                      ; - java.util.concurrent.ThreadPoolExecutor$Worker::lock@2 (line 640)
                      ; - java.util.concurrent.ThreadPoolExecutor::runWorker@35 (line 1077)
  0x0000012598939660: 3cf5 4aff 

  0x0000012598939664: ;   {post_call_nop}
  0x0000012598939664: 0f1f 8400 | dc06 0002 | 488b 9424 | 9800 0000 | 8b72 2c48 | 3b06 488b 

  0x000001259893967c: ;   {metadata(method data for {method} {0x00000125ad27cf90} 'runWorker' '(Ljava/util/concurrent/ThreadPoolExecutor$Worker;)V' in 'java/util/concurrent/ThreadPoolExecutor')}
  0x000001259893967c: fe48 bb88 | 865c b025 | 0100 008b | 7f08 41ba | 0000 001d | 4903 fa48 | 3bbb c001 | 0000 750d 
  0x000001259893969c: 4883 83c8 | 0100 0001 | e960 0000 | 0048 3bbb | d001 0000 | 750d 4883 | 83d8 0100 | 0001 e94a 
  0x00000125989396bc: 0000 0048 | 83bb c001 | 0000 0075 | 1748 89bb | c001 0000 | 48c7 83c8 | 0100 0001 | 0000 00e9 
  0x00000125989396dc: 2900 0000 | 4883 bbd0 | 0100 0000 | 7517 4889 | bbd0 0100 | 0048 c783 | d801 0000 | 0100 0000 
  0x00000125989396fc: e908 0000 | 0048 8383 | b801 0000 | 018b 760c 

  0x000001259893970c: ;   {metadata(method data for {method} {0x00000125ad27cf90} 'runWorker' '(Ljava/util/concurrent/ThreadPoolExecutor$Worker;)V' in 'java/util/concurrent/ThreadPoolExecutor')}
  0x000001259893970c: 48bf 8886 | 5cb0 2501 | 0000 4883 | 87e8 0100 

  0x000001259893971c: ;   {metadata(method data for {method} {0x00000125ad27b9b8} 'runStateAtLeast' '(II)Z' in 'java/util/concurrent/ThreadPoolExecutor')}
  0x000001259893971c: 0001 48bf | 108b d4ad | 2501 0000 | 8b9f 9000 | 0000 83c3 | 0289 9f90 | 0000 0081 | e3fe ff1f 
  0x000001259893973c: 0085 db0f | 844b 1100 | 0081 fe00 

  0x0000012598939748: ;   {metadata(method data for {method} {0x00000125ad27b9b8} 'runStateAtLeast' '(II)Z' in 'java/util/concurrent/ThreadPoolExecutor')}
  0x0000012598939748: 0000 2048 | be10 8bd4 | ad25 0100 | 00bf d800 | 0000 7c05 | bfe8 0000 | 0048 8b1c | 3e48 8d5b 
  0x0000012598939768: 0148 891c | 3e0f 8c1a 

  0x0000012598939770: ;   {metadata(method data for {method} {0x00000125ad27b9b8} 'runStateAtLeast' '(II)Z' in 'java/util/concurrent/ThreadPoolExecutor')}
  0x0000012598939770: 0000 0048 | be10 8bd4 | ad25 0100 | 00ff 86f8 | 0000 00be | 0100 0000 | e905 0000 | 00be 0000 
  0x0000012598939790: 0000 83e6 

  0x0000012598939794: ;   {metadata(method data for {method} {0x00000125ad27cf90} 'runWorker' '(Ljava/util/concurrent/ThreadPoolExecutor$Worker;)V' in 'java/util/concurrent/ThreadPoolExecutor')}
  0x0000012598939794: 0185 f648 | be88 865c | b025 0100 | 00bf f801 | 0000 7505 | bf08 0200 | 0048 8b1c | 3e48 8d5b 
  0x00000125989397b4: 0148 891c | 3e0f 85ff 

  0x00000125989397bc: ;   {metadata(method data for {method} {0x00000125ad27cf90} 'runWorker' '(Ljava/util/concurrent/ThreadPoolExecutor$Worker;)V' in 'java/util/concurrent/ThreadPoolExecutor')}
  0x00000125989397bc: 0200 0048 | be88 865c | b025 0100 | 0048 8386 | 1802 0000 

  0x00000125989397d0: ;   {metadata(method data for {method} {0x000000001d4a3658} 'interrupted' '()Z' in 'java/lang/Thread')}
  0x00000125989397d0: 0148 bee0 | bbd4 ad25 | 0100 008b | be90 0000 | 0083 c702 | 89be 9000 | 0000 81e7 | feff 1f00 
  0x00000125989397f0: 85ff 0f84 | b910 0000 

  0x00000125989397f8: ;   {metadata(method data for {method} {0x000000001d4a3658} 'interrupted' '()Z' in 'java/lang/Thread')}
  0x00000125989397f8: 48be e0bb | d4ad 2501 | 0000 4883 | 86d8 0000 | 0001 498b | b710 0400 | 0048 8b36 

  0x0000012598939814: ; implicit exception: dispatches to 0x000001259893a8d2
  0x0000012598939814: 483b 0648 

  0x0000012598939818: ;   {metadata(method data for {method} {0x000000001d4a3658} 'interrupted' '()Z' in 'java/lang/Thread')}
  0x0000012598939818: 8bfe 48bb | e0bb d4ad | 2501 0000 | 8b7f 0841 | ba00 0000 | 1d49 03fa | 483b bbf0 | 0000 0075 
  0x0000012598939838: 0d48 8383 | f800 0000 | 01e9 6000 | 0000 483b | bb00 0100 | 0075 0d48 | 8383 0801 | 0000 01e9 
  0x0000012598939858: 4a00 0000 | 4883 bbf0 | 0000 0000 | 7517 4889 | bbf0 0000 | 0048 c783 | f800 0000 | 0100 0000 
  0x0000012598939878: e929 0000 | 0048 83bb | 0001 0000 | 0075 1748 | 89bb 0001 | 0000 48c7 | 8308 0100 | 0001 0000 
  0x0000012598939898: 00e9 0800 | 0000 4883 | 83e8 0000 

  0x00000125989398a4: ;   {metadata(method data for {method} {0x000000001d191170} 'getAndClearInterrupt' '()Z' in 'java/lang/Thread')}
  0x00000125989398a4: 0001 48bf | 30bd d4ad | 2501 0000 | 8b9f 9000 | 0000 83c3 | 0289 9f90 | 0000 0081 | e3fe ff1f 
  0x00000125989398c4: 0085 db0f | 840a 1000 | 000f be7e 

  0x00000125989398d0: ;   {metadata(method data for {method} {0x000000001d191170} 'getAndClearInterrupt' '()Z' in 'java/lang/Thread')}
  0x00000125989398d0: 3a85 ff48 | bb30 bdd4 | ad25 0100 | 00b8 d800 | 0000 7405 | b8e8 0000 | 0048 8b0c | 0348 8d49 
  0x00000125989398f0: 0148 890c | 030f 8440 | 0000 0089 | bc24 b800 | 0000 bb00 | 0000 0088 | 5e3a f083 | 4424 c000 
  0x0000012598939910: ;   {metadata(method data for {method} {0x000000001d191170} 'getAndClearInterrupt' '()Z' in 'java/lang/Thread')}
  0x0000012598939910: 48be 30bd | d4ad 2501 | 0000 4883 | 86f8 0000 | 0001 0f1f 

  0x0000012598939924: ;   {static_call}
  0x0000012598939924: 4400 00e8 

  0x0000012598939928: ; ImmutableOopMap {[152]=Oop [160]=Oop [168]=Oop [176]=Oop }
                      ;*invokestatic clearInterruptEvent {reexecute=0 rethrow=0 return_oop=0}
                      ; - java.lang.Thread::getAndClearInterrupt@14 (line 1663)
                      ; - java.lang.Thread::interrupted@3 (line 1625)
                      ; - java.util.concurrent.ThreadPoolExecutor::runWorker@53 (line 1083)
  0x0000012598939928: b45a 9406 

  0x000001259893992c: ;   {post_call_nop}
  0x000001259893992c: 0f1f 8400 | a409 0003 | 8bbc 24b8 | 0000 0083 | e701 83e7 

  0x0000012598939940: ;   {metadata(method data for {method} {0x00000125ad27cf90} 'runWorker' '(Ljava/util/concurrent/ThreadPoolExecutor$Worker;)V' in 'java/util/concurrent/ThreadPoolExecutor')}
  0x0000012598939940: 0185 ff48 | ba88 865c | b025 0100 | 00be 2802 | 0000 7405 | be38 0200 | 0048 8b3c | 3248 8d7f 
  0x0000012598939960: 0148 893c | 320f 84c1 | 0200 0048 | 8b94 2498 | 0000 008b | 722c 483b | 0648 8bfe 

  0x000001259893997c: ;   {metadata(method data for {method} {0x00000125ad27cf90} 'runWorker' '(Ljava/util/concurrent/ThreadPoolExecutor$Worker;)V' in 'java/util/concurrent/ThreadPoolExecutor')}
  0x000001259893997c: 48bb 8886 | 5cb0 2501 | 0000 8b7f | 0841 ba00 | 0000 1d49 | 03fa 483b | bb50 0200 | 0075 0d48 
  0x000001259893999c: 8383 5802 | 0000 01e9 | 6000 0000 | 483b bb60 | 0200 0075 | 0d48 8383 | 6802 0000 | 01e9 4a00 
  0x00000125989399bc: 0000 4883 | bb50 0200 | 0000 7517 | 4889 bb50 | 0200 0048 | c783 5802 | 0000 0100 | 0000 e929 
  0x00000125989399dc: 0000 0048 | 83bb 6002 | 0000 0075 | 1748 89bb | 6002 0000 | 48c7 8368 | 0200 0001 | 0000 00e9 
  0x00000125989399fc: 0800 0000 | 4883 8348 | 0200 0001 

  0x0000012598939a08: ;   {metadata(method data for {method} {0x00000125ad27cf90} 'runWorker' '(Ljava/util/concurrent/ThreadPoolExecutor$Worker;)V' in 'java/util/concurrent/ThreadPoolExecutor')}
  0x0000012598939a08: 8b76 0c48 | bf88 865c | b025 0100 | 0048 8387 | 7802 0000 

  0x0000012598939a1c: ;   {metadata(method data for {method} {0x00000125ad27b9b8} 'runStateAtLeast' '(II)Z' in 'java/util/concurrent/ThreadPoolExecutor')}
  0x0000012598939a1c: 0148 bf10 | 8bd4 ad25 | 0100 008b | 9f90 0000 | 0083 c302 | 899f 9000 | 0000 81e3 | feff 1f00 
  0x0000012598939a3c: 85db 0f84 | b90e 0000 | 81fe 0000 

  0x0000012598939a48: ;   {metadata(method data for {method} {0x00000125ad27b9b8} 'runStateAtLeast' '(II)Z' in 'java/util/concurrent/ThreadPoolExecutor')}
  0x0000012598939a48: 0020 48be | 108b d4ad | 2501 0000 | bfd8 0000 | 007c 05bf | e800 0000 | 488b 1c3e | 488d 5b01 
  0x0000012598939a68: 4889 1c3e | 0f8c 1a00 

  0x0000012598939a70: ;   {metadata(method data for {method} {0x00000125ad27b9b8} 'runStateAtLeast' '(II)Z' in 'java/util/concurrent/ThreadPoolExecutor')}
  0x0000012598939a70: 0000 48be | 108b d4ad | 2501 0000 | ff86 f800 | 0000 be01 | 0000 00e9 | 0500 0000 | be00 0000 
  0x0000012598939a90: 0083 e601 

  0x0000012598939a94: ;   {metadata(method data for {method} {0x00000125ad27cf90} 'runWorker' '(Ljava/util/concurrent/ThreadPoolExecutor$Worker;)V' in 'java/util/concurrent/ThreadPoolExecutor')}
  0x0000012598939a94: 85f6 48be | 8886 5cb0 | 2501 0000 | bf88 0200 | 0074 05bf | 9802 0000 | 488b 1c3e | 488d 5b01 
  0x0000012598939ab4: 4889 1c3e | 0f84 6e01 | 0000 488b | b424 a800 | 0000 483b | 0648 8bfe 

  0x0000012598939acc: ;   {metadata(method data for {method} {0x00000125ad27cf90} 'runWorker' '(Ljava/util/concurrent/ThreadPoolExecutor$Worker;)V' in 'java/util/concurrent/ThreadPoolExecutor')}
  0x0000012598939acc: 48bb 8886 | 5cb0 2501 | 0000 8b7f | 0841 ba00 | 0000 1d49 | 03fa 483b | bbb0 0200 | 0075 0d48 
  0x0000012598939aec: 8383 b802 | 0000 01e9 | 6000 0000 | 483b bbc0 | 0200 0075 | 0d48 8383 | c802 0000 | 01e9 4a00 
  0x0000012598939b0c: 0000 4883 | bbb0 0200 | 0000 7517 | 4889 bbb0 | 0200 0048 | c783 b802 | 0000 0100 | 0000 e929 
  0x0000012598939b2c: 0000 0048 | 83bb c002 | 0000 0075 | 1748 89bb | c002 0000 | 48c7 83c8 | 0200 0001 | 0000 00e9 
  0x0000012598939b4c: 0800 0000 | 4883 83a8 | 0200 0001 | 0fbe 7e3a | 83e7 0185 

  0x0000012598939b60: ;   {metadata(method data for {method} {0x00000125ad27cf90} 'runWorker' '(Ljava/util/concurrent/ThreadPoolExecutor$Worker;)V' in 'java/util/concurrent/ThreadPoolExecutor')}
  0x0000012598939b60: ff48 bf88 | 865c b025 | 0100 00bb | d802 0000 | 7505 bbe8 | 0200 0048 | 8b04 1f48 | 8d40 0148 
  0x0000012598939b80: 8904 1f0f | 85a3 0000 | 0048 8bfe 

  0x0000012598939b8c: ;   {metadata(method data for {method} {0x00000125ad27cf90} 'runWorker' '(Ljava/util/concurrent/ThreadPoolExecutor$Worker;)V' in 'java/util/concurrent/ThreadPoolExecutor')}
  0x0000012598939b8c: 48bb 8886 | 5cb0 2501 | 0000 8b7f | 0841 ba00 | 0000 1d49 | 03fa 483b | bb00 0300 | 0075 0d48 
  0x0000012598939bac: 8383 0803 | 0000 01e9 | 6000 0000 | 483b bb10 | 0300 0075 | 0d48 8383 | 1803 0000 | 01e9 4a00 
  0x0000012598939bcc: 0000 4883 | bb00 0300 | 0000 7517 | 4889 bb00 | 0300 0048 | c783 0803 | 0000 0100 | 0000 e929 
  0x0000012598939bec: 0000 0048 | 83bb 1003 | 0000 0075 | 1748 89bb | 1003 0000 | 48c7 8318 | 0300 0001 | 0000 00e9 
  0x0000012598939c0c: 0800 0000 | 4883 83f8 | 0200 0001 | 488b d60f 

  0x0000012598939c1c: ;   {optimized virtual_call}
  0x0000012598939c1c: 1f40 00e8 

  0x0000012598939c20: ; ImmutableOopMap {[152]=Oop [160]=Oop [168]=Oop [176]=Oop }
                      ;*invokevirtual interrupt {reexecute=0 rethrow=0 return_oop=0}
                      ; - java.util.concurrent.ThreadPoolExecutor::runWorker@82 (line 1086)
  0x0000012598939c20: bc51 9406 

  0x0000012598939c24: ;   {post_call_nop}
  0x0000012598939c24: 0f1f 8400 | 9c0c 0004 | 488b 9424 | 9800 0000 

  0x0000012598939c34: ;   {metadata(method data for {method} {0x00000125ad27cf90} 'runWorker' '(Ljava/util/concurrent/ThreadPoolExecutor$Worker;)V' in 'java/util/concurrent/ThreadPoolExecutor')}
  0x0000012598939c34: 49b8 8886 | 5cb0 2501 | 0000 8b52 | 0841 ba00 | 0000 1d49 | 03d2 493b | 9030 0300 | 0075 0d49 
  0x0000012598939c54: 8380 3803 | 0000 01e9 | 6000 0000 | 493b 9040 | 0300 0075 | 0d49 8380 | 4803 0000 | 01e9 4a00 
  0x0000012598939c74: 0000 4983 | b830 0300 | 0000 7517 | 4989 9030 | 0300 0049 | c780 3803 | 0000 0100 | 0000 e929 
  0x0000012598939c94: 0000 0049 | 83b8 4003 | 0000 0075 | 1749 8990 | 4003 0000 | 49c7 8048 | 0300 0001 | 0000 00e9 
  0x0000012598939cb4: 0800 0000 | 4983 8028 | 0300 0001 | 4c8b 8424 | a800 0000 | 4c8b 8c24 | b000 0000 | 488b 9424 
  0x0000012598939cd4: 9800 0000 | 0f1f 4400 | 0048 b890 | bc67 b625 

  0x0000012598939ce4: ;   {virtual_call}
  0x0000012598939ce4: 0100 00e8 

  0x0000012598939ce8: ; ImmutableOopMap {[152]=Oop [160]=Oop [168]=Oop [176]=Oop }
                      ;*invokevirtual beforeExecute {reexecute=0 rethrow=0 return_oop=0}
                      ; - java.util.concurrent.ThreadPoolExecutor::runWorker@88 (line 1088)
  0x0000012598939ce8: 963b 3a07 

  0x0000012598939cec: ;   {post_call_nop}
  0x0000012598939cec: 0f1f 8400 | 640d 0005 | 488b bc24 | b000 0000 

  0x0000012598939cfc: ; implicit exception: dispatches to 0x000001259893a923
  0x0000012598939cfc: 483b 0748 

  0x0000012598939d00: ;   {metadata(method data for {method} {0x00000125ad27cf90} 'runWorker' '(Ljava/util/concurrent/ThreadPoolExecutor$Worker;)V' in 'java/util/concurrent/ThreadPoolExecutor')}
  0x0000012598939d00: 8bd7 48be | 8886 5cb0 | 2501 0000 | 8b52 0841 | ba00 0000 | 1d49 03d2 | 483b 9660 | 0300 0075 
  0x0000012598939d20: 0d48 8386 | 6803 0000 | 01e9 6000 | 0000 483b | 9670 0300 | 0075 0d48 | 8386 7803 | 0000 01e9 
  0x0000012598939d40: 4a00 0000 | 4883 be60 | 0300 0000 | 7517 4889 | 9660 0300 | 0048 c786 | 6803 0000 | 0100 0000 
  0x0000012598939d60: e929 0000 | 0048 83be | 7003 0000 | 0075 1748 | 8996 7003 | 0000 48c7 | 8678 0300 | 0001 0000 
  0x0000012598939d80: 00e9 0800 | 0000 4883 | 8658 0300 | 0001 488b | d748 89bc | 24b0 0000 | 000f 1f40 | 0048 b8b8 
  0x0000012598939da0: bc67 b625 

  0x0000012598939da4: ;   {virtual_call}
  0x0000012598939da4: 0100 00e8 

  0x0000012598939da8: ; ImmutableOopMap {[152]=Oop [160]=Oop [168]=Oop [176]=Oop }
                      ;*invokeinterface run {reexecute=0 rethrow=0 return_oop=0}
                      ; - java.util.concurrent.ThreadPoolExecutor::runWorker@92 (line 1090)
  0x0000012598939da8: 4ca6 b406 

  0x0000012598939dac: ;   {post_call_nop}
  0x0000012598939dac: 0f1f 8400 | 240e 0006 | 488b 9424 | 9800 0000 

  0x0000012598939dbc: ;   {metadata(method data for {method} {0x00000125ad27cf90} 'runWorker' '(Ljava/util/concurrent/ThreadPoolExecutor$Worker;)V' in 'java/util/concurrent/ThreadPoolExecutor')}
  0x0000012598939dbc: 49b8 8886 | 5cb0 2501 | 0000 8b52 | 0841 ba00 | 0000 1d49 | 03d2 493b | 9090 0300 | 0075 0d49 
  0x0000012598939ddc: 8380 9803 | 0000 01e9 | 6000 0000 | 493b 90a0 | 0300 0075 | 0d49 8380 | a803 0000 | 01e9 4a00 
  0x0000012598939dfc: 0000 4983 | b890 0300 | 0000 7517 | 4989 9090 | 0300 0049 | c780 9803 | 0000 0100 | 0000 e929 
  0x0000012598939e1c: 0000 0049 | 83b8 a003 | 0000 0075 | 1749 8990 | a003 0000 | 49c7 80a8 | 0300 0001 | 0000 00e9 
  0x0000012598939e3c: 0800 0000 | 4983 8088 | 0300 0001 | 4c8b 8424 | b000 0000 

  0x0000012598939e50: ;   {oop(nullptr)}
  0x0000012598939e50: 49b9 0000 | 0000 0000 | 0000 488b | 9424 9800 | 0000 6666 | 9048 b8e0 | bc67 b625 

  0x0000012598939e6c: ;   {virtual_call}
  0x0000012598939e6c: 0100 00e8 

  0x0000012598939e70: ; ImmutableOopMap {[152]=Oop [160]=Oop [168]=Oop [176]=Oop }
                      ;*invokevirtual afterExecute {reexecute=0 rethrow=0 return_oop=0}
                      ; - java.util.concurrent.ThreadPoolExecutor::runWorker@100 (line 1091)
  0x0000012598939e70: 0e3d 3a07 

  0x0000012598939e74: ;   {post_call_nop}
  0x0000012598939e74: 0f1f 8400 | ec0e 0007 

  0x0000012598939e7c: ;   {metadata(method data for {method} {0x00000125ad27cf90} 'runWorker' '(Ljava/util/concurrent/ThreadPoolExecutor$Worker;)V' in 'java/util/concurrent/ThreadPoolExecutor')}
  0x0000012598939e7c: 48ba 8886 | 5cb0 2501 | 0000 ff82 | b803 0000 | 4c8b 8424 | a000 0000 | c4c1 7b10 | 4020 c4e1 
  0x0000012598939e9c: f97e c241 | ba01 0000 | 0049 03d2 | 4889 9424 | c000 0000 | c5fb 1084 | 24c0 0000 | 00c4 c17b 
  0x0000012598939ebc: 1140 20f0 | 8344 24c0 | 0049 8bd0 

  0x0000012598939ec8: ;   {metadata(method data for {method} {0x00000125ad27cf90} 'runWorker' '(Ljava/util/concurrent/ThreadPoolExecutor$Worker;)V' in 'java/util/concurrent/ThreadPoolExecutor')}
  0x0000012598939ec8: 48be 8886 | 5cb0 2501 | 0000 8b52 | 0841 ba00 | 0000 1d49 | 03d2 483b | 9608 0400 | 0075 0d48 
  0x0000012598939ee8: 8386 1004 | 0000 01e9 | 6000 0000 | 483b 9618 | 0400 0075 | 0d48 8386 | 2004 0000 | 01e9 4a00 
  0x0000012598939f08: 0000 4883 | be08 0400 | 0000 7517 | 4889 9608 | 0400 0048 | c786 1004 | 0000 0100 | 0000 e929 
  0x0000012598939f28: 0000 0048 | 83be 1804 | 0000 0075 | 1748 8996 | 1804 0000 | 48c7 8620 | 0400 0001 | 0000 00e9 
  0x0000012598939f48: 0800 0000 | 4883 8600 | 0400 0001 

  0x0000012598939f54: ;   {metadata(method data for {method} {0x00000125ad3ed288} 'unlock' '()V' in 'java/util/concurrent/ThreadPoolExecutor$Worker')}
  0x0000012598939f54: 48ba 20e4 | beae 2501 | 0000 8bb2 | 9000 0000 | 83c6 0289 | b290 0000 | 0081 e6fe | ff1f 0085 
  0x0000012598939f74: f60f 84ad | 0900 0049 

  0x0000012598939f7c: ;   {metadata(method data for {method} {0x00000125ad3ed288} 'unlock' '()V' in 'java/util/concurrent/ThreadPoolExecutor$Worker')}
  0x0000012598939f7c: 8bd0 48be | 20e4 beae | 2501 0000 | 8b52 0841 | ba00 0000 | 1d49 03d2 | 483b 96e0 | 0000 0075 
  0x0000012598939f9c: 0d48 8386 | e800 0000 | 01e9 6000 | 0000 483b | 96f0 0000 | 0075 0d48 | 8386 f800 | 0000 01e9 
  0x0000012598939fbc: 4a00 0000 | 4883 bee0 | 0000 0000 | 7517 4889 | 96e0 0000 | 0048 c786 | e800 0000 | 0100 0000 
  0x0000012598939fdc: e929 0000 | 0048 83be | f000 0000 | 0075 1748 | 8996 f000 | 0000 48c7 | 86f8 0000 | 0001 0000 
  0x0000012598939ffc: 00e9 0800 | 0000 4883 | 86d8 0000 

  0x000001259893a008: ;   {metadata(method data for {method} {0x000000001d2d24b8} 'release' '(I)Z' in 'java/util/concurrent/locks/AbstractQueuedSynchronizer')}
  0x000001259893a008: 0001 48ba | 08bf 22ad | 2501 0000 | 8bb2 9000 | 0000 83c6 | 0289 b290 | 0000 0081 | e6fe ff1f 
  0x000001259893a028: 0085 f60f | 8418 0900 | 0049 8bd0 

  0x000001259893a034: ;   {metadata(method data for {method} {0x000000001d2d24b8} 'release' '(I)Z' in 'java/util/concurrent/locks/AbstractQueuedSynchronizer')}
  0x000001259893a034: 48be 08bf | 22ad 2501 | 0000 4883 | 86f8 0000 

  0x000001259893a044: ;   {metadata(method data for {method} {0x00000125ad3ed078} 'tryRelease' '(I)Z' in 'java/util/concurrent/ThreadPoolExecutor$Worker')}
  0x000001259893a044: 0001 48ba | 68e5 beae | 2501 0000 | 8bb2 9000 | 0000 83c6 | 0289 b290 | 0000 0081 | e6fe ff1f 
  0x000001259893a064: 0085 f60f | 84fd 0800 | 0049 8bd0 

  0x000001259893a070: ;   {metadata(method data for {method} {0x00000125ad3ed078} 'tryRelease' '(I)Z' in 'java/util/concurrent/ThreadPoolExecutor$Worker')}
  0x000001259893a070: 48be 68e5 | beae 2501 | 0000 8b52 | 0841 ba00 | 0000 1d49 | 03d2 483b | 96e0 0000 | 0075 0d48 
  0x000001259893a090: 8386 e800 | 0000 01e9 | 6000 0000 | 483b 96f0 | 0000 0075 | 0d48 8386 | f800 0000 | 01e9 4a00 
  0x000001259893a0b0: 0000 4883 | bee0 0000 | 0000 7517 | 4889 96e0 | 0000 0048 | c786 e800 | 0000 0100 | 0000 e929 
  0x000001259893a0d0: 0000 0048 | 83be f000 | 0000 0075 | 1748 8996 | f000 0000 | 48c7 86f8 | 0000 0001 | 0000 00e9 
  0x000001259893a0f0: 0800 0000 | 4883 86d8 | 0000 0001 | 410f be57 | 4885 d20f | 8582 0800 | 0041 c740 | 0c00 0000 
  0x000001259893a110: 0049 8bd0 

  0x000001259893a114: ;   {metadata(method data for {method} {0x00000125ad3ed078} 'tryRelease' '(I)Z' in 'java/util/concurrent/ThreadPoolExecutor$Worker')}
  0x000001259893a114: 48be 68e5 | beae 2501 | 0000 8b52 | 0841 ba00 | 0000 1d49 | 03d2 483b | 9610 0100 | 0075 0d48 
  0x000001259893a134: 8386 1801 | 0000 01e9 | 6000 0000 | 483b 9620 | 0100 0075 | 0d48 8386 | 2801 0000 | 01e9 4a00 
  0x000001259893a154: 0000 4883 | be10 0100 | 0000 7517 | 4889 9610 | 0100 0048 | c786 1801 | 0000 0100 | 0000 e929 
  0x000001259893a174: 0000 0048 | 83be 2001 | 0000 0075 | 1748 8996 | 2001 0000 | 48c7 8628 | 0100 0001 | 0000 00e9 
  0x000001259893a194: 0800 0000 | 4883 8608 | 0100 0001 | ba00 0000 | 0041 8950 | 18f0 8344 

  0x000001259893a1ac: ;   {metadata(method data for {method} {0x000000001d2d24b8} 'release' '(I)Z' in 'java/util/concurrent/locks/AbstractQueuedSynchronizer')}
  0x000001259893a1ac: 24c0 0048 | ba08 bf22 | ad25 0100 | 00ff 8218 | 0100 0041 

  0x000001259893a1c0: ;   {metadata(method data for {method} {0x000000001d2d24b8} 'release' '(I)Z' in 'java/util/concurrent/locks/AbstractQueuedSynchronizer')}
  0x000001259893a1c0: 8b50 1048 | be08 bf22 | ad25 0100 | 0048 8386 | 2801 0000 

  0x000001259893a1d4: ;   {static_call}
  0x000001259893a1d4: 0166 90e8 

  0x000001259893a1d8: ; ImmutableOopMap {[152]=Oop [160]=Oop [168]=Oop }
                      ;*invokestatic signalNext {reexecute=0 rethrow=0 return_oop=0}
                      ; - java.util.concurrent.locks.AbstractQueuedSynchronizer::release@12 (line 1100)
                      ; - java.util.concurrent.ThreadPoolExecutor$Worker::unlock@2 (line 642)
                      ; - java.util.concurrent.ThreadPoolExecutor::runWorker@131 (line 1099)
  0x000001259893a1d8: a4bb 3607 

  0x000001259893a1dc: ;   {post_call_nop}
  0x000001259893a1dc: 0f1f 8400 | 5412 0008 

  0x000001259893a1e4: ;   {metadata(method data for {method} {0x00000125ad27cf90} 'runWorker' '(Ljava/util/concurrent/ThreadPoolExecutor$Worker;)V' in 'java/util/concurrent/ThreadPoolExecutor')}
  0x000001259893a1e4: 49b8 8886 | 5cb0 2501 | 0000 41ff | 8030 0400 

  0x000001259893a1f4: ;   {metadata(method data for {method} {0x00000125ad27cf90} 'runWorker' '(Ljava/util/concurrent/ThreadPoolExecutor$Worker;)V' in 'java/util/concurrent/ThreadPoolExecutor')}
  0x000001259893a1f4: 0049 b888 | 865c b025 | 0100 0045 | 8b88 9400 | 0000 4183 | c102 4589 | 8894 0000 | 0041 81e1 
  0x000001259893a214: fe3f 0000 | 4585 c90f | 8486 0700 | 004d 8b57 

  0x000001259893a224: ; ImmutableOopMap {[152]=Oop [160]=Oop [168]=Oop }
                      ;*goto {reexecute=1 rethrow=0 return_oop=0}
                      ; - (reexecute) java.util.concurrent.ThreadPoolExecutor::runWorker@158 (line 1100)
                      ;   {poll}
  0x000001259893a224: 3041 8502 

  0x000001259893a228: ;   {metadata(method data for {method} {0x00000125ad27cf90} 'runWorker' '(Ljava/util/concurrent/ThreadPoolExecutor$Worker;)V' in 'java/util/concurrent/ThreadPoolExecutor')}
  0x000001259893a228: 49b8 8886 | 5cb0 2501 | 0000 41ff | 8078 0400 

  0x000001259893a238: ;   {oop(nullptr)}
  0x000001259893a238: 0048 bf00 | 0000 0000 | 0000 00e9 | 20f2 ffff | 488b 9424 | 9800 0000 

  0x000001259893a250: ;   {metadata(method data for {method} {0x00000125ad27cf90} 'runWorker' '(Ljava/util/concurrent/ThreadPoolExecutor$Worker;)V' in 'java/util/concurrent/ThreadPoolExecutor')}
  0x000001259893a250: 49b8 8886 | 5cb0 2501 | 0000 4983 | 8090 0400 | 0001 4c8b | 8424 a000 | 0000 41b9 | 0000 0000 
  0x000001259893a270: 488b 9424 | 9800 0000 | 0f1f 8000 

  0x000001259893a27c: ;   {optimized virtual_call}
  0x000001259893a27c: 0000 00e8 

  0x000001259893a280: ; ImmutableOopMap {}
                      ;*invokevirtual processWorkerExit {reexecute=0 rethrow=0 return_oop=0}
                      ; - java.util.concurrent.ThreadPoolExecutor::runWorker@168 (line 1104)
  0x000001259893a280: 9cd7 f8ff 

  0x000001259893a284: ;   {post_call_nop}
  0x000001259893a284: 0f1f 8400 | fc12 000a 

  0x000001259893a28c: ;   {metadata(method data for {method} {0x00000125ad27cf90} 'runWorker' '(Ljava/util/concurrent/ThreadPoolExecutor$Worker;)V' in 'java/util/concurrent/ThreadPoolExecutor')}
  0x000001259893a28c: 48b8 8886 | 5cb0 2501 | 0000 ff80 | c004 0000 | 4881 c4f0 | 0000 005d 

  0x000001259893a2a4: ;   {poll_return}
  0x000001259893a2a4: 493b 6728 | 0f87 1a07 | 0000 c349 | 8b87 8805 | 0000 4d33 | d24d 8997 | 8805 0000 | 4d33 d24d 
  0x000001259893a2c4: 8997 9005 | 0000 488b | 9424 9800 

  0x000001259893a2d0: ;   {metadata(method data for {method} {0x00000125ad27cf90} 'runWorker' '(Ljava/util/concurrent/ThreadPoolExecutor$Worker;)V' in 'java/util/concurrent/ThreadPoolExecutor')}
  0x000001259893a2d0: 0000 49b8 | 8886 5cb0 | 2501 0000 | 8b52 0841 | ba00 0000 | 1d49 03d2 | 493b 90d8 | 0300 0075 
  0x000001259893a2f0: 0d49 8380 | e003 0000 | 01e9 6000 | 0000 493b | 90e8 0300 | 0075 0d49 | 8380 f003 | 0000 01e9 
  0x000001259893a310: 4a00 0000 | 4983 b8d8 | 0300 0000 | 7517 4989 | 90d8 0300 | 0049 c780 | e003 0000 | 0100 0000 
  0x000001259893a330: e929 0000 | 0049 83b8 | e803 0000 | 0075 1749 | 8990 e803 | 0000 49c7 | 80f0 0300 | 0001 0000 
  0x000001259893a350: 00e9 0800 | 0000 4983 | 80d0 0300 | 0001 4c8b | c74c 8bc8 | 488b 9424 | 9800 0000 | 4889 8424 
  0x000001259893a370: c800 0000 | 9048 b808 | bd67 b625 

  0x000001259893a37c: ;   {virtual_call}
  0x000001259893a37c: 0100 00e8 

  0x000001259893a380: ; ImmutableOopMap {[152]=Oop [160]=Oop [200]=Oop }
                      ;*invokevirtual afterExecute {reexecute=0 rethrow=0 return_oop=0}
                      ; - java.util.concurrent.ThreadPoolExecutor::runWorker@112 (line 1093)
  0x000001259893a380: 5c4d 9406 

  0x000001259893a384: ;   {post_call_nop}
  0x000001259893a384: 0f1f 8400 | fc13 000b | 488b 8424 

  0x000001259893a390: ; ImmutableOopMap {rax=Oop [152]=Oop [160]=Oop }
                      ;*athrow {reexecute=1 rethrow=0 return_oop=0}
                      ; - (reexecute) java.util.concurrent.ThreadPoolExecutor::runWorker@117 (line 1094)
  0x000001259893a390: c800 0000 

  0x000001259893a394: ;   {section_word}
  0x000001259893a394: 48ba 94a3 | 9398 2501 

  0x000001259893a39c: ;   {runtime_call C1 Runtime handle_exception_blob}
  0x000001259893a39c: 0000 e83d | f9a0 0690 | 498b 8788 | 0500 004d | 33d2 4d89 | 9788 0500 | 004d 33d2 | 4d89 9790 
  0x000001259893a3bc: 0500 004c | 8b84 24a0 | 0000 00c4 | c17b 1040 | 20c4 e1f9 | 7ec2 41ba | 0100 0000 | 4903 d248 
  0x000001259893a3dc: 8994 24d0 | 0000 00c5 | fb10 8424 | d000 0000 | c4c1 7b11 | 4020 f083 | 4424 c000 

  0x000001259893a3f8: ;   {metadata(method data for {method} {0x00000125ad27cf90} 'runWorker' '(Ljava/util/concurrent/ThreadPoolExecutor$Worker;)V' in 'java/util/concurrent/ThreadPoolExecutor')}
  0x000001259893a3f8: 498b d048 | be88 865c | b025 0100 | 008b 5208 | 41ba 0000 | 001d 4903 | d248 3b96 | 5004 0000 
  0x000001259893a418: 750d 4883 | 8658 0400 | 0001 e960 | 0000 0048 | 3b96 6004 | 0000 750d | 4883 8668 | 0400 0001 
  0x000001259893a438: e94a 0000 | 0048 83be | 5004 0000 | 0075 1748 | 8996 5004 | 0000 48c7 | 8658 0400 | 0001 0000 
  0x000001259893a458: 00e9 2900 | 0000 4883 | be60 0400 | 0000 7517 | 4889 9660 | 0400 0048 | c786 6804 | 0000 0100 
  0x000001259893a478: 0000 e908 | 0000 0048 | 8386 4804 

  0x000001259893a484: ;   {metadata(method data for {method} {0x00000125ad3ed288} 'unlock' '()V' in 'java/util/concurrent/ThreadPoolExecutor$Worker')}
  0x000001259893a484: 0000 0148 | ba20 e4be | ae25 0100 | 008b b290 | 0000 0083 | c602 89b2 | 9000 0000 | 81e6 feff 
  0x000001259893a4a4: 1f00 85f6 | 0f84 3005 | 0000 498b 

  0x000001259893a4b0: ;   {metadata(method data for {method} {0x00000125ad3ed288} 'unlock' '()V' in 'java/util/concurrent/ThreadPoolExecutor$Worker')}
  0x000001259893a4b0: d048 be20 | e4be ae25 | 0100 008b | 5208 41ba | 0000 001d | 4903 d248 | 3b96 e000 | 0000 750d 
  0x000001259893a4d0: 4883 86e8 | 0000 0001 | e960 0000 | 0048 3b96 | f000 0000 | 750d 4883 | 86f8 0000 | 0001 e94a 
  0x000001259893a4f0: 0000 0048 | 83be e000 | 0000 0075 | 1748 8996 | e000 0000 | 48c7 86e8 | 0000 0001 | 0000 00e9 
  0x000001259893a510: 2900 0000 | 4883 bef0 | 0000 0000 | 7517 4889 | 96f0 0000 | 0048 c786 | f800 0000 | 0100 0000 
  0x000001259893a530: e908 0000 | 0048 8386 | d800 0000 

  0x000001259893a53c: ;   {metadata(method data for {method} {0x000000001d2d24b8} 'release' '(I)Z' in 'java/util/concurrent/locks/AbstractQueuedSynchronizer')}
  0x000001259893a53c: 0148 ba08 | bf22 ad25 | 0100 008b | b290 0000 | 0083 c602 | 89b2 9000 | 0000 81e6 | feff 1f00 
  0x000001259893a55c: 85f6 0f84 | 9b04 0000 

  0x000001259893a564: ;   {metadata(method data for {method} {0x000000001d2d24b8} 'release' '(I)Z' in 'java/util/concurrent/locks/AbstractQueuedSynchronizer')}
  0x000001259893a564: 498b d048 | be08 bf22 | ad25 0100 | 0048 8386 | f800 0000 

  0x000001259893a578: ;   {metadata(method data for {method} {0x00000125ad3ed078} 'tryRelease' '(I)Z' in 'java/util/concurrent/ThreadPoolExecutor$Worker')}
  0x000001259893a578: 0148 ba68 | e5be ae25 | 0100 008b | b290 0000 | 0083 c602 | 89b2 9000 | 0000 81e6 | feff 1f00 
  0x000001259893a598: 85f6 0f84 | 8004 0000 

  0x000001259893a5a0: ;   {metadata(method data for {method} {0x00000125ad3ed078} 'tryRelease' '(I)Z' in 'java/util/concurrent/ThreadPoolExecutor$Worker')}
  0x000001259893a5a0: 498b d048 | be68 e5be | ae25 0100 | 008b 5208 | 41ba 0000 | 001d 4903 | d248 3b96 | e000 0000 
  0x000001259893a5c0: 750d 4883 | 86e8 0000 | 0001 e960 | 0000 0048 | 3b96 f000 | 0000 750d | 4883 86f8 | 0000 0001 
  0x000001259893a5e0: e94a 0000 | 0048 83be | e000 0000 | 0075 1748 | 8996 e000 | 0000 48c7 | 86e8 0000 | 0001 0000 
  0x000001259893a600: 00e9 2900 | 0000 4883 | bef0 0000 | 0000 7517 | 4889 96f0 | 0000 0048 | c786 f800 | 0000 0100 
  0x000001259893a620: 0000 e908 | 0000 0048 | 8386 d800 | 0000 0141 | 0fbe 5748 | 85d2 0f85 | 0504 0000 | 41c7 400c 
  0x000001259893a640: 0000 0000 

  0x000001259893a644: ;   {metadata(method data for {method} {0x00000125ad3ed078} 'tryRelease' '(I)Z' in 'java/util/concurrent/ThreadPoolExecutor$Worker')}
  0x000001259893a644: 498b d048 | be68 e5be | ae25 0100 | 008b 5208 | 41ba 0000 | 001d 4903 | d248 3b96 | 1001 0000 
  0x000001259893a664: 750d 4883 | 8618 0100 | 0001 e960 | 0000 0048 | 3b96 2001 | 0000 750d | 4883 8628 | 0100 0001 
  0x000001259893a684: e94a 0000 | 0048 83be | 1001 0000 | 0075 1748 | 8996 1001 | 0000 48c7 | 8618 0100 | 0001 0000 
  0x000001259893a6a4: 00e9 2900 | 0000 4883 | be20 0100 | 0000 7517 | 4889 9620 | 0100 0048 | c786 2801 | 0000 0100 
  0x000001259893a6c4: 0000 e908 | 0000 0048 | 8386 0801 | 0000 01ba | 0000 0000 | 4189 5018 | f083 4424 

  0x000001259893a6e0: ;   {metadata(method data for {method} {0x000000001d2d24b8} 'release' '(I)Z' in 'java/util/concurrent/locks/AbstractQueuedSynchronizer')}
  0x000001259893a6e0: c000 48ba | 08bf 22ad | 2501 0000 | ff82 1801 | 0000 4889 | 8424 d800 | 0000 418b 

  0x000001259893a6fc: ;   {metadata(method data for {method} {0x000000001d2d24b8} 'release' '(I)Z' in 'java/util/concurrent/locks/AbstractQueuedSynchronizer')}
  0x000001259893a6fc: 5010 48be | 08bf 22ad | 2501 0000 | 4883 8628 | 0100 0001 | 0f1f 8000 

  0x000001259893a714: ;   {static_call}
  0x000001259893a714: 0000 00e8 

  0x000001259893a718: ; ImmutableOopMap {[152]=Oop [160]=Oop [216]=Oop }
                      ;*invokestatic signalNext {reexecute=0 rethrow=0 return_oop=0}
                      ; - java.util.concurrent.locks.AbstractQueuedSynchronizer::release@12 (line 1100)
                      ; - java.util.concurrent.ThreadPoolExecutor$Worker::unlock@2 (line 642)
                      ; - java.util.concurrent.ThreadPoolExecutor::runWorker@152 (line 1099)
  0x000001259893a718: c44c 9406 

  0x000001259893a71c: ;   {post_call_nop}
  0x000001259893a71c: 0f1f 8400 | 9417 000d | 488b 8424 

  0x000001259893a728: ; ImmutableOopMap {rax=Oop [152]=Oop [160]=Oop }
                      ;*athrow {reexecute=1 rethrow=0 return_oop=0}
                      ; - (reexecute) java.util.concurrent.ThreadPoolExecutor::runWorker@157 (line 1100)
  0x000001259893a728: d800 0000 

  0x000001259893a72c: ;   {section_word}
  0x000001259893a72c: 48ba 2ca7 | 9398 2501 

  0x000001259893a734: ;   {runtime_call C1 Runtime handle_exception_blob}
  0x000001259893a734: 0000 e8a5 | f5a0 0690 | 498b 8788 | 0500 004d | 33d2 4d89 | 9788 0500 | 004d 33d2 | 4d89 9790 
  0x000001259893a754: 0500 0048 | 8984 24e0 | 0000 004c | 8b84 24a0 | 0000 0048 | 8b94 2498 | 0000 004c 

  0x000001259893a770: ;   {metadata(method data for {method} {0x00000125ad27cf90} 'runWorker' '(Ljava/util/concurrent/ThreadPoolExecutor$Worker;)V' in 'java/util/concurrent/ThreadPoolExecutor')}
  0x000001259893a770: 8bca 48be | 8886 5cb0 | 2501 0000 | 4883 86d8 | 0400 0001 | 41b9 0100 | 0000 0f1f 

  0x000001259893a78c: ;   {optimized virtual_call}
  0x000001259893a78c: 4400 00e8 

  0x000001259893a790: ; ImmutableOopMap {[224]=Oop }
                      ;*invokevirtual processWorkerExit {reexecute=0 rethrow=0 return_oop=0}
                      ; - java.util.concurrent.ThreadPoolExecutor::runWorker@180 (line 1104)
  0x000001259893a790: 4c46 9406 

  0x000001259893a794: ;   {post_call_nop}
  0x000001259893a794: 0f1f 8400 | 0c18 000f | 488b 8424 | e000 0000 | e9eb 0200 

  0x000001259893a7a8: ;   {metadata({method} {0x00000125ad27cf90} 'runWorker' '(Ljava/util/concurrent/ThreadPoolExecutor$Worker;)V' in 'java/util/concurrent/ThreadPoolExecutor')}
  0x000001259893a7a8: 0049 ba88 | cf27 ad25 | 0100 004c | 8954 2408 | 48c7 0424 | ffff ffff 

  0x000001259893a7c0: ;   {runtime_call C1 Runtime counter_overflow_blob}
  0x000001259893a7c0: e89b 38a1 

  0x000001259893a7c4: ; ImmutableOopMap {rdx=Oop r8=Oop [152]=Oop [160]=Oop }
                      ;*synchronization entry
                      ; - java.util.concurrent.ThreadPoolExecutor::runWorker@-1 (line 1070)
  0x000001259893a7c4: 06e9 2ce9 

  0x000001259893a7c8: ;   {runtime_call C1 Runtime throw_null_pointer_exception_blob}
  0x000001259893a7c8: ffff e811 

  0x000001259893a7cc: ; ImmutableOopMap {rdx=Oop r8=Oop rsi=Oop [152]=Oop [160]=Oop [168]=Oop }
                      ;*getfield firstTask {reexecute=1 rethrow=0 return_oop=0}
                      ; - (reexecute) java.util.concurrent.ThreadPoolExecutor::runWorker@5 (line 1071)
  0x000001259893a7cc: daa0 0641 | 8b58 2848 | 83fb 000f | 844e e9ff | ff48 891c 

  0x000001259893a7e0: ;   {runtime_call g1_pre_barrier_slow}
  0x000001259893a7e0: 24e8 fa41 | a106 e940 

  0x000001259893a7e8: ;   {metadata({method} {0x00000125ad3ed288} 'unlock' '()V' in 'java/util/concurrent/ThreadPoolExecutor$Worker')}
  0x000001259893a7e8: e9ff ff49 | ba80 d23e | ad25 0100 | 004c 8954 | 2408 48c7 | 0424 ffff 

  0x000001259893a800: ;   {runtime_call C1 Runtime counter_overflow_blob}
  0x000001259893a800: ffff e859 

  0x000001259893a804: ; ImmutableOopMap {rdx=Oop r8=Oop rsi=Oop rdi=Oop [152]=Oop [160]=Oop [168]=Oop }
                      ;*synchronization entry
                      ; - java.util.concurrent.ThreadPoolExecutor$Worker::unlock@-1 (line 642)
                      ; - java.util.concurrent.ThreadPoolExecutor::runWorker@15 (line 1073)
  0x000001259893a804: 38a1 06e9 | dce9 ffff 

  0x000001259893a80c: ;   {metadata({method} {0x000000001d2d24b8} 'release' '(I)Z' in 'java/util/concurrent/locks/AbstractQueuedSynchronizer')}
  0x000001259893a80c: 49ba b024 | 2d1d 0000 | 0000 4c89 | 5424 0848 | c704 24ff 

  0x000001259893a820: ;   {runtime_call C1 Runtime counter_overflow_blob}
  0x000001259893a820: ffff ffe8 

  0x000001259893a824: ; ImmutableOopMap {rdx=Oop r8=Oop rsi=Oop rdi=Oop [152]=Oop [160]=Oop [168]=Oop }
                      ;*synchronization entry
                      ; - java.util.concurrent.locks.AbstractQueuedSynchronizer::release@-1 (line 1099)
                      ; - java.util.concurrent.ThreadPoolExecutor$Worker::unlock@2 (line 642)
                      ; - java.util.concurrent.ThreadPoolExecutor::runWorker@15 (line 1073)
  0x000001259893a824: 3838 a106 | e970 eaff 

  0x000001259893a82c: ;   {metadata({method} {0x00000125ad3ed078} 'tryRelease' '(I)Z' in 'java/util/concurrent/ThreadPoolExecutor$Worker')}
  0x000001259893a82c: ff49 ba70 | d03e ad25 | 0100 004c | 8954 2408 | 48c7 0424 | ffff ffff 

  0x000001259893a844: ;   {runtime_call C1 Runtime counter_overflow_blob}
  0x000001259893a844: e817 38a1 

  0x000001259893a848: ; ImmutableOopMap {rdx=Oop r8=Oop rsi=Oop rdi=Oop [152]=Oop [160]=Oop [168]=Oop }
                      ;*synchronization entry
                      ; - java.util.concurrent.ThreadPoolExecutor$Worker::tryRelease@-1 (line 635)
                      ; - java.util.concurrent.locks.AbstractQueuedSynchronizer::release@2 (line 1099)
                      ; - java.util.concurrent.ThreadPoolExecutor$Worker::unlock@2 (line 642)
                      ; - java.util.concurrent.ThreadPoolExecutor::runWorker@15 (line 1073)
  0x000001259893a848: 06e9 8aea | ffff 418b | 580c 4883 | fb00 0f84 | 18eb ffff | 4889 1c24 

  0x000001259893a860: ;   {runtime_call g1_pre_barrier_slow}
  0x000001259893a860: e87b 41a1 | 06e9 0aeb 

  0x000001259893a868: ;   {metadata({method} {0x00000125ad3ed128} 'lock' '()V' in 'java/util/concurrent/ThreadPoolExecutor$Worker')}
  0x000001259893a868: ffff 49ba | 20d1 3ead | 2501 0000 | 4c89 5424 | 0848 c704 | 24ff ffff 

  0x000001259893a880: ;   {runtime_call C1 Runtime counter_overflow_blob}
  0x000001259893a880: ffe8 da37 

  0x000001259893a884: ; ImmutableOopMap {[152]=Oop [160]=Oop [168]=Oop [176]=Oop }
                      ;*synchronization entry
                      ; - java.util.concurrent.ThreadPoolExecutor$Worker::lock@-1 (line 640)
                      ; - java.util.concurrent.ThreadPoolExecutor::runWorker@35 (line 1077)
  0x000001259893a884: a106 e92d 

  0x000001259893a888: ;   {runtime_call C1 Runtime throw_null_pointer_exception_blob}
  0x000001259893a888: edff ffe8 

  0x000001259893a88c: ; ImmutableOopMap {rdx=Oop rsi=Oop [152]=Oop [160]=Oop [168]=Oop [176]=Oop }
                      ;*invokevirtual get {reexecute=0 rethrow=0 return_oop=0}
                      ; - java.util.concurrent.ThreadPoolExecutor::runWorker@42 (line 1082)
  0x000001259893a88c: 50d9 a006 

  0x000001259893a890: ;   {metadata({method} {0x00000125ad27b9b8} 'runStateAtLeast' '(II)Z' in 'java/util/concurrent/ThreadPoolExecutor')}
  0x000001259893a890: 49ba b0b9 | 27ad 2501 | 0000 4c89 | 5424 0848 | c704 24ff 

  0x000001259893a8a4: ;   {runtime_call C1 Runtime counter_overflow_blob}
  0x000001259893a8a4: ffff ffe8 

  0x000001259893a8a8: ; ImmutableOopMap {rdx=Oop [152]=Oop [160]=Oop [168]=Oop [176]=Oop }
                      ;*synchronization entry
                      ; - java.util.concurrent.ThreadPoolExecutor::runStateAtLeast@-1 (line 408)
                      ; - java.util.concurrent.ThreadPoolExecutor::runWorker@47 (line 1082)
  0x000001259893a8a8: b437 a106 | e994 eeff 

  0x000001259893a8b0: ;   {metadata({method} {0x000000001d4a3658} 'interrupted' '()Z' in 'java/lang/Thread')}
  0x000001259893a8b0: ff49 ba50 | 364a 1d00 | 0000 004c | 8954 2408 | 48c7 0424 | ffff ffff 

  0x000001259893a8c8: ;   {runtime_call C1 Runtime counter_overflow_blob}
  0x000001259893a8c8: e893 37a1 

  0x000001259893a8cc: ; ImmutableOopMap {rdx=Oop [152]=Oop [160]=Oop [168]=Oop [176]=Oop }
                      ;*synchronization entry
                      ; - java.lang.Thread::interrupted@-1 (line 1625)
                      ; - java.util.concurrent.ThreadPoolExecutor::runWorker@53 (line 1083)
  0x000001259893a8cc: 06e9 26ef 

  0x000001259893a8d0: ;   {runtime_call C1 Runtime throw_null_pointer_exception_blob}
  0x000001259893a8d0: ffff e809 

  0x000001259893a8d4: ; ImmutableOopMap {rdx=Oop rsi=Oop [152]=Oop [160]=Oop [168]=Oop [176]=Oop }
                      ;*invokevirtual getAndClearInterrupt {reexecute=0 rethrow=0 return_oop=0}
                      ; - java.lang.Thread::interrupted@3 (line 1625)
                      ; - java.util.concurrent.ThreadPoolExecutor::runWorker@53 (line 1083)
                      ;   {metadata({method} {0x000000001d191170} 'getAndClearInterrupt' '()Z' in 'java/lang/Thread')}
  0x000001259893a8d4: d9a0 0649 | ba68 1119 | 1d00 0000 | 004c 8954 | 2408 48c7 | 0424 ffff 

  0x000001259893a8ec: ;   {runtime_call C1 Runtime counter_overflow_blob}
  0x000001259893a8ec: ffff e86d 

  0x000001259893a8f0: ; ImmutableOopMap {rdx=Oop rsi=Oop [152]=Oop [160]=Oop [168]=Oop [176]=Oop }
                      ;*synchronization entry
                      ; - java.lang.Thread::getAndClearInterrupt@-1 (line 1657)
                      ; - java.lang.Thread::interrupted@3 (line 1625)
                      ; - java.util.concurrent.ThreadPoolExecutor::runWorker@53 (line 1083)
  0x000001259893a8f0: 37a1 06e9 | d5ef ffff 

  0x000001259893a8f8: ;   {runtime_call C1 Runtime throw_null_pointer_exception_blob}
  0x000001259893a8f8: e8e3 d8a0 

  0x000001259893a8fc: ; ImmutableOopMap {rdx=Oop rsi=Oop [152]=Oop [160]=Oop [168]=Oop [176]=Oop }
                      ;*invokevirtual get {reexecute=0 rethrow=0 return_oop=0}
                      ; - java.util.concurrent.ThreadPoolExecutor::runWorker@63 (line 1084)
                      ;   {metadata({method} {0x00000125ad27b9b8} 'runStateAtLeast' '(II)Z' in 'java/util/concurrent/ThreadPoolExecutor')}
  0x000001259893a8fc: 0649 bab0 | b927 ad25 | 0100 004c | 8954 2408 | 48c7 0424 | ffff ffff 

  0x000001259893a914: ;   {runtime_call C1 Runtime counter_overflow_blob}
  0x000001259893a914: e847 37a1 

  0x000001259893a918: ; ImmutableOopMap {rdx=Oop [152]=Oop [160]=Oop [168]=Oop [176]=Oop }
                      ;*synchronization entry
                      ; - java.util.concurrent.ThreadPoolExecutor::runStateAtLeast@-1 (line 408)
                      ; - java.util.concurrent.ThreadPoolExecutor::runWorker@68 (line 1084)
  0x000001259893a918: 06e9 26f1 

  0x000001259893a91c: ;   {runtime_call C1 Runtime throw_null_pointer_exception_blob}
  0x000001259893a91c: ffff e8bd 

  0x000001259893a920: ; ImmutableOopMap {rdx=Oop rsi=Oop [152]=Oop [160]=Oop [168]=Oop [176]=Oop }
                      ;*invokevirtual isInterrupted {reexecute=0 rethrow=0 return_oop=0}
                      ; - java.util.concurrent.ThreadPoolExecutor::runWorker@75 (line 1085)
                      ;   {runtime_call C1 Runtime throw_null_pointer_exception_blob}
  0x000001259893a920: d8a0 06e8 

  0x000001259893a924: ; ImmutableOopMap {rdi=Oop [152]=Oop [160]=Oop [168]=Oop }
                      ;*invokeinterface run {reexecute=0 rethrow=0 return_oop=0}
                      ; - java.util.concurrent.ThreadPoolExecutor::runWorker@92 (line 1090)
  0x000001259893a924: b8d8 a006 

  0x000001259893a928: ;   {metadata({method} {0x00000125ad3ed288} 'unlock' '()V' in 'java/util/concurrent/ThreadPoolExecutor$Worker')}
  0x000001259893a928: 49ba 80d2 | 3ead 2501 | 0000 4c89 | 5424 0848 | c704 24ff 

  0x000001259893a93c: ;   {runtime_call C1 Runtime counter_overflow_blob}
  0x000001259893a93c: ffff ffe8 

  0x000001259893a940: ; ImmutableOopMap {r8=Oop [152]=Oop [160]=Oop [168]=Oop }
                      ;*synchronization entry
                      ; - java.util.concurrent.ThreadPoolExecutor$Worker::unlock@-1 (line 642)
                      ; - java.util.concurrent.ThreadPoolExecutor::runWorker@131 (line 1099)
  0x000001259893a940: 1c37 a106 | e932 f6ff 

  0x000001259893a948: ;   {metadata({method} {0x000000001d2d24b8} 'release' '(I)Z' in 'java/util/concurrent/locks/AbstractQueuedSynchronizer')}
  0x000001259893a948: ff49 bab0 | 242d 1d00 | 0000 004c | 8954 2408 | 48c7 0424 | ffff ffff 

  0x000001259893a960: ;   {runtime_call C1 Runtime counter_overflow_blob}
  0x000001259893a960: e8fb 36a1 

  0x000001259893a964: ; ImmutableOopMap {r8=Oop [152]=Oop [160]=Oop [168]=Oop }
                      ;*synchronization entry
                      ; - java.util.concurrent.locks.AbstractQueuedSynchronizer::release@-1 (line 1099)
                      ; - java.util.concurrent.ThreadPoolExecutor$Worker::unlock@2 (line 642)
                      ; - java.util.concurrent.ThreadPoolExecutor::runWorker@131 (line 1099)
  0x000001259893a964: 06e9 c7f6 

  0x000001259893a968: ;   {metadata({method} {0x00000125ad3ed078} 'tryRelease' '(I)Z' in 'java/util/concurrent/ThreadPoolExecutor$Worker')}
  0x000001259893a968: ffff 49ba | 70d0 3ead | 2501 0000 | 4c89 5424 | 0848 c704 | 24ff ffff 

  0x000001259893a980: ;   {runtime_call C1 Runtime counter_overflow_blob}
  0x000001259893a980: ffe8 da36 

  0x000001259893a984: ; ImmutableOopMap {r8=Oop [152]=Oop [160]=Oop [168]=Oop }
                      ;*synchronization entry
                      ; - java.util.concurrent.ThreadPoolExecutor$Worker::tryRelease@-1 (line 635)
                      ; - java.util.concurrent.locks.AbstractQueuedSynchronizer::release@2 (line 1099)
                      ; - java.util.concurrent.ThreadPoolExecutor$Worker::unlock@2 (line 642)
                      ; - java.util.concurrent.ThreadPoolExecutor::runWorker@131 (line 1099)
  0x000001259893a984: a106 e9e2 | f6ff ff41 | 8b50 0c48 | 83fa 000f | 8470 f7ff | ff48 8914 

  0x000001259893a99c: ;   {runtime_call g1_pre_barrier_slow}
  0x000001259893a99c: 24e8 3e40 | a106 e962 

  0x000001259893a9a4: ;   {metadata({method} {0x00000125ad27cf90} 'runWorker' '(Ljava/util/concurrent/ThreadPoolExecutor$Worker;)V' in 'java/util/concurrent/ThreadPoolExecutor')}
  0x000001259893a9a4: f7ff ff49 | ba88 cf27 | ad25 0100 | 004c 8954 | 2408 48c7 | 0424 9e00 

  0x000001259893a9bc: ;   {runtime_call C1 Runtime counter_overflow_blob}
  0x000001259893a9bc: 0000 e89d 

  0x000001259893a9c0: ; ImmutableOopMap {[152]=Oop [160]=Oop [168]=Oop }
                      ;*goto {reexecute=1 rethrow=0 return_oop=0}
                      ; - (reexecute) java.util.concurrent.ThreadPoolExecutor::runWorker@158 (line 1100)
  0x000001259893a9c0: 36a1 06e9 | 59f8 ffff 

  0x000001259893a9c8: ;   {internal_word}
  0x000001259893a9c8: 49ba a4a2 | 9398 2501 | 0000 4d89 | 97e0 0400 

  0x000001259893a9d8: ;   {runtime_call SafepointBlob}
  0x000001259893a9d8: 00e9 8265 

  0x000001259893a9dc: ;   {metadata({method} {0x00000125ad3ed288} 'unlock' '()V' in 'java/util/concurrent/ThreadPoolExecutor$Worker')}
  0x000001259893a9dc: 9406 49ba | 80d2 3ead | 2501 0000 | 4c89 5424 | 0848 c704 | 24ff ffff 

  0x000001259893a9f4: ;   {runtime_call C1 Runtime counter_overflow_blob}
  0x000001259893a9f4: ffe8 6636 

  0x000001259893a9f8: ; ImmutableOopMap {rax=Oop r8=Oop [152]=Oop [160]=Oop }
                      ;*synchronization entry
                      ; - java.util.concurrent.ThreadPoolExecutor$Worker::unlock@-1 (line 642)
                      ; - java.util.concurrent.ThreadPoolExecutor::runWorker@152 (line 1099)
  0x000001259893a9f8: a106 e9af 

  0x000001259893a9fc: ;   {metadata({method} {0x000000001d2d24b8} 'release' '(I)Z' in 'java/util/concurrent/locks/AbstractQueuedSynchronizer')}
  0x000001259893a9fc: faff ff49 | bab0 242d | 1d00 0000 | 004c 8954 | 2408 48c7 | 0424 ffff 

  0x000001259893aa14: ;   {runtime_call C1 Runtime counter_overflow_blob}
  0x000001259893aa14: ffff e845 

  0x000001259893aa18: ; ImmutableOopMap {rax=Oop r8=Oop [152]=Oop [160]=Oop }
                      ;*synchronization entry
                      ; - java.util.concurrent.locks.AbstractQueuedSynchronizer::release@-1 (line 1099)
                      ; - java.util.concurrent.ThreadPoolExecutor$Worker::unlock@2 (line 642)
                      ; - java.util.concurrent.ThreadPoolExecutor::runWorker@152 (line 1099)
  0x000001259893aa18: 36a1 06e9 | 44fb ffff 

  0x000001259893aa20: ;   {metadata({method} {0x00000125ad3ed078} 'tryRelease' '(I)Z' in 'java/util/concurrent/ThreadPoolExecutor$Worker')}
  0x000001259893aa20: 49ba 70d0 | 3ead 2501 | 0000 4c89 | 5424 0848 | c704 24ff 

  0x000001259893aa34: ;   {runtime_call C1 Runtime counter_overflow_blob}
  0x000001259893aa34: ffff ffe8 

  0x000001259893aa38: ; ImmutableOopMap {rax=Oop r8=Oop [152]=Oop [160]=Oop }
                      ;*synchronization entry
                      ; - java.util.concurrent.ThreadPoolExecutor$Worker::tryRelease@-1 (line 635)
                      ; - java.util.concurrent.locks.AbstractQueuedSynchronizer::release@2 (line 1099)
                      ; - java.util.concurrent.ThreadPoolExecutor$Worker::unlock@2 (line 642)
                      ; - java.util.concurrent.ThreadPoolExecutor::runWorker@152 (line 1099)
  0x000001259893aa38: 2436 a106 | e95f fbff | ff41 8b50 | 0c48 83fa | 000f 84ed | fbff ff48 

  0x000001259893aa50: ;   {runtime_call g1_pre_barrier_slow}
  0x000001259893aa50: 8914 24e8 | 883f a106 | e9df fbff | ff48 8bbc | 24b0 0000 | 00e9 45f8 | ffff 488b | bc24 b000 
  0x000001259893aa70: 0000 e938 | f8ff ff49 | 8b87 8805 | 0000 49c7 | 8788 0500 | 0000 0000 | 0049 c787 | 9005 0000 
  0x000001259893aa90: 0000 0000 | 4881 c4f0 | 0000 005d 

  0x000001259893aa9c: ;   {runtime_call C1 Runtime unwind_exception_blob}
  0x000001259893aa9c: e9bf c0a0 | 06f4 f4f4 | f4f4 f4f4 
[Stub Code]
  0x000001259893aaa8: ;   {other}
  0x000001259893aaa8: 0f1f 4400 

  0x000001259893aaac: ;   {static_stub}
  0x000001259893aaac: 0048 bb00 | 0000 0000 

  0x000001259893aab4: ;   {runtime_call nmethod}
  0x000001259893aab4: 0000 00e9 | fbff ffff 

  0x000001259893aabc: ;   {static_stub}
  0x000001259893aabc: 9048 bb00 | 0000 0000 

  0x000001259893aac4: ;   {runtime_call nmethod}
  0x000001259893aac4: 0000 00e9 | fbff ffff 

  0x000001259893aacc: ;   {static_stub}
  0x000001259893aacc: 9048 bb00 | 0000 0000 

  0x000001259893aad4: ;   {runtime_call nmethod}
  0x000001259893aad4: 0000 00e9 | fbff ffff 

  0x000001259893aadc: ;   {static_stub}
  0x000001259893aadc: 9048 bb00 | 0000 0000 

  0x000001259893aae4: ;   {runtime_call nmethod}
  0x000001259893aae4: 0000 00e9 | fbff ffff 

  0x000001259893aaec: ;   {static_stub}
  0x000001259893aaec: 9048 bb00 | 0000 0000 

  0x000001259893aaf4: ;   {runtime_call nmethod}
  0x000001259893aaf4: 0000 00e9 | fbff ffff 

  0x000001259893aafc: ;   {static_stub}
  0x000001259893aafc: 48bb 0000 | 0000 0000 

  0x000001259893ab04: ;   {runtime_call nmethod}
  0x000001259893ab04: 0000 e9fb 

  0x000001259893ab08: ;   {static_stub}
  0x000001259893ab08: ffff ff48 | bb00 0000 | 0000 0000 

  0x000001259893ab14: ;   {runtime_call nmethod}
  0x000001259893ab14: 00e9 fbff 

  0x000001259893ab18: ;   {static_stub}
  0x000001259893ab18: ffff 48bb | 0000 0000 | 0000 0000 

  0x000001259893ab24: ;   {runtime_call nmethod}
  0x000001259893ab24: e9fb ffff 

  0x000001259893ab28: ;   {static_stub}
  0x000001259893ab28: ff48 bb00 | 0000 0000 

  0x000001259893ab30: ;   {runtime_call nmethod}
  0x000001259893ab30: 0000 00e9 | fbff ffff 

  0x000001259893ab38: ;   {static_stub}
  0x000001259893ab38: 48bb 0000 | 0000 0000 

  0x000001259893ab40: ;   {runtime_call nmethod}
  0x000001259893ab40: 0000 e9fb 

  0x000001259893ab44: ;   {runtime_call C1 Runtime handle_exception_from_callee_blob}
  0x000001259893ab44: ffff ffe8 | 94f4 a006 

  0x000001259893ab4c: ;   {external_word}
  0x000001259893ab4c: 48b9 6818 | 2939 ff7f | 0000 4883 

  0x000001259893ab58: ;   {runtime_call}
  0x000001259893ab58: e4f0 48b8 | c09c ec38 | ff7f 0000 

  0x000001259893ab64: ;   {section_word}
  0x000001259893ab64: ffd0 f449 | ba67 ab93 | 9825 0100 

  0x000001259893ab70: ;   {runtime_call DeoptimizationBlob}
  0x000001259893ab70: 0041 52e9 | e866 9406 
[/MachCode]


Compiled method (c1) 309602 7880       3       java.util.concurrent.ThreadPoolExecutor$Worker::run (9 bytes)
 total in heap  [0x000001259886b008,0x000001259886b2c8] = 704
 main code      [0x000001259886b100,0x000001259886b288] = 392
 stub code      [0x000001259886b288,0x000001259886b2c8] = 64
 mutable data [0x00000125b4272ff0,0x00000125b4273038] = 72
 relocation     [0x00000125b4272ff0,0x00000125b4273030] = 64
 metadata       [0x00000125b4273030,0x00000125b4273038] = 8
 immutable data [0x00000125b1d5f730,0x00000125b1d5f7b0] = 128
 dependencies   [0x00000125b1d5f730,0x00000125b1d5f738] = 8
 nul chk table  [0x00000125b1d5f738,0x00000125b1d5f748] = 16
 scopes pcs     [0x00000125b1d5f748,0x00000125b1d5f798] = 80
 scopes data    [0x00000125b1d5f798,0x00000125b1d5f7b0] = 24

[Constant Pool (empty)]

[MachCode]
[Instructions begin]
  0x000001259886b100: 660f 1f84 | 0000 0000 | 0066 0f1f | 8400 0000 | 0000 448b | 5208 443b 

  0x000001259886b118: ;   {runtime_call Shared Runtime ic_miss_blob}
  0x000001259886b118: 5008 0f85 | c039 a106 
[Verified Entry Point]
  0x000001259886b120: 8984 2400 | 80ff ff55 | 4883 ec20 | 4181 7f20 | 1d00 0000 

  0x000001259886b134: ;   {runtime_call Stub::method_entry_barrier}
  0x000001259886b134: 7405 e8c5 

  0x000001259886b138: ;   {metadata(method data for {method} {0x00000125ad3ece20} 'run' '()V' in 'java/util/concurrent/ThreadPoolExecutor$Worker')}
  0x000001259886b138: 909f 0649 | b840 855c | b025 0100 | 0041 8bb0 | 9000 0000 | 83c6 0241 | 89b0 9000 | 0000 81e6 
  0x000001259886b158: fe07 0000 | 85f6 0f84 | c000 0000 | 8b72 2c48 | 3b06 4c8b 

  0x000001259886b16c: ;   {metadata(method data for {method} {0x00000125ad3ece20} 'run' '()V' in 'java/util/concurrent/ThreadPoolExecutor$Worker')}
  0x000001259886b16c: c648 bf40 | 855c b025 | 0100 0045 | 8b40 0841 | ba00 0000 | 1d4d 03c2 | 4c3b 87e0 | 0000 0075 
  0x000001259886b18c: 0d48 8387 | e800 0000 | 01e9 6000 | 0000 4c3b | 87f0 0000 | 0075 0d48 | 8387 f800 | 0000 01e9 
  0x000001259886b1ac: 4a00 0000 | 4883 bfe0 | 0000 0000 | 7517 4c89 | 87e0 0000 | 0048 c787 | e800 0000 | 0100 0000 
  0x000001259886b1cc: e929 0000 | 0048 83bf | f000 0000 | 0075 174c | 8987 f000 | 0000 48c7 | 87f8 0000 | 0001 0000 
  0x000001259886b1ec: 00e9 0800 | 0000 4883 | 87d8 0000 | 0001 4c8b | c248 8bd6 | 0f1f 8000 

  0x000001259886b204: ;   {optimized virtual_call}
  0x000001259886b204: 0000 00e8 

  0x000001259886b208: ; ImmutableOopMap {}
                      ;*invokevirtual runWorker {reexecute=0 rethrow=0 return_oop=0}
                      ; - java.util.concurrent.ThreadPoolExecutor$Worker::run@5 (line 614)
  0x000001259886b208: 94de 0c00 

  0x000001259886b20c: ;   {post_call_nop}
  0x000001259886b20c: 0f1f 8400 | 0402 0000 | 4883 c420 

  0x000001259886b218: ;   {poll_return}
  0x000001259886b218: 5d49 3b67 | 280f 8727 | 0000 00c3 

  0x000001259886b224: ;   {metadata({method} {0x00000125ad3ece20} 'run' '()V' in 'java/util/concurrent/ThreadPoolExecutor$Worker')}
  0x000001259886b224: 49ba 18ce | 3ead 2501 | 0000 4c89 | 5424 0848 | c704 24ff 

  0x000001259886b238: ;   {runtime_call C1 Runtime counter_overflow_blob}
  0x000001259886b238: ffff ffe8 

  0x000001259886b23c: ; ImmutableOopMap {rdx=Oop }
                      ;*synchronization entry
                      ; - java.util.concurrent.ThreadPoolExecutor$Worker::run@-1 (line 614)
  0x000001259886b23c: 202e ae06 | e91f ffff 

  0x000001259886b244: ;   {runtime_call C1 Runtime throw_null_pointer_exception_blob}
  0x000001259886b244: ffe8 96cf 

  0x000001259886b248: ; ImmutableOopMap {rdx=Oop rsi=Oop }
                      ;*invokevirtual runWorker {reexecute=0 rethrow=0 return_oop=0}
                      ; - java.util.concurrent.ThreadPoolExecutor$Worker::run@5 (line 614)
                      ;   {internal_word}
  0x000001259886b248: ad06 49ba | 19b2 8698 | 2501 0000 | 4d89 97e0 

  0x000001259886b258: ;   {runtime_call SafepointBlob}
  0x000001259886b258: 0400 00e9 | 005d a106 | 498b 8788 | 0500 0049 | c787 8805 | 0000 0000 | 0000 49c7 | 8790 0500 
  0x000001259886b278: 0000 0000 | 0048 83c4 

  0x000001259886b280: ;   {runtime_call C1 Runtime unwind_exception_blob}
  0x000001259886b280: 205d e9d9 | b8ad 06f4 
[Stub Code]
  0x000001259886b288: ;   {static_stub}
  0x000001259886b288: 48bb 88cf | 27ad 2501 

  0x000001259886b290: ;   {runtime_call I2C/C2I adapters}
  0x000001259886b290: 0000 e99f 

  0x000001259886b294: ;   {runtime_call C1 Runtime handle_exception_from_callee_blob}
  0x000001259886b294: a9a1 06e8 | 44ed ad06 

  0x000001259886b29c: ;   {external_word}
  0x000001259886b29c: 48b9 6818 | 2939 ff7f | 0000 4883 

  0x000001259886b2a8: ;   {runtime_call}
  0x000001259886b2a8: e4f0 48b8 | c09c ec38 | ff7f 0000 

  0x000001259886b2b4: ;   {section_word}
  0x000001259886b2b4: ffd0 f449 | bab7 b286 | 9825 0100 

  0x000001259886b2c0: ;   {runtime_call DeoptimizationBlob}
  0x000001259886b2c0: 0041 52e9 | 985f a106 
[/MachCode]


Compiled method (c1) 309618 7814       3       java.lang.Thread::run (23 bytes)
 total in heap  [0x0000012598129408,0x00000125981298f8] = 1264
 main code      [0x0000012598129500,0x00000125981298a0] = 928
 stub code      [0x00000125981298a0,0x00000125981298f8] = 88
 mutable data [0x00000125bf303570,0x00000125bf303608] = 152
 relocation     [0x00000125bf303570,0x00000125bf3035e0] = 112
 metadata       [0x00000125bf3035e0,0x00000125bf303608] = 40
 immutable data [0x00000125b4a3e110,0x00000125b4a3e270] = 352
 dependencies   [0x00000125b4a3e110,0x00000125b4a3e120] = 16
 nul chk table  [0x00000125b4a3e120,0x00000125b4a3e140] = 32
 scopes pcs     [0x00000125b4a3e140,0x00000125b4a3e1f0] = 176
 scopes data    [0x00000125b4a3e1f0,0x00000125b4a3e270] = 128

[Constant Pool (empty)]

[MachCode]
[Instructions begin]
  0x0000012598129500: 660f 1f84 | 0000 0000 | 0066 0f1f | 8400 0000 | 0000 448b | 5208 443b 

  0x0000012598129518: ;   {runtime_call Shared Runtime ic_miss_blob}
  0x0000012598129518: 5008 0f85 | c055 1507 
[Verified Entry Point]
  0x0000012598129520: 8984 2400 | 80ff ff55 | 4883 ec50 | 4181 7f20 | 1d00 0000 

  0x0000012598129534: ;   {runtime_call Stub::method_entry_barrier}
  0x0000012598129534: 7405 e8c5 

  0x0000012598129538: ;   {metadata(method data for {method} {0x000000001d191000} 'run' '()V' in 'java/lang/Thread')}
  0x0000012598129538: ac13 0748 | bec8 125c | b025 0100 | 008b be90 | 0000 0083 | c702 89be | 9000 0000 | 81e7 fe07 
  0x0000012598129558: 0000 85ff | 0f84 6b02 | 0000 8b72 | 448b 7624 

  0x0000012598129568: ;   {metadata(method data for {method} {0x000000001d191000} 'run' '()V' in 'java/lang/Thread')}
  0x0000012598129568: 4885 f648 | bfc8 125c | b025 0100 | 00bb d800 | 0000 7405 | bbe8 0000 | 0048 8b04 | 1f48 8d40 
  0x0000012598129588: 0148 8904 | 1f0f 842a | 0200 0048 | 8974 2438 

  0x0000012598129598: ;   {metadata(method data for {method} {0x000000001d191000} 'run' '()V' in 'java/lang/Thread')}
  0x0000012598129598: 48bf c812 | 5cb0 2501 | 0000 4883 | 87f8 0000 

  0x00000125981295a8: ;   {metadata(method data for {method} {0x000000001d4a39f8} 'scopedValueBindings' '()Ljava/lang/Object;' in 'java/lang/Thread')}
  0x00000125981295a8: 0001 48bf | 4014 5cb0 | 2501 0000 | 8b9f 9000 | 0000 83c3 | 0289 9f90 | 0000 0081 | e3fe ff1f 
  0x00000125981295c8: 0085 db0f | 8422 0200 

  0x00000125981295d0: ;   {metadata(method data for {method} {0x000000001d4a39f8} 'scopedValueBindings' '()Ljava/lang/Object;' in 'java/lang/Thread')}
  0x00000125981295d0: 0048 bf40 | 145c b025 | 0100 0048 | 8387 d800 | 0000 0149 | 8bbf 1004 | 0000 488b | 3f8b 7f50 
  0x00000125981295f0: ;   {metadata(method data for {method} {0x000000001d191000} 'run' '()V' in 'java/lang/Thread')}
  0x00000125981295f0: 48bb c812 | 5cb0 2501 | 0000 8b52 | 0841 ba00 | 0000 1d49 | 03d2 483b | 9310 0100 | 0075 0d48 
  0x0000012598129610: 8383 1801 | 0000 01e9 | 6000 0000 | 483b 9320 | 0100 0075 | 0d48 8383 | 2801 0000 | 01e9 4a00 
  0x0000012598129630: 0000 4883 | bb10 0100 | 0000 7517 | 4889 9310 | 0100 0048 | c783 1801 | 0000 0100 | 0000 e929 
  0x0000012598129650: 0000 0048 | 83bb 2001 | 0000 0075 | 1748 8993 | 2001 0000 | 48c7 8328 | 0100 0001 | 0000 00e9 
  0x0000012598129670: 0800 0000 | 4883 8308 | 0100 0001 

  0x000001259812967c: ;   {metadata(method data for {method} {0x000000001d4a4168} 'runWith' '(Ljava/lang/Object;Ljava/lang/Runnable;)V' in 'java/lang/Thread')}
  0x000001259812967c: 48ba 6015 | 5cb0 2501 | 0000 8b9a | 9000 0000 | 83c3 0289 | 9a90 0000 | 0081 e3fe | ff1f 0085 
  0x000001259812969c: db0f 8476 

  0x00000125981296a0: ;   {metadata(method data for {method} {0x000000001d4a4168} 'runWith' '(Ljava/lang/Object;Ljava/lang/Runnable;)V' in 'java/lang/Thread')}
  0x00000125981296a0: 0100 0048 | ba60 155c | b025 0100 | 0048 8382 | d800 0000 | 0148 8bd7 | 4889 7c24 

  0x00000125981296bc: ;   {static_call}
  0x00000125981296bc: 4066 90e8 

  0x00000125981296c0: ; ImmutableOopMap {[56]=Oop [64]=Oop }
                      ;*invokestatic ensureMaterializedForStackWalk {reexecute=0 rethrow=0 return_oop=0}
                      ; - java.lang.Thread::runWith@1 (line 1486)
                      ; - java.lang.Thread::run@19 (line 1474)
  0x00000125981296c0: cca8 b707 

  0x00000125981296c4: ;   {post_call_nop}
  0x00000125981296c4: 0f1f 8400 | bc02 0000 | 488b 7424 | 3848 3b06 

  0x00000125981296d4: ;   {metadata(method data for {method} {0x000000001d4a4168} 'runWith' '(Ljava/lang/Object;Ljava/lang/Runnable;)V' in 'java/lang/Thread')}
  0x00000125981296d4: 488b d648 | bf60 155c | b025 0100 | 008b 5208 | 41ba 0000 | 001d 4903 | d248 3b97 | f000 0000 
  0x00000125981296f4: 750d 4883 | 87f8 0000 | 0001 e960 | 0000 0048 | 3b97 0001 | 0000 750d | 4883 8708 | 0100 0001 
  0x0000012598129714: e94a 0000 | 0048 83bf | f000 0000 | 0075 1748 | 8997 f000 | 0000 48c7 | 87f8 0000 | 0001 0000 
  0x0000012598129734: 00e9 2900 | 0000 4883 | bf00 0100 | 0000 7517 | 4889 9700 | 0100 0048 | c787 0801 | 0000 0100 
  0x0000012598129754: 0000 e908 | 0000 0048 | 8387 e800 | 0000 0148 | 8bd6 0f1f | 8000 0000 | 0048 b8f0 | 320c b525 
  0x0000012598129774: ;   {virtual_call}
  0x0000012598129774: 0100 00e8 

  0x0000012598129778: ; ImmutableOopMap {[64]=Oop }
                      ;*invokeinterface run {reexecute=0 rethrow=0 return_oop=0}
                      ; - java.lang.Thread::runWith@5 (line 1487)
                      ; - java.lang.Thread::run@19 (line 1474)
  0x0000012598129778: 7cac 3507 

  0x000001259812977c: ;   {post_call_nop}
  0x000001259812977c: 0f1f 8400 | 7403 0001 

  0x0000012598129784: ;   {metadata(method data for {method} {0x000000001d4a4168} 'runWith' '(Ljava/lang/Object;Ljava/lang/Runnable;)V' in 'java/lang/Thread')}
  0x0000012598129784: 48be 6015 | 5cb0 2501 | 0000 4883 | 8618 0100 

  0x0000012598129794: ;   {metadata(method data for {method} {0x000000001d1b7b60} 'reachabilityFence' '(Ljava/lang/Object;)V' in 'java/lang/ref/Reference')}
  0x0000012598129794: 0001 48be | 9807 07ad | 2501 0000 | 8bbe 9000 | 0000 83c7 | 0289 be90 | 0000 0081 | e7fe ff1f 
  0x00000125981297b4: 0085 ff0f | 8482 0000 | 0048 83c4 

  0x00000125981297c0: ;   {poll_return}
  0x00000125981297c0: 505d 493b | 6728 0f87 | 9400 0000 

  0x00000125981297cc: ;   {metadata({method} {0x000000001d191000} 'run' '()V' in 'java/lang/Thread')}
  0x00000125981297cc: c349 baf8 | 0f19 1d00 | 0000 004c | 8954 2408 | 48c7 0424 | ffff ffff 

  0x00000125981297e4: ;   {runtime_call C1 Runtime counter_overflow_blob}
  0x00000125981297e4: e877 4822 

  0x00000125981297e8: ; ImmutableOopMap {rdx=Oop }
                      ;*synchronization entry
                      ; - java.lang.Thread::run@-1 (line 1471)
  0x00000125981297e8: 07e9 74fd 

  0x00000125981297ec: ;   {runtime_call C1 Runtime throw_null_pointer_exception_blob}
  0x00000125981297ec: ffff e8ed 

  0x00000125981297f0: ; ImmutableOopMap {rdx=Oop }
                      ;*getfield task {reexecute=1 rethrow=0 return_oop=0}
                      ; - (reexecute) java.lang.Thread::run@4 (line 1471)
                      ;   {metadata({method} {0x000000001d4a39f8} 'scopedValueBindings' '()Ljava/lang/Object;' in 'java/lang/Thread')}
  0x00000125981297f0: e921 0749 | baf0 394a | 1d00 0000 | 004c 8954 | 2408 48c7 | 0424 ffff 

  0x0000012598129808: ;   {runtime_call C1 Runtime counter_overflow_blob}
  0x0000012598129808: ffff e851 

  0x000001259812980c: ; ImmutableOopMap {rdx=Oop [56]=Oop }
                      ;*synchronization entry
                      ; - java.lang.Thread::scopedValueBindings@-1 (line 311)
                      ; - java.lang.Thread::run@12 (line 1473)
  0x000001259812980c: 4822 07e9 | bdfd ffff 

  0x0000012598129814: ;   {runtime_call C1 Runtime throw_null_pointer_exception_blob}
  0x0000012598129814: e8c7 e921 

  0x0000012598129818: ; ImmutableOopMap {rdx=Oop [56]=Oop }
                      ;*getfield scopedValueBindings {reexecute=1 rethrow=0 return_oop=0}
                      ; - (reexecute) java.lang.Thread::scopedValueBindings@3 (line 311)
                      ; - java.lang.Thread::run@12 (line 1473)
                      ;   {metadata({method} {0x000000001d4a4168} 'runWith' '(Ljava/lang/Object;Ljava/lang/Runnable;)V' in 'java/lang/Thread')}
  0x0000012598129818: 0749 ba60 | 414a 1d00 | 0000 004c | 8954 2408 | 48c7 0424 | ffff ffff 

  0x0000012598129830: ;   {runtime_call C1 Runtime counter_overflow_blob}
  0x0000012598129830: e82b 4822 

  0x0000012598129834: ; ImmutableOopMap {rdi=Oop [56]=Oop }
                      ;*synchronization entry
                      ; - java.lang.Thread::runWith@-1 (line 1486)
                      ; - java.lang.Thread::run@19 (line 1474)
  0x0000012598129834: 07e9 69fe 

  0x0000012598129838: ;   {runtime_call C1 Runtime throw_null_pointer_exception_blob}
  0x0000012598129838: ffff e8a1 

  0x000001259812983c: ; ImmutableOopMap {rsi=Oop [64]=Oop }
                      ;*invokeinterface run {reexecute=0 rethrow=0 return_oop=0}
                      ; - java.lang.Thread::runWith@5 (line 1487)
                      ; - java.lang.Thread::run@19 (line 1474)
                      ;   {metadata({method} {0x000000001d1b7b60} 'reachabilityFence' '(Ljava/lang/Object;)V' in 'java/lang/ref/Reference')}
  0x000001259812983c: e921 0749 | ba58 7b1b | 1d00 0000 | 004c 8954 | 2408 48c7 | 0424 ffff 

  0x0000012598129854: ;   {runtime_call C1 Runtime counter_overflow_blob}
  0x0000012598129854: ffff e805 

  0x0000012598129858: ; ImmutableOopMap {}
                      ;*synchronization entry
                      ; - java.lang.ref.Reference::reachabilityFence@-1 (line 669)
                      ; - java.lang.Thread::runWith@11 (line 1488)
                      ; - java.lang.Thread::run@19 (line 1474)
  0x0000012598129858: 4822 07e9 | 5dff ffff 

  0x0000012598129860: ;   {internal_word}
  0x0000012598129860: 49ba c297 | 1298 2501 | 0000 4d89 | 97e0 0400 

  0x0000012598129870: ;   {runtime_call SafepointBlob}
  0x0000012598129870: 00e9 ea76 | 1507 498b | 8788 0500 | 0049 c787 | 8805 0000 | 0000 0000 | 49c7 8790 | 0500 0000 
  0x0000012598129890: 0000 0048 | 83c4 505d 

  0x0000012598129898: ;   {runtime_call C1 Runtime unwind_exception_blob}
  0x0000012598129898: e9c3 d221 | 07f4 f4f4 
[Stub Code]
  0x00000125981298a0: ;   {other}
  0x00000125981298a0: 0f1f 4400 

  0x00000125981298a4: ;   {static_stub}
  0x00000125981298a4: 0048 bb00 | 0000 0000 

  0x00000125981298ac: ;   {runtime_call nmethod}
  0x00000125981298ac: 0000 00e9 | fbff ffff 

  0x00000125981298b4: ;   {static_stub}
  0x00000125981298b4: 48bb 0000 | 0000 0000 

  0x00000125981298bc: ;   {runtime_call nmethod}
  0x00000125981298bc: 0000 e9fb 

  0x00000125981298c0: ;   {runtime_call C1 Runtime handle_exception_from_callee_blob}
  0x00000125981298c0: ffff ffe8 | 1807 2207 

  0x00000125981298c8: ;   {external_word}
  0x00000125981298c8: 48b9 6818 | 2939 ff7f | 0000 4883 

  0x00000125981298d4: ;   {runtime_call}
  0x00000125981298d4: e4f0 48b8 | c09c ec38 | ff7f 0000 

  0x00000125981298e0: ;   {section_word}
  0x00000125981298e0: ffd0 f449 | bae3 9812 | 9825 0100 

  0x00000125981298ec: ;   {runtime_call DeoptimizationBlob}
  0x00000125981298ec: 0041 52e9 | 6c79 1507 | f4f4 f4f4 
[/MachCode]


---------------  P R O C E S S  ---------------

Threads class SMR info:
_java_thread_list=0x00000125b3157d50, length=117, elements={
0x00000125aca8a300, 0x00000125aca8aac0, 0x00000125aca8ce40, 0x000001258f5d59e0,
0x00000125aca907a0, 0x00000125aca93680, 0x00000125acaa31d0, 0x00000125acaa88f0,
0x00000125aca93e50, 0x00000125aca94df0, 0x00000125aca96560, 0x00000125b18c4a00,
0x00000125b50a2260, 0x00000125b50a12c0, 0x00000125b50a39d0, 0x00000125b50a68b0,
0x00000125b50a7850, 0x00000125b50a5140, 0x00000125b50a5910, 0x00000125b3392730,
0x00000125b3393ea0, 0x00000125b3390fc0, 0x00000125b3394e40, 0x00000125b3025710,
0x00000125b7642840, 0x00000125b2ade000, 0x00000125b2adf770, 0x00000125b2adc0c0,
0x00000125b2adff40, 0x00000125b2ade7d0, 0x00000125b2add830, 0x00000125b2ae2650,
0x00000125b2ae2e20, 0x00000125b38c5e20, 0x00000125b41843d0, 0x00000125b41814f0,
0x00000125b18c78e0, 0x00000125b11f1de0, 0x00000125b11f1610, 0x00000125b11f0e40,
0x00000125b11ef6d0, 0x00000125b11f2d80, 0x00000125b11f0670, 0x00000125b11f7ba0,
0x00000125b11f73d0, 0x00000125b11f5c60, 0x00000125b11f8370, 0x00000125b11fb250,
0x00000125b50d45a0, 0x00000125b7d459f0, 0x00000125b7d43ab0, 0x00000125b7d47930,
0x00000125b7d4a810, 0x00000125b7d4afe0, 0x00000125b7d48100, 0x00000125b7d4ee60,
0x00000125b7d4bf80, 0x00000125b7d4c750, 0x00000125b7d4cf20, 0x00000125b7d50da0,
0x00000125b7d52510, 0x00000125b7d56b60, 0x00000125b7d490a0, 0x00000125b7d5a210,
0x00000125b7d607a0, 0x00000125b7d61740, 0x00000125b7d5e860, 0x00000125b50cd070,
0x00000125b50d5d10, 0x00000125b50da360, 0x00000125b7d488d0, 0x00000125b7d51570,
0x00000125b7d5b1b0, 0x00000125b38c8530, 0x00000125b38cb410, 0x00000125b38cfa60,
0x00000125b50d16c0, 0x00000125b50d3dd0, 0x00000125b50dbad0, 0x00000125b4186310,
0x00000125b4187a80, 0x00000125b418c8a0, 0x00000125b7d47160, 0x00000125b50cd840,
0x00000125b50d5540, 0x00000125b50d6cb0, 0x00000125b50dc2a0, 0x00000125b7d461c0,
0x00000125b7d582d0, 0x00000125b7d5f800, 0x00000125b7d5c920, 0x00000125b7d60f70,
0x00000125b4182490, 0x00000125b4182c60, 0x00000125b4185370, 0x00000125b4183c00,
0x00000125b418b130, 0x00000125b418b900, 0x00000125b50b2390, 0x00000125b17c0e00,
0x00000125b17c0630, 0x00000125b17c2d40, 0x00000125b17c6bc0, 0x00000125b17bd750,
0x00000125b17beec0, 0x00000125b17bcf80, 0x00000125b17bdf20, 0x00000125b38c94d0,
0x00000125b38d0230, 0x00000125b38ce2f0, 0x00000125b7d45220, 0x00000125b50b0350,
0x00000125b50b43d0, 0x00000125b50b1370, 0x00000125b7d5a9e0, 0x00000125b7d59270,
0x00000125b30266b0
}

Java Threads: ( => current thread )
  0x00000125aca8a300 JavaThread "Reference Handler"          daemon [_thread_blocked, id=21888, stack(0x000000201e400000,0x000000201e500000) (1024K)]
  0x00000125aca8aac0 JavaThread "Finalizer"                  daemon [_thread_blocked, id=42112, stack(0x000000201e500000,0x000000201e600000) (1024K)]
  0x00000125aca8ce40 JavaThread "Signal Dispatcher"          daemon [_thread_blocked, id=28736, stack(0x000000201e600000,0x000000201e700000) (1024K)]
  0x000001258f5d59e0 JavaThread "Attach Listener"            daemon [_thread_blocked, id=24976, stack(0x000000201e700000,0x000000201e800000) (1024K)]
  0x00000125aca907a0 JavaThread "Service Thread"             daemon [_thread_blocked, id=15596, stack(0x000000201e800000,0x000000201e900000) (1024K)]
  0x00000125aca93680 JavaThread "Monitor Deflation Thread"   daemon [_thread_blocked, id=39228, stack(0x000000201e900000,0x000000201ea00000) (1024K)]
  0x00000125acaa31d0 JavaThread "C2 CompilerThread0"         daemon [_thread_blocked, id=12856, stack(0x000000201ea00000,0x000000201eb00000) (1024K)]
  0x00000125acaa88f0 JavaThread "C1 CompilerThread0"         daemon [_thread_blocked, id=34372, stack(0x000000201eb00000,0x000000201ec00000) (1024K)]
  0x00000125aca93e50 JavaThread "Notification Thread"        daemon [_thread_blocked, id=41512, stack(0x000000201ec00000,0x000000201ed00000) (1024K)]
  0x00000125aca94df0 JavaThread "Common-Cleaner"             daemon [_thread_blocked, id=19744, stack(0x000000201ed00000,0x000000201ee00000) (1024K)]
  0x00000125aca96560 JavaThread "Cleaner-0"                  daemon [_thread_blocked, id=7100, stack(0x000000201f000000,0x000000201f100000) (1024K)]
  0x00000125b18c4a00 JavaThread "com.alibaba.nacos.client.logging.0" daemon [_thread_blocked, id=36936, stack(0x0000002020600000,0x0000002020700000) (1024K)]
  0x00000125b50a2260 JavaThread "AsyncAppender-Worker-ASYNC-CONFIG" daemon [_thread_blocked, id=42300, stack(0x0000002020800000,0x0000002020900000) (1024K)]
  0x00000125b50a12c0 JavaThread "AsyncAppender-Worker-ASYNC-NAMING" daemon [_thread_blocked, id=34008, stack(0x0000002020900000,0x0000002020a00000) (1024K)]
  0x00000125b50a39d0 JavaThread "AsyncAppender-Worker-ASYNC-REMOTE" daemon [_thread_blocked, id=40092, stack(0x0000002020a00000,0x0000002020b00000) (1024K)]
  0x00000125b50a68b0 JavaThread "com.alibaba.nacos.client.auth.ram.identify.watcher.0" daemon [_thread_blocked, id=39704, stack(0x0000002020c00000,0x0000002020d00000) (1024K)]
  0x00000125b50a7850 JavaThread "com.alibaba.nacos.client.Worker.0" daemon [_thread_blocked, id=21132, stack(0x0000002020d00000,0x0000002020e00000) (1024K)]
  0x00000125b50a5140 JavaThread "com.alibaba.nacos.client.Worker.1" daemon [_thread_blocked, id=42848, stack(0x0000002020e00000,0x0000002020f00000) (1024K)]
  0x00000125b50a5910 JavaThread "com.alibaba.nacos.client.Worker.2" daemon [_thread_blocked, id=2904, stack(0x0000002020f00000,0x0000002021000000) (1024K)]
  0x00000125b3392730 JavaThread "nacos.publisher-com.alibaba.nacos.common.notify.SlowEvent" daemon [_thread_blocked, id=42176, stack(0x0000002021000000,0x0000002021100000) (1024K)]
  0x00000125b3393ea0 JavaThread "com.alibaba.nacos.client.remote.worker.0" daemon [_thread_blocked, id=41596, stack(0x0000002021100000,0x0000002021200000) (1024K)]
  0x00000125b3390fc0 JavaThread "com.alibaba.nacos.client.remote.worker.1" daemon [_thread_blocked, id=1152, stack(0x0000002021200000,0x0000002021300000) (1024K)]
  0x00000125b3394e40 JavaThread "grpc-nio-worker-ELG-1-1"    daemon [_thread_in_native, id=38932, stack(0x000000201f200000,0x000000201f300000) (1024K)]
  0x00000125b3025710 JavaThread "grpc-nio-worker-ELG-1-2"    daemon [_thread_in_native, id=34424, stack(0x0000002021600000,0x0000002021700000) (1024K)]
  0x00000125b7642840 JavaThread "nacos.publisher-com.alibaba.nacos.common.ability.AbstractAbilityControlManager$AbilityUpdateEvent" daemon [_thread_blocked, id=5772, stack(0x0000002021f00000,0x0000002022000000) (1024K)]
  0x00000125b2ade000 JavaThread "metrics-collector-sync-job-thread-1" daemon [_thread_blocked, id=1156, stack(0x0000002022d00000,0x0000002022e00000) (1024K)]
  0x00000125b2adf770 JavaThread "DubboMetadataReportTimer-thread-1" daemon [_thread_blocked, id=5104, stack(0x0000002022c00000,0x0000002022d00000) (1024K)]
  0x00000125b2adc0c0 JavaThread "com.alibaba.nacos.client.Worker.0" daemon [_thread_blocked, id=32616, stack(0x0000002022e00000,0x0000002022f00000) (1024K)]
  0x00000125b2adff40 JavaThread "com.alibaba.nacos.client.Worker.1" daemon [_thread_blocked, id=33284, stack(0x0000002022f00000,0x0000002023000000) (1024K)]
  0x00000125b2ade7d0 JavaThread "com.alibaba.nacos.client.remote.worker.0" daemon [_thread_blocked, id=2788, stack(0x0000002023000000,0x0000002023100000) (1024K)]
  0x00000125b2add830 JavaThread "com.alibaba.nacos.client.remote.worker.1" daemon [_thread_blocked, id=41952, stack(0x0000002023100000,0x0000002023200000) (1024K)]
  0x00000125b2ae2650 JavaThread "com.alibaba.nacos.client.Worker.2" daemon [_thread_blocked, id=37964, stack(0x0000002023200000,0x0000002023300000) (1024K)]
  0x00000125b2ae2e20 JavaThread "grpc-nio-worker-ELG-1-3"    daemon [_thread_in_native, id=21016, stack(0x0000002023300000,0x0000002023400000) (1024K)]
  0x00000125b38c5e20 JavaThread "grpc-nio-worker-ELG-1-4"    daemon [_thread_in_native, id=10340, stack(0x0000002023600000,0x0000002023700000) (1024K)]
  0x00000125b41843d0 JavaThread "qos-boss-1-1"               daemon [_thread_in_native, id=9340, stack(0x0000002021400000,0x0000002021500000) (1024K)]
  0x00000125b41814f0 JavaThread "nacos.client.config.listener.task-0" daemon [_thread_blocked, id=23640, stack(0x0000002024a00000,0x0000002024b00000) (1024K)]
  0x00000125b18c78e0 JavaThread "NettyServerBoss-4-1"        daemon [_thread_in_native, id=41500, stack(0x0000002025300000,0x0000002025400000) (1024K)]
  0x00000125b11f1de0 JavaThread "Dubbo-framework-cache-refreshing-scheduler-thread-1" daemon [_thread_blocked, id=40728, stack(0x0000002025400000,0x0000002025500000) (1024K)]
  0x00000125b11f1610 JavaThread "Dubbo-framework-shared-scheduler-thread-1" daemon [_thread_blocked, id=29804, stack(0x0000002025500000,0x0000002025600000) (1024K)]
  0x00000125b11f0e40 JavaThread "nacos.publisher-com.alibaba.nacos.client.naming.event.InstancesChangeEvent" daemon [_thread_blocked, id=34116, stack(0x0000002025600000,0x0000002025700000) (1024K)]
  0x00000125b11ef6d0 JavaThread "com.alibaba.nacos.naming.failover.0" daemon [_thread_blocked, id=38896, stack(0x0000002025700000,0x0000002025800000) (1024K)]
  0x00000125b11f2d80 JavaThread "com.alibaba.nacos.client.Worker.3" daemon [_thread_blocked, id=10936, stack(0x0000002025800000,0x0000002025900000) (1024K)]
  0x00000125b11f0670 JavaThread "com.alibaba.nacos.client.naming.security.0" daemon [_thread_blocked, id=41864, stack(0x0000002025900000,0x0000002025a00000) (1024K)]
  0x00000125b11f7ba0 JavaThread "com.alibaba.nacos.client.naming.grpc.redo.0" daemon [_thread_blocked, id=42524, stack(0x0000002025a00000,0x0000002025b00000) (1024K)]
  0x00000125b11f73d0 JavaThread "com.alibaba.nacos.client.remote.worker.0" daemon [_thread_blocked, id=6852, stack(0x0000002025b00000,0x0000002025c00000) (1024K)]
  0x00000125b11f5c60 JavaThread "com.alibaba.nacos.client.remote.worker.1" daemon [_thread_blocked, id=35916, stack(0x0000002025c00000,0x0000002025d00000) (1024K)]
  0x00000125b11f8370 JavaThread "grpc-nio-worker-ELG-1-5"    daemon [_thread_in_native, id=41704, stack(0x0000002025d00000,0x0000002025e00000) (1024K)]
  0x00000125b11fb250 JavaThread "grpc-nio-worker-ELG-1-6"    daemon [_thread_in_native, id=15916, stack(0x0000002026000000,0x0000002026100000) (1024K)]
  0x00000125b50d45a0 JavaThread "DubboSaveMetadataReport-thread-1" daemon [_thread_blocked, id=13832, stack(0x0000002026b00000,0x0000002026c00000) (1024K)]
  0x00000125b7d459f0 JavaThread "Dubbo-framework-shared-scheduler-thread-2" daemon [_thread_blocked, id=25528, stack(0x0000002027500000,0x0000002027600000) (1024K)]
  0x00000125b7d43ab0 JavaThread "Dubbo-framework-shared-scheduler-thread-3" daemon [_thread_blocked, id=14400, stack(0x0000002027600000,0x0000002027700000) (1024K)]
  0x00000125b7d47930 JavaThread "pool-1-thread-1"                   [_thread_blocked, id=34464, stack(0x0000002027a00000,0x0000002027b00000) (1024K)]
  0x00000125b7d4a810 JavaThread "DestroyJavaVM"                     [_thread_blocked, id=32476, stack(0x000000201dc00000,0x000000201dd00000) (1024K)]
  0x00000125b7d4afe0 JavaThread "Dubbo-framework-shared-scheduler-thread-4" daemon [_thread_blocked, id=37880, stack(0x0000002027b00000,0x0000002027c00000) (1024K)]
  0x00000125b7d48100 JavaThread "Dubbo-framework-shared-scheduler-thread-5" daemon [_thread_blocked, id=15488, stack(0x000000201ef00000,0x000000201f000000) (1024K)]
  0x00000125b7d4ee60 JavaThread "com.alibaba.nacos.client.Worker.3" daemon [_thread_blocked, id=24644, stack(0x000000201f100000,0x000000201f200000) (1024K)]
  0x00000125b7d4bf80 JavaThread "Dubbo-framework-shared-scheduler-thread-6" daemon [_thread_blocked, id=16992, stack(0x0000002020000000,0x0000002020100000) (1024K)]
  0x00000125b7d4c750 JavaThread "Dubbo-framework-shared-scheduler-thread-7" daemon [_thread_blocked, id=35444, stack(0x0000002026f00000,0x0000002027000000) (1024K)]
  0x00000125b7d4cf20 JavaThread "com.alibaba.nacos.client.Worker.4" daemon [_thread_blocked, id=42716, stack(0x0000002027000000,0x0000002027100000) (1024K)]
  0x00000125b7d50da0 JavaThread "Dubbo-framework-shared-scheduler-thread-8" daemon [_thread_blocked, id=36384, stack(0x0000002027c00000,0x0000002027d00000) (1024K)]
  0x00000125b7d52510 JavaThread "com.alibaba.nacos.client.Worker.4" daemon [_thread_blocked, id=22936, stack(0x000000201ee00000,0x000000201ef00000) (1024K)]
  0x00000125b7d56b60 JavaThread "com.alibaba.nacos.client.Worker.5" daemon [_thread_blocked, id=41468, stack(0x0000002020b00000,0x0000002020c00000) (1024K)]
  0x00000125b7d490a0 JavaThread "com.alibaba.nacos.client.Worker.5" daemon [_thread_blocked, id=38688, stack(0x0000002021d00000,0x0000002021e00000) (1024K)]
  0x00000125b7d5a210 JavaThread "com.alibaba.nacos.client.Worker.6" daemon [_thread_blocked, id=42832, stack(0x0000002022200000,0x0000002022300000) (1024K)]
  0x00000125b7d607a0 JavaThread "com.alibaba.nacos.client.Worker.6" daemon [_thread_blocked, id=10364, stack(0x0000002022800000,0x0000002022900000) (1024K)]
  0x00000125b7d61740 JavaThread "com.alibaba.nacos.client.Worker.7" daemon [_thread_blocked, id=34052, stack(0x0000002022900000,0x0000002022a00000) (1024K)]
  0x00000125b7d5e860 JavaThread "com.alibaba.nacos.client.Worker.7" daemon [_thread_blocked, id=27052, stack(0x0000002022a00000,0x0000002022b00000) (1024K)]
  0x00000125b50cd070 JavaThread "com.alibaba.nacos.client.Worker.8" daemon [_thread_blocked, id=39708, stack(0x0000002022b00000,0x0000002022c00000) (1024K)]
  0x00000125b50d5d10 JavaThread "com.alibaba.nacos.client.Worker.8" daemon [_thread_blocked, id=42356, stack(0x0000002023700000,0x0000002023800000) (1024K)]
  0x00000125b50da360 JavaThread "com.alibaba.nacos.client.Worker.9" daemon [_thread_blocked, id=35800, stack(0x0000002023800000,0x0000002023900000) (1024K)]
  0x00000125b7d488d0 JavaThread "com.alibaba.nacos.client.Worker.9" daemon [_thread_blocked, id=18016, stack(0x0000002021c00000,0x0000002021d00000) (1024K)]
  0x00000125b7d51570 JavaThread "com.alibaba.nacos.client.Worker.10" daemon [_thread_blocked, id=812, stack(0x0000002023900000,0x0000002023a00000) (1024K)]
  0x00000125b7d5b1b0 JavaThread "com.alibaba.nacos.client.Worker.10" daemon [_thread_blocked, id=13940, stack(0x0000002023500000,0x0000002023600000) (1024K)]
  0x00000125b38c8530 JavaThread "com.alibaba.nacos.client.Worker.11" daemon [_thread_blocked, id=9240, stack(0x0000002023b00000,0x0000002023c00000) (1024K)]
  0x00000125b38cb410 JavaThread "com.alibaba.nacos.client.Worker.11" daemon [_thread_blocked, id=24960, stack(0x0000002023c00000,0x0000002023d00000) (1024K)]
  0x00000125b38cfa60 JavaThread "com.alibaba.nacos.client.Worker.12" daemon [_thread_blocked, id=15840, stack(0x0000002023d00000,0x0000002023e00000) (1024K)]
  0x00000125b50d16c0 JavaThread "com.alibaba.nacos.client.Worker.12" daemon [_thread_blocked, id=27072, stack(0x0000002023400000,0x0000002023500000) (1024K)]
  0x00000125b50d3dd0 JavaThread "com.alibaba.nacos.client.Worker.13" daemon [_thread_blocked, id=37400, stack(0x0000002023a00000,0x0000002023b00000) (1024K)]
  0x00000125b50dbad0 JavaThread "com.alibaba.nacos.client.Worker.13" daemon [_thread_blocked, id=9496, stack(0x0000002021800000,0x0000002021900000) (1024K)]
  0x00000125b4186310 JavaThread "com.alibaba.nacos.client.Worker.14" daemon [_thread_blocked, id=37584, stack(0x0000002021e00000,0x0000002021f00000) (1024K)]
  0x00000125b4187a80 JavaThread "com.alibaba.nacos.client.Worker.14" daemon [_thread_blocked, id=38928, stack(0x0000002022400000,0x0000002022500000) (1024K)]
  0x00000125b418c8a0 JavaThread "com.alibaba.nacos.client.Worker.15" daemon [_thread_blocked, id=3948, stack(0x0000002021300000,0x0000002021400000) (1024K)]
  0x00000125b7d47160 JavaThread "com.alibaba.nacos.client.Worker.15" daemon [_thread_blocked, id=32244, stack(0x000000201d900000,0x000000201da00000) (1024K)]
  0x00000125b50cd840 JavaThread "NettyServerWorker-5-1"      daemon [_thread_in_native, id=13760, stack(0x0000002023f00000,0x0000002024000000) (1024K)]
  0x00000125b50d5540 JavaThread "DubboServerHandler-192.168.174.1:8001-thread-1" daemon [_thread_blocked, id=27108, stack(0x0000002024000000,0x0000002024100000) (1024K)]
  0x00000125b50d6cb0 JavaThread "DubboServerHandler-192.168.174.1:8001-thread-2" daemon [_thread_blocked, id=34612, stack(0x000000201fd00000,0x000000201fe00000) (1024K)]
  0x00000125b50dc2a0 JavaThread "NettyServerWorker-5-2"      daemon [_thread_in_native, id=25820, stack(0x0000002021b00000,0x0000002021c00000) (1024K)]
  0x00000125b7d461c0 JavaThread "DubboServerHandler-192.168.174.1:8001-thread-3" daemon [_thread_blocked, id=38796, stack(0x0000002024b00000,0x0000002024c00000) (1024K)]
  0x00000125b7d582d0 JavaThread "DubboServerHandler-192.168.174.1:8001-thread-4" daemon [_thread_blocked, id=20392, stack(0x0000002022600000,0x0000002022700000) (1024K)]
  0x00000125b7d5f800 JavaThread "DubboServerHandler-192.168.174.1:8001-thread-5" daemon [_thread_blocked, id=41128, stack(0x0000002022700000,0x0000002022800000) (1024K)]
  0x00000125b7d5c920 JavaThread "DubboServerHandler-192.168.174.1:8001-thread-6" daemon [_thread_blocked, id=8960, stack(0x0000002023e00000,0x0000002023f00000) (1024K)]
  0x00000125b7d60f70 JavaThread "DubboServerHandler-192.168.174.1:8001-thread-7" daemon [_thread_blocked, id=18448, stack(0x0000002024700000,0x0000002024800000) (1024K)]
  0x00000125b4182490 JavaThread "DubboServerHandler-192.168.174.1:8001-thread-8" daemon [_thread_blocked, id=2124, stack(0x0000002024800000,0x0000002024900000) (1024K)]
  0x00000125b4182c60 JavaThread "DubboServerHandler-192.168.174.1:8001-thread-9" daemon [_thread_blocked, id=32436, stack(0x0000002024900000,0x0000002024a00000) (1024K)]
=>0x00000125b4185370 JavaThread "DubboServerHandler-192.168.174.1:8001-thread-10" daemon [_thread_in_native, id=34632, stack(0x0000002024c00000,0x0000002024d00000) (1024K)]
  0x00000125b4183c00 JavaThread "Dubbo-global-shared-handler-thread-4" daemon [_thread_blocked, id=3172, stack(0x0000002024d00000,0x0000002024e00000) (1024K)]
  0x00000125b418b130 JavaThread "Java2D Disposer"            daemon [_thread_blocked, id=30452, stack(0x0000002024e00000,0x0000002024f00000) (1024K)]
  0x00000125b418b900 JavaThread "JavaCPP Deallocator"        daemon [_thread_blocked, id=29836, stack(0x0000002025100000,0x0000002025200000) (1024K)]
  0x00000125b50b2390 JavaThread "C1 CompilerThread1"         daemon [_thread_blocked, id=9212, stack(0x0000002026d00000,0x0000002026e00000) (1024K)]
  0x00000125b17c0e00 JavaThread "nacos-grpc-client-executor-127.0.0.1-129" daemon [_thread_blocked, id=11940, stack(0x0000002028700000,0x0000002028800000) (1024K)]
  0x00000125b17c0630 JavaThread "nacos-grpc-client-executor-127.0.0.1-130" daemon [_thread_blocked, id=21388, stack(0x0000002028800000,0x0000002028900000) (1024K)]
  0x00000125b17c2d40 JavaThread "nacos-grpc-client-executor-127.0.0.1-131" daemon [_thread_blocked, id=33152, stack(0x0000002028900000,0x0000002028a00000) (1024K)]
  0x00000125b17c6bc0 JavaThread "nacos-grpc-client-executor-127.0.0.1-132" daemon [_thread_blocked, id=41392, stack(0x0000002028a00000,0x0000002028b00000) (1024K)]
  0x00000125b17bd750 JavaThread "nacos-grpc-client-executor-127.0.0.1-148" daemon [_thread_blocked, id=19576, stack(0x000000201fc00000,0x000000201fd00000) (1024K)]
  0x00000125b17beec0 JavaThread "nacos-grpc-client-executor-127.0.0.1-149" daemon [_thread_blocked, id=20148, stack(0x0000002028500000,0x0000002028600000) (1024K)]
  0x00000125b17bcf80 JavaThread "nacos-grpc-client-executor-127.0.0.1-134" daemon [_thread_blocked, id=9988, stack(0x000000201db00000,0x000000201dc00000) (1024K)]
  0x00000125b17bdf20 JavaThread "nacos-grpc-client-executor-127.0.0.1-135" daemon [_thread_blocked, id=16296, stack(0x0000002026e00000,0x0000002026f00000) (1024K)]
  0x00000125b38c94d0 JavaThread "nacos-grpc-client-executor-127.0.0.1-136" daemon [_thread_blocked, id=4296, stack(0x0000002029000000,0x0000002029100000) (1024K)]
  0x00000125b38d0230 JavaThread "nacos-grpc-client-executor-127.0.0.1-133" daemon [_thread_blocked, id=40788, stack(0x000000201f900000,0x000000201fa00000) (1024K)]
  0x00000125b38ce2f0 JavaThread "nacos-grpc-client-executor-127.0.0.1-134" daemon [_thread_blocked, id=30536, stack(0x000000201fa00000,0x000000201fb00000) (1024K)]
  0x00000125b7d45220 JavaThread "nacos-grpc-client-executor-127.0.0.1-135" daemon [_thread_blocked, id=41796, stack(0x0000002029100000,0x0000002029200000) (1024K)]
  0x00000125b50b0350 JavaThread "C2 CompilerThread1"         daemon [_thread_blocked, id=36896, stack(0x000000201da00000,0x000000201db00000) (1024K)]
  0x00000125b50b43d0 JavaThread "C1 CompilerThread2"         daemon [_thread_blocked, id=41972, stack(0x0000002026a00000,0x0000002026b00000) (1024K)]
  0x00000125b50b1370 JavaThread "C1 CompilerThread3"         daemon [_thread_blocked, id=34264, stack(0x0000002026c00000,0x0000002026d00000) (1024K)]
  0x00000125b7d5a9e0 JavaThread "nacos-grpc-client-executor-127.0.0.1-150" daemon [_thread_blocked, id=42740, stack(0x0000002029200000,0x0000002029300000) (1024K)]
  0x00000125b7d59270 JavaThread "nacos-grpc-client-executor-127.0.0.1-151" daemon [_thread_blocked, id=37384, stack(0x0000002029300000,0x0000002029400000) (1024K)]
  0x00000125b30266b0 JavaThread "nacos-grpc-client-executor-127.0.0.1-152" daemon [_thread_blocked, id=4104, stack(0x0000002029400000,0x0000002029500000) (1024K)]
Total: 117

Other Threads:
  0x00000125aca79070 VMThread "VM Thread"                           [id=5124, stack(0x000000201e300000,0x000000201e400000) (1024K)]
  0x00000125aca65830 WatcherThread "VM Periodic Task Thread"        [id=24936, stack(0x000000201e200000,0x000000201e300000) (1024K)]
  0x000001258f5a0d10 WorkerThread "GC Thread#0"                     [id=41492, stack(0x000000201dd00000,0x000000201de00000) (1024K)]
  0x00000125b290ca70 WorkerThread "GC Thread#1"                     [id=41384, stack(0x000000201f400000,0x000000201f500000) (1024K)]
  0x00000125b290b090 WorkerThread "GC Thread#2"                     [id=41292, stack(0x000000201f500000,0x000000201f600000) (1024K)]
  0x00000125b290cec0 WorkerThread "GC Thread#3"                     [id=19300, stack(0x000000201f600000,0x000000201f700000) (1024K)]
  0x00000125b290a3a0 WorkerThread "GC Thread#4"                     [id=35196, stack(0x000000201f700000,0x000000201f800000) (1024K)]
  0x00000125b3407c60 WorkerThread "GC Thread#5"                     [id=41580, stack(0x000000201f800000,0x000000201f900000) (1024K)]
  0x00000125b33dafc0 WorkerThread "GC Thread#6"                     [id=14708, stack(0x000000201f300000,0x000000201f400000) (1024K)]
  0x00000125b33dab70 WorkerThread "GC Thread#7"                     [id=10988, stack(0x000000201fb00000,0x000000201fc00000) (1024K)]
  0x00000125b33d9a30 WorkerThread "GC Thread#8"                     [id=28944, stack(0x000000201fe00000,0x000000201ff00000) (1024K)]
  0x00000125b33d9e80 WorkerThread "GC Thread#9"                     [id=41508, stack(0x000000201ff00000,0x0000002020000000) (1024K)]
  0x00000125b3082c40 WorkerThread "GC Thread#10"                    [id=36400, stack(0x0000002020100000,0x0000002020200000) (1024K)]
  0x00000125b30834e0 WorkerThread "GC Thread#11"                    [id=39068, stack(0x0000002020200000,0x0000002020300000) (1024K)]
  0x00000125b46f6650 WorkerThread "GC Thread#12"                    [id=4560, stack(0x0000002020700000,0x0000002020800000) (1024K)]
  0x000001258f5ba7f0 ConcurrentGCThread "G1 Main Marker"            [id=24004, stack(0x000000201de00000,0x000000201df00000) (1024K)]
  0x000001258f5bc080 WorkerThread "G1 Conc#0"                       [id=13056, stack(0x000000201df00000,0x000000201e000000) (1024K)]
  0x00000125b41f62f0 WorkerThread "G1 Conc#1"                       [id=42900, stack(0x0000002020300000,0x0000002020400000) (1024K)]
  0x00000125b41f6fe0 WorkerThread "G1 Conc#2"                       [id=12104, stack(0x0000002020400000,0x0000002020500000) (1024K)]
  0x00000125ac910f50 ConcurrentGCThread "G1 Refine#0"               [id=39864, stack(0x000000201e000000,0x000000201e100000) (1024K)]
  0x00000125ac913570 ConcurrentGCThread "G1 Service"                [id=32192, stack(0x000000201e100000,0x000000201e200000) (1024K)]
Total: 21

Threads with active compile tasks:
Total: 0

VM state: not at safepoint (normal execution)

VM Mutex/Monitor currently owned by a thread: None

Heap address: 0x0000000080000000, size: 2048 MB, Compressed Oops mode: 32-bit

CDS archive(s) mapped at: [0x000000001d000000-0x000000001ddd0000-0x000000001ddd0000), size 14483456, SharedBaseAddress: 0x000000001d000000, ArchiveRelocationMode: 1.
Compressed class space mapped at: 0x000000001e000000-0x000000005e000000, reserved size: 1073741824
UseCompressedClassPointers 1, UseCompactObjectHeaders 0
Narrow klass pointer bits 32, Max shift 3
Narrow klass base: 0x000000001d000000, Narrow klass shift: 0
Encoding Range: [0x000000001d000000 - 0x000000011d000000), (4294967296 bytes)
Klass Range:    [0x000000001d010000 - 0x000000005e000000), (1090453504 bytes)
Klass ID Range:  [65536 - 1090519033) (1090453497)
Protection zone: [0x000000001d000000 - 0x000000001d010000), (65536 bytes)

GC Precious Log:
 CardTable entry size: 512
 Card Set container configuration: InlinePtr #cards 5 size 8 Array Of Cards #cards 10 size 36 Howl #buckets 4 coarsen threshold 1843 Howl Bitmap #cards 512 size 80 coarsen threshold 460 Card regions per heap region 1 cards per card region 2048
 CPUs: 16 total, 16 available
 Memory: 14198M
 Large Page Support: Disabled
 NUMA Support: Disabled
 Compressed Oops: Enabled (32-bit)
 Heap Region Size: 1M
 Heap Min Capacity: 8M
 Heap Initial Capacity: 222M
 Heap Max Capacity: 2G
 Pre-touch: Disabled
 Parallel Workers: 13
 Concurrent Workers: 3
 Concurrent Refinement Workers: 13
 Periodic GC: Disabled

Heap:
 garbage-first heap   total reserved 2097152K, committed 116736K, used 84755K [0x0000000080000000, 0x0000000100000000)
  region size 1024K, 43 young (44032K), 1 survivors (1024K)

Heap Regions: E=young(eden), S=young(survivor), O=old, HS=humongous(starts), HC=humongous(continues), CS=collection set, F=free, TAMS=top-at-mark-start, PB=parsable bottom
|   0|0x0000000080000000, 0x0000000080100000, 0x0000000080100000|100%| O|  |TAMS 0x0000000080000000| PB 0x0000000080000000| Untracked |  0
|   1|0x0000000080100000, 0x0000000080200000, 0x0000000080200000|100%| O|  |TAMS 0x0000000080100000| PB 0x0000000080100000| Untracked |  0
|   2|0x0000000080200000, 0x0000000080300000, 0x0000000080300000|100%| O|  |TAMS 0x0000000080200000| PB 0x0000000080200000| Untracked |  0
|   3|0x0000000080300000, 0x0000000080400000, 0x0000000080400000|100%| O|  |TAMS 0x0000000080300000| PB 0x0000000080300000| Untracked |  0
|   4|0x0000000080400000, 0x0000000080500000, 0x0000000080500000|100%| O|  |TAMS 0x0000000080400000| PB 0x0000000080400000| Untracked |  0
|   5|0x0000000080500000, 0x0000000080600000, 0x0000000080600000|100%| O|  |TAMS 0x0000000080500000| PB 0x0000000080500000| Untracked |  0
|   6|0x0000000080600000, 0x0000000080700000, 0x0000000080700000|100%| O|  |TAMS 0x0000000080600000| PB 0x0000000080600000| Untracked |  0
|   7|0x0000000080700000, 0x0000000080800000, 0x0000000080800000|100%| O|  |TAMS 0x0000000080700000| PB 0x0000000080700000| Untracked |  0
|   8|0x0000000080800000, 0x0000000080900000, 0x0000000080900000|100%| O|  |TAMS 0x0000000080800000| PB 0x0000000080800000| Untracked |  0
|   9|0x0000000080900000, 0x0000000080a00000, 0x0000000080a00000|100%| O|  |TAMS 0x0000000080900000| PB 0x0000000080900000| Untracked |  0
|  10|0x0000000080a00000, 0x0000000080b00000, 0x0000000080b00000|100%| O|  |TAMS 0x0000000080a00000| PB 0x0000000080a00000| Untracked |  0
|  11|0x0000000080b00000, 0x0000000080c00000, 0x0000000080c00000|100%| O|  |TAMS 0x0000000080b00000| PB 0x0000000080b00000| Untracked |  0
|  12|0x0000000080c00000, 0x0000000080d00000, 0x0000000080d00000|100%| O|  |TAMS 0x0000000080c00000| PB 0x0000000080c00000| Untracked |  0
|  13|0x0000000080d00000, 0x0000000080e00000, 0x0000000080e00000|100%| O|  |TAMS 0x0000000080d00000| PB 0x0000000080d00000| Untracked |  0
|  14|0x0000000080e00000, 0x0000000080f00000, 0x0000000080f00000|100%| O|  |TAMS 0x0000000080e00000| PB 0x0000000080e00000| Untracked |  0
|  15|0x0000000080f00000, 0x0000000080f25078, 0x0000000081000000| 14%| O|  |TAMS 0x0000000080f00000| PB 0x0000000080f00000| Untracked |  0
|  16|0x0000000081000000, 0x0000000081100000, 0x0000000081100000|100%| O|  |TAMS 0x0000000081000000| PB 0x0000000081000000| Untracked |  0
|  17|0x0000000081100000, 0x0000000081200000, 0x0000000081200000|100%| O|  |TAMS 0x0000000081100000| PB 0x0000000081100000| Untracked |  0
|  18|0x0000000081200000, 0x0000000081300000, 0x0000000081300000|100%| O|  |TAMS 0x0000000081200000| PB 0x0000000081200000| Untracked |  0
|  19|0x0000000081300000, 0x0000000081345018, 0x0000000081400000| 26%| O|Cm|TAMS 0x0000000081300000| PB 0x0000000081300000| Complete |  0
|  20|0x0000000081400000, 0x0000000081500000, 0x0000000081500000|100%| O|  |TAMS 0x0000000081400000| PB 0x0000000081400000| Untracked |  0
|  21|0x0000000081500000, 0x0000000081600000, 0x0000000081600000|100%| O|  |TAMS 0x0000000081500000| PB 0x0000000081500000| Untracked |  0
|  22|0x0000000081600000, 0x0000000081700000, 0x0000000081700000|100%| O|  |TAMS 0x0000000081600000| PB 0x0000000081600000| Untracked |  0
|  23|0x0000000081700000, 0x0000000081800000, 0x0000000081800000|100%|HS|  |TAMS 0x0000000081700000| PB 0x0000000081700000| Complete |  0
|  24|0x0000000081800000, 0x0000000081900000, 0x0000000081900000|100%|HS|  |TAMS 0x0000000081800000| PB 0x0000000081800000| Complete |  0
|  25|0x0000000081900000, 0x0000000081a00000, 0x0000000081a00000|100%|HS|  |TAMS 0x0000000081900000| PB 0x0000000081900000| Complete |  0
|  26|0x0000000081a00000, 0x0000000081b00000, 0x0000000081b00000|100%|HC|  |TAMS 0x0000000081a00000| PB 0x0000000081a00000| Complete |  0
|  27|0x0000000081b00000, 0x0000000081c00000, 0x0000000081c00000|100%| O|  |TAMS 0x0000000081b00000| PB 0x0000000081b00000| Untracked |  0
|  28|0x0000000081c00000, 0x0000000081d00000, 0x0000000081d00000|100%|HS|  |TAMS 0x0000000081c00000| PB 0x0000000081c00000| Complete |  0
|  29|0x0000000081d00000, 0x0000000081e00000, 0x0000000081e00000|100%|HC|  |TAMS 0x0000000081d00000| PB 0x0000000081d00000| Complete |  0
|  30|0x0000000081e00000, 0x0000000081f00000, 0x0000000081f00000|100%|HC|  |TAMS 0x0000000081e00000| PB 0x0000000081e00000| Complete |  0
|  31|0x0000000081f00000, 0x0000000082000000, 0x0000000082000000|100%|HC|  |TAMS 0x0000000081f00000| PB 0x0000000081f00000| Complete |  0
|  32|0x0000000082000000, 0x0000000082100000, 0x0000000082100000|100%|HC|  |TAMS 0x0000000082000000| PB 0x0000000082000000| Complete |  0
|  33|0x0000000082100000, 0x0000000082200000, 0x0000000082200000|100%|HS|  |TAMS 0x0000000082100000| PB 0x0000000082100000| Complete |  0
|  34|0x0000000082200000, 0x0000000082300000, 0x0000000082300000|100%|HC|  |TAMS 0x0000000082200000| PB 0x0000000082200000| Complete |  0
|  35|0x0000000082300000, 0x0000000082400000, 0x0000000082400000|100%|HC|  |TAMS 0x0000000082300000| PB 0x0000000082300000| Complete |  0
|  36|0x0000000082400000, 0x0000000082500000, 0x0000000082500000|100%|HC|  |TAMS 0x0000000082400000| PB 0x0000000082400000| Complete |  0
|  37|0x0000000082500000, 0x0000000082600000, 0x0000000082600000|100%|HC|  |TAMS 0x0000000082500000| PB 0x0000000082500000| Complete |  0
|  38|0x0000000082600000, 0x0000000082600000, 0x0000000082700000|  0%| F|  |TAMS 0x0000000082600000| PB 0x0000000082600000| Untracked |  0
|  39|0x0000000082700000, 0x0000000082700000, 0x0000000082800000|  0%| F|  |TAMS 0x0000000082700000| PB 0x0000000082700000| Untracked |  0
|  40|0x0000000082800000, 0x0000000082800000, 0x0000000082900000|  0%| F|  |TAMS 0x0000000082800000| PB 0x0000000082800000| Untracked |  0
|  41|0x0000000082900000, 0x000000008295ad30, 0x0000000082a00000| 35%| S|CS|TAMS 0x0000000082900000| PB 0x0000000082900000| Complete |  0
|  42|0x0000000082a00000, 0x0000000082a00000, 0x0000000082b00000|  0%| F|  |TAMS 0x0000000082a00000| PB 0x0000000082a00000| Untracked |  0
|  43|0x0000000082b00000, 0x0000000082b00000, 0x0000000082c00000|  0%| F|  |TAMS 0x0000000082b00000| PB 0x0000000082b00000| Untracked |  0
|  44|0x0000000082c00000, 0x0000000082c00000, 0x0000000082d00000|  0%| F|  |TAMS 0x0000000082c00000| PB 0x0000000082c00000| Untracked |  0
|  45|0x0000000082d00000, 0x0000000082d00000, 0x0000000082e00000|  0%| F|  |TAMS 0x0000000082d00000| PB 0x0000000082d00000| Untracked |  0
|  46|0x0000000082e00000, 0x0000000082e00000, 0x0000000082f00000|  0%| F|  |TAMS 0x0000000082e00000| PB 0x0000000082e00000| Untracked |  0
|  47|0x0000000082f00000, 0x0000000082f00000, 0x0000000083000000|  0%| F|  |TAMS 0x0000000082f00000| PB 0x0000000082f00000| Untracked |  0
|  48|0x0000000083000000, 0x0000000083000000, 0x0000000083100000|  0%| F|  |TAMS 0x0000000083000000| PB 0x0000000083000000| Untracked |  0
|  49|0x0000000083100000, 0x0000000083100000, 0x0000000083200000|  0%| F|  |TAMS 0x0000000083100000| PB 0x0000000083100000| Untracked |  0
|  50|0x0000000083200000, 0x0000000083200000, 0x0000000083300000|  0%| F|  |TAMS 0x0000000083200000| PB 0x0000000083200000| Untracked |  0
|  51|0x0000000083300000, 0x0000000083300000, 0x0000000083400000|  0%| F|  |TAMS 0x0000000083300000| PB 0x0000000083300000| Untracked |  0
|  52|0x0000000083400000, 0x0000000083400000, 0x0000000083500000|  0%| F|  |TAMS 0x0000000083400000| PB 0x0000000083400000| Untracked |  0
|  53|0x0000000083500000, 0x0000000083500000, 0x0000000083600000|  0%| F|  |TAMS 0x0000000083500000| PB 0x0000000083500000| Untracked |  0
|  54|0x0000000083600000, 0x0000000083600000, 0x0000000083700000|  0%| F|  |TAMS 0x0000000083600000| PB 0x0000000083600000| Untracked |  0
|  55|0x0000000083700000, 0x0000000083700000, 0x0000000083800000|  0%| F|  |TAMS 0x0000000083700000| PB 0x0000000083700000| Untracked |  0
|  56|0x0000000083800000, 0x0000000083800000, 0x0000000083900000|  0%| F|  |TAMS 0x0000000083800000| PB 0x0000000083800000| Untracked |  0
|  57|0x0000000083900000, 0x0000000083900000, 0x0000000083a00000|  0%| F|  |TAMS 0x0000000083900000| PB 0x0000000083900000| Untracked |  0
|  58|0x0000000083a00000, 0x0000000083a00000, 0x0000000083b00000|  0%| F|  |TAMS 0x0000000083a00000| PB 0x0000000083a00000| Untracked |  0
|  59|0x0000000083b00000, 0x0000000083b00000, 0x0000000083c00000|  0%| F|  |TAMS 0x0000000083b00000| PB 0x0000000083b00000| Untracked |  0
|  60|0x0000000083c00000, 0x0000000083c00000, 0x0000000083d00000|  0%| F|  |TAMS 0x0000000083c00000| PB 0x0000000083c00000| Untracked |  0
|  61|0x0000000083d00000, 0x0000000083d00000, 0x0000000083e00000|  0%| F|  |TAMS 0x0000000083d00000| PB 0x0000000083d00000| Untracked |  0
|  62|0x0000000083e00000, 0x0000000083e00000, 0x0000000083f00000|  0%| F|  |TAMS 0x0000000083e00000| PB 0x0000000083e00000| Untracked |  0
|  63|0x0000000083f00000, 0x0000000083f00000, 0x0000000084000000|  0%| F|  |TAMS 0x0000000083f00000| PB 0x0000000083f00000| Untracked |  0
|  64|0x0000000084000000, 0x0000000084000000, 0x0000000084100000|  0%| F|  |TAMS 0x0000000084000000| PB 0x0000000084000000| Untracked |  0
|  65|0x0000000084100000, 0x0000000084100000, 0x0000000084200000|  0%| F|  |TAMS 0x0000000084100000| PB 0x0000000084100000| Untracked |  0
|  66|0x0000000084200000, 0x0000000084200000, 0x0000000084300000|  0%| F|  |TAMS 0x0000000084200000| PB 0x0000000084200000| Untracked |  0
|  67|0x0000000084300000, 0x0000000084340028, 0x0000000084400000| 25%| E|  |TAMS 0x0000000084300000| PB 0x0000000084300000| Complete |  0
|  68|0x0000000084400000, 0x0000000084500000, 0x0000000084500000|100%| E|CS|TAMS 0x0000000084400000| PB 0x0000000084400000| Complete |  0
|  69|0x0000000084500000, 0x0000000084600000, 0x0000000084600000|100%| E|CS|TAMS 0x0000000084500000| PB 0x0000000084500000| Complete |  0
|  70|0x0000000084600000, 0x0000000084700000, 0x0000000084700000|100%| E|CS|TAMS 0x0000000084600000| PB 0x0000000084600000| Complete |  0
|  71|0x0000000084700000, 0x0000000084800000, 0x0000000084800000|100%| E|CS|TAMS 0x0000000084700000| PB 0x0000000084700000| Complete |  0
|  72|0x0000000084800000, 0x0000000084900000, 0x0000000084900000|100%| E|CS|TAMS 0x0000000084800000| PB 0x0000000084800000| Complete |  0
|  73|0x0000000084900000, 0x0000000084a00000, 0x0000000084a00000|100%| E|CS|TAMS 0x0000000084900000| PB 0x0000000084900000| Complete |  0
|  74|0x0000000084a00000, 0x0000000084b00000, 0x0000000084b00000|100%| E|CS|TAMS 0x0000000084a00000| PB 0x0000000084a00000| Complete |  0
|  75|0x0000000084b00000, 0x0000000084c00000, 0x0000000084c00000|100%| E|CS|TAMS 0x0000000084b00000| PB 0x0000000084b00000| Complete |  0
|  76|0x0000000084c00000, 0x0000000084d00000, 0x0000000084d00000|100%| E|CS|TAMS 0x0000000084c00000| PB 0x0000000084c00000| Complete |  0
|  77|0x0000000084d00000, 0x0000000084e00000, 0x0000000084e00000|100%| E|CS|TAMS 0x0000000084d00000| PB 0x0000000084d00000| Complete |  0
|  78|0x0000000084e00000, 0x0000000084f00000, 0x0000000084f00000|100%| E|CS|TAMS 0x0000000084e00000| PB 0x0000000084e00000| Complete |  0
|  79|0x0000000084f00000, 0x0000000085000000, 0x0000000085000000|100%| E|CS|TAMS 0x0000000084f00000| PB 0x0000000084f00000| Complete |  0
|  80|0x0000000085000000, 0x0000000085100000, 0x0000000085100000|100%| E|CS|TAMS 0x0000000085000000| PB 0x0000000085000000| Complete |  0
|  81|0x0000000085100000, 0x0000000085200000, 0x0000000085200000|100%| E|CS|TAMS 0x0000000085100000| PB 0x0000000085100000| Complete |  0
|  82|0x0000000085200000, 0x0000000085300000, 0x0000000085300000|100%| E|CS|TAMS 0x0000000085200000| PB 0x0000000085200000| Complete |  0
|  83|0x0000000085300000, 0x0000000085400000, 0x0000000085400000|100%| E|CS|TAMS 0x0000000085300000| PB 0x0000000085300000| Complete |  0
|  84|0x0000000085400000, 0x0000000085500000, 0x0000000085500000|100%| E|CS|TAMS 0x0000000085400000| PB 0x0000000085400000| Complete |  0
|  85|0x0000000085500000, 0x0000000085600000, 0x0000000085600000|100%| E|CS|TAMS 0x0000000085500000| PB 0x0000000085500000| Complete |  0
|  86|0x0000000085600000, 0x0000000085700000, 0x0000000085700000|100%| E|CS|TAMS 0x0000000085600000| PB 0x0000000085600000| Complete |  0
|  87|0x0000000085700000, 0x0000000085800000, 0x0000000085800000|100%| E|CS|TAMS 0x0000000085700000| PB 0x0000000085700000| Complete |  0
|  88|0x0000000085800000, 0x0000000085900000, 0x0000000085900000|100%| E|CS|TAMS 0x0000000085800000| PB 0x0000000085800000| Complete |  0
| 112|0x0000000087000000, 0x0000000087100000, 0x0000000087100000|100%| E|CS|TAMS 0x0000000087000000| PB 0x0000000087000000| Complete |  0
| 113|0x0000000087100000, 0x0000000087200000, 0x0000000087200000|100%| E|CS|TAMS 0x0000000087100000| PB 0x0000000087100000| Complete |  0
| 114|0x0000000087200000, 0x0000000087300000, 0x0000000087300000|100%| E|CS|TAMS 0x0000000087200000| PB 0x0000000087200000| Complete |  0
| 115|0x0000000087300000, 0x0000000087400000, 0x0000000087400000|100%| E|CS|TAMS 0x0000000087300000| PB 0x0000000087300000| Complete |  0
| 116|0x0000000087400000, 0x0000000087500000, 0x0000000087500000|100%| E|CS|TAMS 0x0000000087400000| PB 0x0000000087400000| Complete |  0
| 142|0x0000000088e00000, 0x0000000088f00000, 0x0000000088f00000|100%| E|CS|TAMS 0x0000000088e00000| PB 0x0000000088e00000| Complete |  0
| 143|0x0000000088f00000, 0x0000000089000000, 0x0000000089000000|100%| E|CS|TAMS 0x0000000088f00000| PB 0x0000000088f00000| Complete |  0
| 144|0x0000000089000000, 0x0000000089100000, 0x0000000089100000|100%| E|CS|TAMS 0x0000000089000000| PB 0x0000000089000000| Complete |  0
| 145|0x0000000089100000, 0x0000000089200000, 0x0000000089200000|100%| E|CS|TAMS 0x0000000089100000| PB 0x0000000089100000| Complete |  0
| 146|0x0000000089200000, 0x0000000089300000, 0x0000000089300000|100%| E|CS|TAMS 0x0000000089200000| PB 0x0000000089200000| Complete |  0
| 147|0x0000000089300000, 0x0000000089400000, 0x0000000089400000|100%| E|CS|TAMS 0x0000000089300000| PB 0x0000000089300000| Complete |  0
| 148|0x0000000089400000, 0x0000000089500000, 0x0000000089500000|100%| E|CS|TAMS 0x0000000089400000| PB 0x0000000089400000| Complete |  0
| 149|0x0000000089500000, 0x0000000089600000, 0x0000000089600000|100%| E|CS|TAMS 0x0000000089500000| PB 0x0000000089500000| Complete |  0
| 150|0x0000000089600000, 0x0000000089700000, 0x0000000089700000|100%| E|CS|TAMS 0x0000000089600000| PB 0x0000000089600000| Complete |  0
| 151|0x0000000089700000, 0x0000000089800000, 0x0000000089800000|100%| E|CS|TAMS 0x0000000089700000| PB 0x0000000089700000| Complete |  0
| 152|0x0000000089800000, 0x0000000089900000, 0x0000000089900000|100%| E|CS|TAMS 0x0000000089800000| PB 0x0000000089800000| Complete |  0
| 153|0x0000000089900000, 0x0000000089a00000, 0x0000000089a00000|100%| E|CS|TAMS 0x0000000089900000| PB 0x0000000089900000| Complete |  0
| 154|0x0000000089a00000, 0x0000000089b00000, 0x0000000089b00000|100%| E|CS|TAMS 0x0000000089a00000| PB 0x0000000089a00000| Complete |  0
| 221|0x000000008dd00000, 0x000000008de00000, 0x000000008de00000|100%| E|CS|TAMS 0x000000008dd00000| PB 0x000000008dd00000| Complete |  0
|2042|0x00000000ffa00000, 0x00000000ffb00000, 0x00000000ffb00000|100%| O|  |TAMS 0x00000000ffa00000| PB 0x00000000ffa00000| Untracked |  0
|2043|0x00000000ffb00000, 0x00000000ffc00000, 0x00000000ffc00000|100%| O|  |TAMS 0x00000000ffb00000| PB 0x00000000ffb00000| Untracked |  0
|2044|0x00000000ffc00000, 0x00000000ffd00000, 0x00000000ffd00000|100%| O|  |TAMS 0x00000000ffc00000| PB 0x00000000ffc00000| Untracked |  0
|2045|0x00000000ffd00000, 0x00000000ffe00000, 0x00000000ffe00000|100%| O|  |TAMS 0x00000000ffd00000| PB 0x00000000ffd00000| Untracked |  0
|2046|0x00000000ffe00000, 0x00000000fff00000, 0x00000000fff00000|100%| O|  |TAMS 0x00000000ffe00000| PB 0x00000000ffe00000| Untracked |  0
|2047|0x00000000fff00000, 0x0000000100000000, 0x0000000100000000|100%| E|CS|TAMS 0x00000000fff00000| PB 0x00000000fff00000| Complete |  0

Card table byte_map: [0x00000125a7a60000,0x00000125a7e60000] _byte_map_base: 0x00000125a7660000

Marking Bits: (CMBitMap*) 0x000001258f5a14a0
 Bits: [0x00000125a7e60000, 0x00000125a9e60000)

Polling page: 0x000001258d420000

Metaspace:
Metaspace        used 71773K, committed 72192K, reserved 1114112K
 class space     used 8283K, committed 8448K, reserved 1048576K

Usage:
  Non-class:     62.00 MB used.
      Class:      8.09 MB used.
       Both:     70.09 MB used.

Virtual space:
  Non-class space:       64.00 MB reserved,      62.25 MB ( 97%) committed,  1 nodes.
      Class space:        1.00 GB reserved,       8.25 MB ( <1%) committed,  1 nodes.
             Both:        1.06 GB reserved,      70.50 MB (  6%) committed. 

Chunk freelists:
   Non-Class:  1.56 MB
       Class:  7.77 MB
        Both:  9.33 MB

MaxMetaspaceSize: unlimited
CompressedClassSpaceSize: 1.00 GB
Initial GC threshold: 21.00 MB
Current GC threshold: 116.88 MB
CDS: on
 - commit_granule_bytes: 65536.
 - commit_granule_words: 8192.
 - virtual_space_node_default_size: 8388608.
 - enlarge_chunks_in_place: 1.
UseCompressedClassPointers 1, UseCompactObjectHeaders 0
Narrow klass pointer bits 32, Max shift 3
Narrow klass base: 0x000000001d000000, Narrow klass shift: 0
Encoding Range: [0x000000001d000000 - 0x000000011d000000), (4294967296 bytes)
Klass Range:    [0x000000001d010000 - 0x000000005e000000), (1090453504 bytes)
Klass ID Range:  [65536 - 1090519033) (1090453497)
Protection zone: [0x000000001d000000 - 0x000000001d010000), (65536 bytes)


Internal statistics:

num_allocs_failed_limit: 9.
num_arena_births: 494.
num_arena_deaths: 0.
num_vsnodes_births: 2.
num_vsnodes_deaths: 0.
num_space_committed: 1126.
num_space_uncommitted: 0.
num_chunks_returned_to_freelist: 9.
num_chunks_taken_from_freelist: 2860.
num_chunk_merges: 6.
num_chunk_splits: 2226.
num_chunks_enlarged: 1941.
num_inconsistent_stats: 0.

CodeHeap 'non-profiled nmethods': size=119232Kb used=1335Kb max_used=3623Kb free=117896Kb
 bounds [0x000001259f970000, 0x000001259fd00000, 0x00000125a6de0000]
CodeHeap 'profiled nmethods': size=119104Kb used=2251Kb max_used=11994Kb free=116852Kb
 bounds [0x0000012597de0000, 0x00000125989c0000, 0x000001259f230000]
CodeHeap 'non-nmethods': size=7424Kb used=4021Kb max_used=4116Kb free=3402Kb
 bounds [0x000001259f230000, 0x000001259f650000, 0x000001259f970000]
CodeCache: size=245760Kb, used=7607Kb, max_used=19733Kb, free=238150Kb
 total_blobs=3312, nmethods=1910, adapters=1302, full_count=0
Compilation: enabled, stopped_count=0, restarted_count=0

Compilation events (20 events):
Event: 303.601 Thread 0x00000125acaa31d0 nmethod 9792 0x000001259fcb0688 code [0x000001259fcb0780, 0x000001259fcb0a40]
Event: 303.601 Thread 0x00000125acaa31d0 9793       4       java.util.regex.Pattern::expr (142 bytes)
Event: 303.607 Thread 0x00000125acaa31d0 nmethod 9793 0x000001259fcafc08 code [0x000001259fcafd00, 0x000001259fcb0668]
Event: 303.607 Thread 0x00000125acaa31d0 9779       4       java.lang.Float::isNaN (12 bytes)
Event: 303.608 Thread 0x00000125acaa31d0 nmethod 9779 0x000001259fcaf888 code [0x000001259fcaf980, 0x000001259fcafa20]
Event: 303.630 Thread 0x00000125acaa31d0 9795       4       java.lang.Math::floorMod (28 bytes)
Event: 303.631 Thread 0x00000125acaa31d0 nmethod 9795 0x000001259fae6a88 code [0x000001259fae6b80, 0x000001259fae6c60]
Event: 303.694 Thread 0x00000125b50b1370 9796       3       java.lang.invoke.DirectMethodHandle$Holder::newInvokeSpecial (28 bytes)
Event: 303.694 Thread 0x00000125acaa88f0 9797       3       java.lang.AbstractStringBuilder::<init> (68 bytes)
Event: 303.695 Thread 0x00000125b50b1370 nmethod 9796 0x00000125985f2c88 code [0x00000125985f2d80, 0x00000125985f3350]
Event: 303.695 Thread 0x00000125acaa88f0 nmethod 9797 0x00000125985f2308 code [0x00000125985f2400, 0x00000125985f2c78]
Event: 303.710 Thread 0x00000125acaa31d0 9798       4       org.springframework.boot.loader.zip.ZipCentralDirectoryFileHeaderRecord::<init> (98 bytes)
Event: 303.711 Thread 0x00000125acaa31d0 nmethod 9798 0x000001259fae6788 code [0x000001259fae6880, 0x000001259fae6978]
Event: 303.715 Thread 0x00000125acaa31d0 9799       4       org.springframework.boot.loader.zip.ZipCentralDirectoryFileHeaderRecord::load (156 bytes)
Event: 303.741 Thread 0x00000125acaa31d0 nmethod 9799 0x000001259fcf8f08 code [0x000001259fcf9000, 0x000001259fcf9e10]
Event: 303.742 Thread 0x00000125acaa31d0 9800       4       java.io.File::isInvalid (47 bytes)
Event: 303.747 Thread 0x00000125acaa31d0 nmethod 9800 0x000001259fae5f88 code [0x000001259fae6080, 0x000001259fae6718]
Event: 303.747 Thread 0x00000125acaa31d0 9801       4       java.lang.Math::floorDiv (30 bytes)
Event: 303.748 Thread 0x00000125acaa31d0 nmethod 9801 0x000001259fcf8c08 code [0x000001259fcf8d00, 0x000001259fcf8de0]
Event: 303.777 Thread 0x00000125acaa31d0 9802  s!   4       org.bytedeco.javacpp.Loader::loadLibrary (1711 bytes)

GC Heap Usage History (20 events):
Event: 299.325 {heap Before GC invocations=64 (full 0):
 garbage-first heap   total reserved 2097152K, committed 116736K, used 100823K [0x0000000080000000, 0x0000000100000000)
  region size 1024K, 68 young (69632K), 1 survivors (1024K)
}
Event: 299.326 {heap After GC invocations=65 (full 0):
 garbage-first heap   total reserved 2097152K, committed 140288K, used 32218K [0x0000000080000000, 0x0000000100000000)
  region size 1024K, 1 young (1024K), 1 survivors (1024K)
}
Event: 299.390 {heap Before GC invocations=66 (full 0):
 garbage-first heap   total reserved 2097152K, committed 116736K, used 100826K [0x0000000080000000, 0x0000000100000000)
  region size 1024K, 68 young (69632K), 1 survivors (1024K)
}
Event: 299.391 {heap After GC invocations=67 (full 0):
 garbage-first heap   total reserved 2097152K, committed 116736K, used 32223K [0x0000000080000000, 0x0000000100000000)
  region size 1024K, 1 young (1024K), 1 survivors (1024K)
}
Event: 299.462 {heap Before GC invocations=67 (full 0):
 garbage-first heap   total reserved 2097152K, committed 116736K, used 100831K [0x0000000080000000, 0x0000000100000000)
  region size 1024K, 68 young (69632K), 1 survivors (1024K)
}
Event: 299.463 {heap After GC invocations=68 (full 0):
 garbage-first heap   total reserved 2097152K, committed 116736K, used 32192K [0x0000000080000000, 0x0000000100000000)
  region size 1024K, 1 young (1024K), 1 survivors (1024K)
}
Event: 299.611 {heap Before GC invocations=68 (full 0):
 garbage-first heap   total reserved 2097152K, committed 116736K, used 100800K [0x0000000080000000, 0x0000000100000000)
  region size 1024K, 68 young (69632K), 1 survivors (1024K)
}
Event: 299.613 {heap After GC invocations=69 (full 0):
 garbage-first heap   total reserved 2097152K, committed 116736K, used 32210K [0x0000000080000000, 0x0000000100000000)
  region size 1024K, 1 young (1024K), 1 survivors (1024K)
}
Event: 299.704 {heap Before GC invocations=70 (full 0):
 garbage-first heap   total reserved 2097152K, committed 116736K, used 100818K [0x0000000080000000, 0x0000000100000000)
  region size 1024K, 68 young (69632K), 1 survivors (1024K)
}
Event: 299.705 {heap After GC invocations=71 (full 0):
 garbage-first heap   total reserved 2097152K, committed 116736K, used 32215K [0x0000000080000000, 0x0000000100000000)
  region size 1024K, 1 young (1024K), 1 survivors (1024K)
}
Event: 299.781 {heap Before GC invocations=71 (full 0):
 garbage-first heap   total reserved 2097152K, committed 116736K, used 100823K [0x0000000080000000, 0x0000000100000000)
  region size 1024K, 68 young (69632K), 1 survivors (1024K)
}
Event: 299.783 {heap After GC invocations=72 (full 0):
 garbage-first heap   total reserved 2097152K, committed 116736K, used 32196K [0x0000000080000000, 0x0000000100000000)
  region size 1024K, 1 young (1024K), 1 survivors (1024K)
}
Event: 299.945 {heap Before GC invocations=72 (full 0):
 garbage-first heap   total reserved 2097152K, committed 116736K, used 100804K [0x0000000080000000, 0x0000000100000000)
  region size 1024K, 68 young (69632K), 1 survivors (1024K)
}
Event: 299.947 {heap After GC invocations=73 (full 0):
 garbage-first heap   total reserved 2097152K, committed 140288K, used 32223K [0x0000000080000000, 0x0000000100000000)
  region size 1024K, 1 young (1024K), 1 survivors (1024K)
}
Event: 300.083 {heap Before GC invocations=74 (full 0):
 garbage-first heap   total reserved 2097152K, committed 116736K, used 100831K [0x0000000080000000, 0x0000000100000000)
  region size 1024K, 68 young (69632K), 1 survivors (1024K)
}
Event: 300.084 {heap After GC invocations=75 (full 0):
 garbage-first heap   total reserved 2097152K, committed 116736K, used 32227K [0x0000000080000000, 0x0000000100000000)
  region size 1024K, 1 young (1024K), 1 survivors (1024K)
}
Event: 300.153 {heap Before GC invocations=75 (full 0):
 garbage-first heap   total reserved 2097152K, committed 116736K, used 100835K [0x0000000080000000, 0x0000000100000000)
  region size 1024K, 68 young (69632K), 1 survivors (1024K)
}
Event: 300.154 {heap After GC invocations=76 (full 0):
 garbage-first heap   total reserved 2097152K, committed 116736K, used 32209K [0x0000000080000000, 0x0000000100000000)
  region size 1024K, 1 young (1024K), 1 survivors (1024K)
}
Event: 300.926 {heap Before GC invocations=76 (full 0):
 garbage-first heap   total reserved 2097152K, committed 116736K, used 100817K [0x0000000080000000, 0x0000000100000000)
  region size 1024K, 68 young (69632K), 1 survivors (1024K)
}
Event: 300.928 {heap After GC invocations=77 (full 0):
 garbage-first heap   total reserved 2097152K, committed 116736K, used 32531K [0x0000000080000000, 0x0000000100000000)
  region size 1024K, 1 young (1024K), 1 survivors (1024K)
}

Metaspace Usage History (20 events):
Event: 299.325 {metaspace Before GC invocations=64 (full 0):
 Metaspace       used 69625K, committed 70016K, reserved 1114112K
  class space    used 8020K, committed 8192K, reserved 1048576K
}
Event: 299.326 {metaspace After GC invocations=65 (full 0):
 Metaspace       used 69625K, committed 70016K, reserved 1114112K
  class space    used 8020K, committed 8192K, reserved 1048576K
}
Event: 299.390 {metaspace Before GC invocations=66 (full 0):
 Metaspace       used 69625K, committed 70016K, reserved 1114112K
  class space    used 8020K, committed 8192K, reserved 1048576K
}
Event: 299.391 {metaspace After GC invocations=67 (full 0):
 Metaspace       used 69625K, committed 70016K, reserved 1114112K
  class space    used 8020K, committed 8192K, reserved 1048576K
}
Event: 299.462 {metaspace Before GC invocations=67 (full 0):
 Metaspace       used 69625K, committed 70016K, reserved 1114112K
  class space    used 8020K, committed 8192K, reserved 1048576K
}
Event: 299.463 {metaspace After GC invocations=68 (full 0):
 Metaspace       used 69625K, committed 70016K, reserved 1114112K
  class space    used 8020K, committed 8192K, reserved 1048576K
}
Event: 299.611 {metaspace Before GC invocations=68 (full 0):
 Metaspace       used 69633K, committed 70080K, reserved 1114112K
  class space    used 8020K, committed 8192K, reserved 1048576K
}
Event: 299.613 {metaspace After GC invocations=69 (full 0):
 Metaspace       used 69633K, committed 70080K, reserved 1114112K
  class space    used 8020K, committed 8192K, reserved 1048576K
}
Event: 299.704 {metaspace Before GC invocations=70 (full 0):
 Metaspace       used 69633K, committed 70080K, reserved 1114112K
  class space    used 8020K, committed 8192K, reserved 1048576K
}
Event: 299.705 {metaspace After GC invocations=71 (full 0):
 Metaspace       used 69633K, committed 70080K, reserved 1114112K
  class space    used 8020K, committed 8192K, reserved 1048576K
}
Event: 299.781 {metaspace Before GC invocations=71 (full 0):
 Metaspace       used 69633K, committed 70080K, reserved 1114112K
  class space    used 8020K, committed 8192K, reserved 1048576K
}
Event: 299.783 {metaspace After GC invocations=72 (full 0):
 Metaspace       used 69633K, committed 70080K, reserved 1114112K
  class space    used 8020K, committed 8192K, reserved 1048576K
}
Event: 299.945 {metaspace Before GC invocations=72 (full 0):
 Metaspace       used 69633K, committed 70080K, reserved 1114112K
  class space    used 8020K, committed 8192K, reserved 1048576K
}
Event: 299.947 {metaspace After GC invocations=73 (full 0):
 Metaspace       used 69633K, committed 70080K, reserved 1114112K
  class space    used 8020K, committed 8192K, reserved 1048576K
}
Event: 300.083 {metaspace Before GC invocations=74 (full 0):
 Metaspace       used 69633K, committed 70080K, reserved 1114112K
  class space    used 8020K, committed 8192K, reserved 1048576K
}
Event: 300.084 {metaspace After GC invocations=75 (full 0):
 Metaspace       used 69633K, committed 70080K, reserved 1114112K
  class space    used 8020K, committed 8192K, reserved 1048576K
}
Event: 300.153 {metaspace Before GC invocations=75 (full 0):
 Metaspace       used 69633K, committed 70080K, reserved 1114112K
  class space    used 8020K, committed 8192K, reserved 1048576K
}
Event: 300.154 {metaspace After GC invocations=76 (full 0):
 Metaspace       used 69633K, committed 70080K, reserved 1114112K
  class space    used 8020K, committed 8192K, reserved 1048576K
}
Event: 300.926 {metaspace Before GC invocations=76 (full 0):
 Metaspace       used 71123K, committed 71552K, reserved 1114112K
  class space    used 8237K, committed 8384K, reserved 1048576K
}
Event: 300.928 {metaspace After GC invocations=77 (full 0):
 Metaspace       used 71123K, committed 71552K, reserved 1114112K
  class space    used 8237K, committed 8384K, reserved 1048576K
}

Dll operation events (20 events):
Event: 295.945 Loaded shared library C:\Users\÷Á\.javacpp\cache\javacpp-1.5.10-windows-x86_64.jar\org\bytedeco\javacpp\windows-x86_64\api-ms-win-core-util-l1-1-0.dll
Event: 295.964 Loaded shared library C:\Users\÷Á\.javacpp\cache\javacpp-1.5.10-windows-x86_64.jar\org\bytedeco\javacpp\windows-x86_64\api-ms-win-core-interlocked-l1-1-0.dll
Event: 295.992 Loaded shared library C:\Users\÷Á\.javacpp\cache\javacpp-1.5.10-windows-x86_64.jar\org\bytedeco\javacpp\windows-x86_64\ucrtbase.dll
Event: 296.011 Loaded shared library C:\Users\÷Á\.javacpp\cache\javacpp-1.5.10-windows-x86_64.jar\org\bytedeco\javacpp\windows-x86_64\vcruntime140.dll
Event: 296.029 Loaded shared library C:\Users\÷Á\.javacpp\cache\javacpp-1.5.10-windows-x86_64.jar\org\bytedeco\javacpp\windows-x86_64\vcruntime140_1.dll
Event: 296.051 Loaded shared library C:\Users\÷Á\.javacpp\cache\javacpp-1.5.10-windows-x86_64.jar\org\bytedeco\javacpp\windows-x86_64\msvcp140.dll
Event: 296.071 Loaded shared library C:\Users\÷Á\.javacpp\cache\javacpp-1.5.10-windows-x86_64.jar\org\bytedeco\javacpp\windows-x86_64\msvcp140_1.dll
Event: 296.095 Loaded shared library C:\Users\÷Á\.javacpp\cache\javacpp-1.5.10-windows-x86_64.jar\org\bytedeco\javacpp\windows-x86_64\concrt140.dll
Event: 296.117 Loaded shared library C:\Users\÷Á\.javacpp\cache\javacpp-1.5.10-windows-x86_64.jar\org\bytedeco\javacpp\windows-x86_64\vcomp140.dll
Event: 296.134 Loaded shared library C:\Users\÷Á\.javacpp\cache\javacpp-1.5.10-windows-x86_64.jar\org\bytedeco\javacpp\windows-x86_64\jnijavacpp.dll
Event: 296.460 Loaded shared library C:\Users\÷Á\.javacpp\cache\openblas-0.3.26-1.5.10-windows-x86_64.jar\org\bytedeco\openblas\windows-x86_64\libopenblas_nolapack.dll
Event: 297.084 Loaded shared library C:\Users\÷Á\.javacpp\cache\openblas-0.3.26-1.5.10-windows-x86_64.jar\org\bytedeco\openblas\windows-x86_64\jniopenblas_nolapack.dll
Event: 297.436 Loaded shared library C:\Users\÷Á\.javacpp\cache\openblas-0.3.26-1.5.10-windows-x86_64.jar\org\bytedeco\openblas\windows-x86_64\libopenblas.dll
Event: 297.868 Loaded shared library C:\Users\÷Á\.javacpp\cache\openblas-0.3.26-1.5.10-windows-x86_64.jar\org\bytedeco\openblas\windows-x86_64\jniopenblas.dll
Event: 299.916 Loaded shared library C:\Users\÷Á\.javacpp\cache\opencv-4.9.0-1.5.10-windows-x86_64.jar\org\bytedeco\opencv\windows-x86_64\opencv_core490.dll
Event: 300.075 Loaded shared library C:\Users\÷Á\.javacpp\cache\opencv-4.9.0-1.5.10-windows-x86_64.jar\org\bytedeco\opencv\windows-x86_64\opencv_imgproc490.dll
Event: 300.202 Loaded shared library C:\Users\÷Á\.javacpp\cache\opencv-4.9.0-1.5.10-windows-x86_64.jar\org\bytedeco\opencv\windows-x86_64\jniopencv_core.dll
Event: 301.031 Loaded shared library C:\Users\÷Á\.javacpp\cache\opencv-4.9.0-1.5.10-windows-x86_64.jar\org\bytedeco\opencv\windows-x86_64\jniopencv_imgproc.dll
Event: 301.182 Loaded shared library C:\Users\÷Á\.javacpp\cache\opencv-4.9.0-1.5.10-windows-x86_64.jar\org\bytedeco\opencv\windows-x86_64\opencv_imgcodecs490.dll
Event: 301.199 Loaded shared library C:\Users\÷Á\.javacpp\cache\opencv-4.9.0-1.5.10-windows-x86_64.jar\org\bytedeco\opencv\windows-x86_64\jniopencv_imgcodecs.dll

Deoptimization events (20 events):
Event: 300.260 Thread 0x00000125b4185370 Uncommon trap: trap_request=0xffffffbe fr.pc=0x000001259f9a3a48 relative=0x00000000000011c8
Event: 300.260 Thread 0x00000125b4185370 Uncommon trap: reason=profile_predicate action=maybe_recompile pc=0x000001259f9a3a48 method=sun.net.www.ParseUtil.firstEncodeIndex(Ljava/lang/String;)I @ 9 c2
Event: 300.260 Thread 0x00000125b4185370 DEOPT PACKING pc=0x000001259f9a3a48 sp=0x0000002024cfa140
Event: 300.260 Thread 0x00000125b4185370 DEOPT UNPACKING pc=0x000001259f350902 sp=0x0000002024cfa010 mode 2
Event: 300.260 Thread 0x00000125b4185370 Uncommon trap: trap_request=0xffffffbe fr.pc=0x000001259f9a3a48 relative=0x00000000000011c8
Event: 300.260 Thread 0x00000125b4185370 Uncommon trap: reason=profile_predicate action=maybe_recompile pc=0x000001259f9a3a48 method=sun.net.www.ParseUtil.firstEncodeIndex(Ljava/lang/String;)I @ 9 c2
Event: 300.260 Thread 0x00000125b4185370 DEOPT PACKING pc=0x000001259f9a3a48 sp=0x0000002024cfa140
Event: 300.260 Thread 0x00000125b4185370 DEOPT UNPACKING pc=0x000001259f350902 sp=0x0000002024cfa010 mode 2
Event: 300.260 Thread 0x00000125b4185370 Uncommon trap: trap_request=0xffffffbe fr.pc=0x000001259f9a3a48 relative=0x00000000000011c8
Event: 300.260 Thread 0x00000125b4185370 Uncommon trap: reason=profile_predicate action=maybe_recompile pc=0x000001259f9a3a48 method=sun.net.www.ParseUtil.firstEncodeIndex(Ljava/lang/String;)I @ 9 c2
Event: 300.260 Thread 0x00000125b4185370 DEOPT PACKING pc=0x000001259f9a3a48 sp=0x0000002024cfa140
Event: 300.260 Thread 0x00000125b4185370 DEOPT UNPACKING pc=0x000001259f350902 sp=0x0000002024cfa010 mode 2
Event: 300.260 Thread 0x00000125b4185370 Uncommon trap: trap_request=0xffffffbe fr.pc=0x000001259f9a3a48 relative=0x00000000000011c8
Event: 300.260 Thread 0x00000125b4185370 Uncommon trap: reason=profile_predicate action=maybe_recompile pc=0x000001259f9a3a48 method=sun.net.www.ParseUtil.firstEncodeIndex(Ljava/lang/String;)I @ 9 c2
Event: 300.260 Thread 0x00000125b4185370 DEOPT PACKING pc=0x000001259f9a3a48 sp=0x0000002024cfa140
Event: 300.260 Thread 0x00000125b4185370 DEOPT UNPACKING pc=0x000001259f350902 sp=0x0000002024cfa010 mode 2
Event: 300.623 Thread 0x00000125b4185370 DEOPT PACKING pc=0x0000012597fd19ad sp=0x0000002024cfae60
Event: 300.623 Thread 0x00000125b4185370 DEOPT UNPACKING pc=0x000001259f281702 sp=0x0000002024cfa348 mode 0
Event: 301.521 Thread 0x00000125b4185370 DEOPT PACKING pc=0x000001259893eff5 sp=0x0000002024cfc120
Event: 301.521 Thread 0x00000125b4185370 DEOPT UNPACKING pc=0x000001259f281702 sp=0x0000002024cfb608 mode 0

Classes loaded (20 events):
Event: 295.282 Loading class com/sun/imageio/plugins/jpeg/AdobeMarkerSegment
Event: 295.282 Loading class com/sun/imageio/plugins/jpeg/AdobeMarkerSegment done
Event: 295.282 Loading class com/sun/imageio/plugins/jpeg/DRIMarkerSegment
Event: 295.282 Loading class com/sun/imageio/plugins/jpeg/DRIMarkerSegment done
Event: 295.320 Loading class java/lang/UnsatisfiedLinkError
Event: 295.320 Loading class java/lang/UnsatisfiedLinkError done
Event: 295.332 Loading class java/nio/file/FileAlreadyExistsException
Event: 295.333 Loading class java/nio/file/FileAlreadyExistsException done
Event: 295.333 Loading class java/nio/file/FileVisitor
Event: 295.333 Loading class java/nio/file/FileVisitor done
Event: 295.334 Loading class java/lang/SecurityManager$StackWalkerHolder
Event: 295.334 Loading class java/lang/SecurityManager$StackWalkerHolder done
Event: 295.335 Loading class java/lang/StackStreamFactory$ClassFrameBuffer
Event: 295.335 Loading class java/lang/StackStreamFactory$ClassFrameBuffer done
Event: 301.588 Loading class java/nio/HeapFloatBuffer
Event: 301.589 Loading class java/nio/HeapFloatBuffer done
Event: 301.599 Loading class java/nio/DirectFloatBufferU
Event: 301.600 Loading class java/nio/DirectFloatBufferU done
Event: 303.585 Loading class java/util/logging/LogRecord
Event: 303.586 Loading class java/util/logging/LogRecord done

Classes unloaded (0 events):
No events

Classes redefined (0 events):
No events

Internal exceptions (20 events):
Event: 274.773 Thread 0x00000125b50a68b0 Exception <a 'java/io/FileNotFoundException'{0x00000000fff4b4f8}> (0x00000000fff4b4f8) 
thrown [s\open\src\hotspot\share\prims\jni.cpp, line 516]
Event: 274.773 Thread 0x00000125b50a68b0 Exception <a 'java/io/FileNotFoundException'{0x00000000fff4bb18}> (0x00000000fff4bb18) 
thrown [s\open\src\hotspot\share\prims\jni.cpp, line 516]
Event: 284.781 Thread 0x00000125b50a68b0 Exception <a 'java/io/FileNotFoundException'{0x00000000fff4c388}> (0x00000000fff4c388) 
thrown [s\open\src\hotspot\share\prims\jni.cpp, line 516]
Event: 284.782 Thread 0x00000125b50a68b0 Exception <a 'java/io/FileNotFoundException'{0x00000000fff4c9a8}> (0x00000000fff4c9a8) 
thrown [s\open\src\hotspot\share\prims\jni.cpp, line 516]
Event: 294.794 Thread 0x00000125b50a68b0 Exception <a 'java/io/FileNotFoundException'{0x00000000fff4d218}> (0x00000000fff4d218) 
thrown [s\open\src\hotspot\share\prims\jni.cpp, line 516]
Event: 294.794 Thread 0x00000125b50a68b0 Exception <a 'java/io/FileNotFoundException'{0x00000000fff4d838}> (0x00000000fff4d838) 
thrown [s\open\src\hotspot\share\prims\jni.cpp, line 516]
Event: 295.108 Thread 0x00000125b4185370 Exception <a 'java/lang/ClassNotFoundException'{0x0000000084a94da8}: sun/awt/resources/spi/awtProvider> (0x0000000084a94da8) 
thrown [s\open\src\hotspot\share\classfile\systemDictionary.cpp, line 328]
Event: 295.127 Thread 0x00000125b4185370 Exception <a 'java/io/FileNotFoundException'{0x0000000084aa1228}> (0x0000000084aa1228) 
thrown [s\open\src\hotspot\share\prims\jni.cpp, line 516]
Event: 295.127 Thread 0x00000125b4185370 Exception <a 'java/io/FileNotFoundException'{0x0000000084aa2488}> (0x0000000084aa2488) 
thrown [s\open\src\hotspot\share\prims\jni.cpp, line 516]
Event: 295.346 Thread 0x00000125b4185370 Exception <a 'java/io/IOException'{0x0000000083d088c0}> (0x0000000083d088c0) 
thrown [s\open\src\hotspot\share\prims\jni.cpp, line 516]
Event: 295.350 Thread 0x00000125b4185370 Exception <a 'java/io/IOException'{0x0000000083d093e8}> (0x0000000083d093e8) 
thrown [s\open\src\hotspot\share\prims\jni.cpp, line 516]
Event: 295.355 Thread 0x00000125b4185370 Exception <a 'java/lang/ClassNotFoundException'{0x0000000083d40050}: org/springframework/boot/loader/net/protocol/jar/Handler> (0x0000000083d40050) 
thrown [s\open\src\hotspot\share\classfile\systemDictionary.cpp, line 328]
Event: 296.229 Thread 0x00000125b4185370 Exception <a 'java/io/IOException'{0x000000008672e858}> (0x000000008672e858) 
thrown [s\open\src\hotspot\share\prims\jni.cpp, line 516]
Event: 296.231 Thread 0x00000125b4185370 Exception <a 'java/io/IOException'{0x000000008672f340}> (0x000000008672f340) 
thrown [s\open\src\hotspot\share\prims\jni.cpp, line 516]
Event: 296.232 Thread 0x00000125b4185370 Exception <a 'java/io/IOException'{0x000000008672fde8}> (0x000000008672fde8) 
thrown [s\open\src\hotspot\share\prims\jni.cpp, line 516]
Event: 296.233 Thread 0x00000125b4185370 Exception <a 'java/io/IOException'{0x0000000086730868}> (0x0000000086730868) 
thrown [s\open\src\hotspot\share\prims\jni.cpp, line 516]
Event: 299.830 Thread 0x00000125b4185370 Exception <a 'java/io/IOException'{0x00000000845223b8}> (0x00000000845223b8) 
thrown [s\open\src\hotspot\share\prims\jni.cpp, line 516]
Event: 299.831 Thread 0x00000125b4185370 Exception <a 'java/io/IOException'{0x0000000084522e78}> (0x0000000084522e78) 
thrown [s\open\src\hotspot\share\prims\jni.cpp, line 516]
Event: 299.833 Thread 0x00000125b4185370 Exception <a 'java/io/IOException'{0x0000000084523920}> (0x0000000084523920) 
thrown [s\open\src\hotspot\share\prims\jni.cpp, line 516]
Event: 299.835 Thread 0x00000125b4185370 Exception <a 'java/io/IOException'{0x0000000084524390}> (0x0000000084524390) 
thrown [s\open\src\hotspot\share\prims\jni.cpp, line 516]

VM Operations (20 events):
Event: 299.945 Executing safepoint VM operation: G1CollectForAllocation (G1 Evacuation Pause)
Event: 299.947 Executing safepoint VM operation: G1CollectForAllocation (G1 Evacuation Pause) done
Event: 299.970 Executing safepoint VM operation: G1PauseRemark
Event: 299.973 Executing safepoint VM operation: G1PauseRemark done
Event: 299.982 Executing safepoint VM operation: G1PauseCleanup
Event: 299.982 Executing safepoint VM operation: G1PauseCleanup done
Event: 300.083 Executing safepoint VM operation: G1CollectForAllocation (G1 Evacuation Pause)
Event: 300.084 Executing safepoint VM operation: G1CollectForAllocation (G1 Evacuation Pause) done
Event: 300.153 Executing safepoint VM operation: G1CollectForAllocation (G1 Evacuation Pause)
Event: 300.154 Executing safepoint VM operation: G1CollectForAllocation (G1 Evacuation Pause) done
Event: 300.853 Executing non-safepoint VM operation: HandshakeAllThreads (HandshakeForDeflation)
Event: 300.853 Executing non-safepoint VM operation: HandshakeAllThreads (HandshakeForDeflation) done
Event: 300.853 Executing non-safepoint VM operation: RendezvousGCThreads
Event: 300.853 Executing non-safepoint VM operation: RendezvousGCThreads done
Event: 300.926 Executing safepoint VM operation: G1CollectForAllocation (G1 Evacuation Pause)
Event: 300.928 Executing safepoint VM operation: G1CollectForAllocation (G1 Evacuation Pause) done
Event: 300.953 Executing safepoint VM operation: G1PauseRemark
Event: 300.955 Executing safepoint VM operation: G1PauseRemark done
Event: 300.964 Executing safepoint VM operation: G1PauseCleanup
Event: 300.964 Executing safepoint VM operation: G1PauseCleanup done

Memory protections (0 events):
No events

Nmethod flushes (20 events):
Event: 299.972 Thread 0x00000125aca79070 flushing  nmethod 0x00000125988fd108
Event: 299.972 Thread 0x00000125aca79070 flushing  nmethod 0x00000125988fe308
Event: 299.972 Thread 0x00000125aca79070 flushing  nmethod 0x0000012598931588
Event: 299.972 Thread 0x00000125aca79070 flushing  nmethod 0x0000012598932088
Event: 299.972 Thread 0x00000125aca79070 flushing  nmethod 0x0000012598932a88
Event: 299.972 Thread 0x00000125aca79070 flushing  nmethod 0x0000012598932d88
Event: 299.972 Thread 0x00000125aca79070 flushing  nmethod 0x0000012598935c08
Event: 299.973 Thread 0x00000125aca79070 flushing  nmethod 0x0000012598936488
Event: 299.973 Thread 0x00000125aca79070 flushing  nmethod 0x0000012598936788
Event: 299.973 Thread 0x00000125aca79070 flushing  nmethod 0x0000012598937108
Event: 299.973 Thread 0x00000125aca79070 flushing  nmethod 0x0000012598937708
Event: 299.973 Thread 0x00000125aca79070 flushing  nmethod 0x0000012598937a88
Event: 299.973 Thread 0x00000125aca79070 flushing  nmethod 0x0000012598938388
Event: 299.973 Thread 0x00000125aca79070 flushing  nmethod 0x0000012598938b88
Event: 299.973 Thread 0x00000125aca79070 flushing  nmethod 0x000001259895aa88
Event: 299.973 Thread 0x00000125aca79070 flushing  nmethod 0x000001259895b288
Event: 299.973 Thread 0x00000125aca79070 flushing  nmethod 0x000001259895b588
Event: 299.973 Thread 0x00000125aca79070 flushing  nmethod 0x000001259895d608
Event: 299.973 Thread 0x00000125aca79070 flushing  nmethod 0x0000012598969408
Event: 300.954 Thread 0x00000125aca79070 flushing  nmethod 0x0000012597ff5508

Events (20 events):
Event: 299.752 Thread 0x00000125b50aeb20 Thread exited: 0x00000125b50aeb20
Event: 299.807 Thread 0x00000125b38cd350 Thread exited: 0x00000125b38cd350
Event: 299.807 Thread 0x00000125b38c9ca0 Thread exited: 0x00000125b38c9ca0
Event: 299.848 Thread 0x00000125b50b1b80 Thread added: 0x00000125b50b0350
Event: 299.869 Thread 0x00000125b50b1b80 Thread added: 0x00000125b50aeb20
Event: 300.265 Thread 0x00000125b38c5e20 Thread added: 0x00000125b17c0e00
Event: 300.265 Thread 0x00000125b38c5e20 Thread added: 0x00000125b17c0630
Event: 300.266 Thread 0x00000125b38c5e20 Thread added: 0x00000125b17c2d40
Event: 300.267 Thread 0x00000125b38c5e20 Thread added: 0x00000125b17c6bc0
Event: 300.688 Thread 0x00000125b50aeb20 Thread exited: 0x00000125b50aeb20
Event: 301.198 Thread 0x00000125b38d0a00 Thread exited: 0x00000125b38d0a00
Event: 301.198 Thread 0x00000125b38ce2f0 Thread exited: 0x00000125b38ce2f0
Event: 302.538 Thread 0x00000125b50b1b80 Thread exited: 0x00000125b50b1b80
Event: 302.538 Thread 0x00000125b50b0350 Thread exited: 0x00000125b50b0350
Event: 302.696 Thread 0x00000125b3025710 Thread added: 0x00000125b17bd750
Event: 302.696 Thread 0x00000125acaa31d0 Thread added: 0x00000125b50b0350
Event: 302.697 Thread 0x00000125b3025710 Thread added: 0x00000125b17beec0
Event: 303.580 Thread 0x00000125b50b0350 Thread exited: 0x00000125b50b0350
Event: 303.593 Thread 0x00000125b7d55bc0 Thread exited: 0x00000125b7d55bc0
Event: 303.593 Thread 0x00000125b7d57330 Thread exited: 0x00000125b7d57330


Dynamic libraries:
0x00007ff63dcd0000 - 0x00007ff63dce0000 	D:\develop\JDK\bin\java.exe
0x00007fffcd380000 - 0x00007fffcd5e6000 	C:\WINDOWS\SYSTEM32\ntdll.dll
0x00007fffccba0000 - 0x00007fffccc69000 	C:\WINDOWS\System32\KERNEL32.DLL
0x00007fffcaca0000 - 0x00007fffcb09e000 	C:\WINDOWS\System32\KERNELBASE.dll
0x00007fffcab10000 - 0x00007fffcac5c000 	C:\WINDOWS\System32\ucrtbase.dll
0x00007fffc3a90000 - 0x00007fffc3aa7000 	D:\develop\JDK\bin\jli.dll
0x00007fffb6ad0000 - 0x00007fffb6aee000 	D:\develop\JDK\bin\VCRUNTIME140.dll
0x00007fffccdc0000 - 0x00007fffccf87000 	C:\WINDOWS\System32\USER32.dll
0x00007fffcac70000 - 0x00007fffcac97000 	C:\WINDOWS\System32\win32u.dll
0x00007fffccc70000 - 0x00007fffccc9b000 	C:\WINDOWS\System32\GDI32.dll
0x00007fffca5a0000 - 0x00007fffca6ca000 	C:\WINDOWS\System32\gdi32full.dll
0x00007fffb8850000 - 0x00007fffb8ae2000 	C:\WINDOWS\WinSxS\amd64_microsoft.windows.common-controls_6595b64144ccf1df_6.0.26100.8875_none_3e0d5d42e32fe9dd\COMCTL32.dll
0x00007fffca9d0000 - 0x00007fffcaa73000 	C:\WINDOWS\System32\msvcp_win.dll
0x00007fffccf90000 - 0x00007fffcd039000 	C:\WINDOWS\System32\msvcrt.dll
0x00007fffccca0000 - 0x00007fffcccd2000 	C:\WINDOWS\System32\IMM32.DLL
0x00007fffb6ac0000 - 0x00007fffb6acc000 	D:\develop\JDK\bin\vcruntime140_1.dll
0x00007fffa7f70000 - 0x00007fffa7ffd000 	D:\develop\JDK\bin\msvcp140.dll
0x00007fff387e0000 - 0x00007fff39640000 	D:\develop\JDK\bin\server\jvm.dll
0x00007fffccce0000 - 0x00007fffccd97000 	C:\WINDOWS\System32\ADVAPI32.dll
0x00007fffcbf40000 - 0x00007fffcbfea000 	C:\WINDOWS\System32\sechost.dll
0x00007fffcbc20000 - 0x00007fffcbd38000 	C:\WINDOWS\System32\RPCRT4.dll
0x00007fffcc1b0000 - 0x00007fffcc230000 	C:\WINDOWS\System32\WS2_32.dll
0x00007fffca400000 - 0x00007fffca45e000 	C:\WINDOWS\SYSTEM32\POWRPROF.dll
0x00007fffc0110000 - 0x00007fffc0146000 	C:\WINDOWS\SYSTEM32\WINMM.dll
0x00007fffc0150000 - 0x00007fffc015b000 	C:\WINDOWS\SYSTEM32\VERSION.dll
0x00007fffca3e0000 - 0x00007fffca3f4000 	C:\WINDOWS\SYSTEM32\UMPDC.dll
0x00007fffc9280000 - 0x00007fffc929b000 	C:\WINDOWS\SYSTEM32\kernel.appcore.dll
0x00007fffb6ab0000 - 0x00007fffb6aba000 	D:\develop\JDK\bin\jimage.dll
0x00007fffc7820000 - 0x00007fffc7a62000 	C:\WINDOWS\SYSTEM32\DBGHELP.DLL
0x00007fffcb820000 - 0x00007fffcbba3000 	C:\WINDOWS\System32\combase.dll
0x00007fffcb740000 - 0x00007fffcb819000 	C:\WINDOWS\System32\OLEAUT32.dll
0x00007fffb36e0000 - 0x00007fffb371b000 	C:\WINDOWS\SYSTEM32\dbgcore.DLL
0x00007fffca910000 - 0x00007fffca9bc000 	C:\WINDOWS\System32\bcryptPrimitives.dll
0x00007fffaa740000 - 0x00007fffaa75f000 	D:\develop\JDK\bin\java.dll
0x00007fffcbd90000 - 0x00007fffcbf29000 	C:\WINDOWS\System32\ole32.dll
0x00007fffcc270000 - 0x00007fffcca02000 	C:\WINDOWS\System32\SHELL32.dll
0x00007fffc8020000 - 0x00007fffc88b2000 	C:\WINDOWS\SYSTEM32\windows.storage.dll
0x00007fffcbff0000 - 0x00007fffcc0e7000 	C:\WINDOWS\System32\SHCORE.dll
0x00007fffcbbb0000 - 0x00007fffcbc17000 	C:\WINDOWS\System32\shlwapi.dll
0x00007fffca4c0000 - 0x00007fffca4e9000 	C:\WINDOWS\SYSTEM32\profapi.dll
0x00007fffaa720000 - 0x00007fffaa732000 	D:\develop\JDK\bin\net.dll
0x00007fffc9830000 - 0x00007fffc989c000 	C:\WINDOWS\system32\mswsock.dll
0x00007fffa8700000 - 0x00007fffa8716000 	D:\develop\JDK\bin\nio.dll
0x00007fffa86a0000 - 0x00007fffa86b7000 	D:\develop\JDK\bin\zip.dll
0x00007ffe6f090000 - 0x00007ffe6fecd000 	C:\Users\÷Á\tools\onnxruntime\onnxruntime-win-x64-1.26.0\lib\onnxruntime.dll
0x00007fffcb2b0000 - 0x00007fffcb737000 	C:\WINDOWS\System32\SETUPAPI.dll
0x00007fffc7e90000 - 0x00007fffc7fce000 	C:\WINDOWS\SYSTEM32\dxgi.dll
0x00007fffbb180000 - 0x00007fffbb189000 	C:\WINDOWS\SYSTEM32\MSVCP140_1.dll
0x00007fffc8cb0000 - 0x00007fffc8ce3000 	C:\WINDOWS\SYSTEM32\IPHLPAPI.DLL
0x00007fffcbf30000 - 0x00007fffcbf3a000 	C:\WINDOWS\System32\NSI.dll
0x00007fffc66b0000 - 0x00007fffc66be000 	C:\WINDOWS\SYSTEM32\WINNSI.DLL
0x00007fffa71c0000 - 0x00007fffa71d8000 	C:\WINDOWS\system32\napinsp.dll
0x00007fffc8cf0000 - 0x00007fffc8e46000 	C:\WINDOWS\SYSTEM32\DNSAPI.dll
0x00007fffc9610000 - 0x00007fffc961d000 	C:\WINDOWS\SYSTEM32\DSPARSE.dll
0x00007fffa69b0000 - 0x00007fffa69c3000 	C:\WINDOWS\System32\winrnr.dll
0x00007fffa6620000 - 0x00007fffa6642000 	C:\WINDOWS\system32\nlansp_c.dll
0x00007fffc2560000 - 0x00007fffc2576000 	C:\WINDOWS\system32\wshbth.dll
0x00007fffc2c70000 - 0x00007fffc2c7b000 	C:\Windows\System32\rasadhlp.dll
0x00007fffc0a30000 - 0x00007fffc0ab6000 	C:\WINDOWS\System32\fwpuclnt.dll
0x00007fffc9b30000 - 0x00007fffc9b4b000 	C:\WINDOWS\SYSTEM32\CRYPTSP.dll
0x00007fffc91c0000 - 0x00007fffc91f9000 	C:\WINDOWS\system32\rsaenh.dll
0x00007fffc98f0000 - 0x00007fffc9922000 	C:\WINDOWS\SYSTEM32\USERENV.dll
0x00007fffca490000 - 0x00007fffca4ba000 	C:\WINDOWS\SYSTEM32\bcrypt.dll
0x00007fffc9b50000 - 0x00007fffc9b5c000 	C:\WINDOWS\SYSTEM32\CRYPTBASE.dll
0x00007fff9f650000 - 0x00007fff9f65e000 	D:\develop\JDK\bin\sunmscapi.dll
0x00007fffca790000 - 0x00007fffca908000 	C:\WINDOWS\System32\CRYPT32.dll
0x00007fffc9d70000 - 0x00007fffc9da0000 	C:\WINDOWS\SYSTEM32\ncrypt.dll
0x00007fffc9d20000 - 0x00007fffc9d5f000 	C:\WINDOWS\SYSTEM32\NTASN1.dll
0x00007fffac520000 - 0x00007fffac528000 	C:\WINDOWS\system32\wshunix.dll
0x00007fffb6aa0000 - 0x00007fffb6aa9000 	D:\develop\JDK\bin\extnet.dll
0x00007ffe6ba20000 - 0x00007ffe6c85d000 	C:\Users\÷Á\AppData\Local\Temp\onnxruntime-java702329031793505993\onnxruntime.dll
0x00007fff48130000 - 0x00007fff48148000 	C:\Users\÷Á\AppData\Local\Temp\onnxruntime-java702329031793505993\onnxruntime4j_jni.dll
0x00007fffca0c0000 - 0x00007fffca0ef000 	C:\WINDOWS\SYSTEM32\DEVOBJ.dll
0x00007fffca100000 - 0x00007fffca151000 	C:\WINDOWS\SYSTEM32\cfgmgr32.dll
0x00007fffcaa80000 - 0x00007fffcab03000 	C:\WINDOWS\System32\WINTRUST.dll
0x00007fffc9c80000 - 0x00007fffc9c93000 	C:\WINDOWS\SYSTEM32\MSASN1.dll
0x00007fffc6d80000 - 0x00007fffc6dc6000 	C:\WINDOWS\SYSTEM32\dxcore.dll
0x00007fffc2140000 - 0x00007fffc219f000 	C:\WINDOWS\SYSTEM32\directxdatabasehelper.dll
0x00007fffb3e20000 - 0x00007fffb3e2a000 	D:\develop\JDK\bin\management.dll
0x00007fffa2230000 - 0x00007fffa223c000 	D:\develop\JDK\bin\management_ext.dll
0x00007fffcb0b0000 - 0x00007fffcb0b8000 	C:\WINDOWS\System32\PSAPI.DLL
0x00007ffe74b30000 - 0x00007ffe74cb4000 	D:\develop\JDK\bin\awt.dll
0x00007fffc6480000 - 0x00007fffc6520000 	C:\WINDOWS\SYSTEM32\apphelp.dll
0x00007fff3b910000 - 0x00007fff3b940000 	D:\develop\JDK\bin\javajpeg.dll
0x000001258d4c0000 - 0x000001258d4c4000 	C:\Users\÷Á\.javacpp\cache\javacpp-1.5.10-windows-x86_64.jar\org\bytedeco\javacpp\windows-x86_64\api-ms-win-crt-locale-l1-1-0.dll
0x000001258d4d0000 - 0x000001258d4d5000 	C:\Users\÷Á\.javacpp\cache\javacpp-1.5.10-windows-x86_64.jar\org\bytedeco\javacpp\windows-x86_64\api-ms-win-crt-string-l1-1-0.dll
0x000001258d4e0000 - 0x000001258d4e5000 	C:\Users\÷Á\.javacpp\cache\javacpp-1.5.10-windows-x86_64.jar\org\bytedeco\javacpp\windows-x86_64\api-ms-win-crt-stdio-l1-1-0.dll
0x000001258d4f0000 - 0x000001258d4f6000 	C:\Users\÷Á\.javacpp\cache\javacpp-1.5.10-windows-x86_64.jar\org\bytedeco\javacpp\windows-x86_64\api-ms-win-crt-math-l1-1-0.dll
0x000001258d8a0000 - 0x000001258d8a4000 	C:\Users\÷Á\.javacpp\cache\javacpp-1.5.10-windows-x86_64.jar\org\bytedeco\javacpp\windows-x86_64\api-ms-win-crt-heap-l1-1-0.dll
0x000001258d8b0000 - 0x000001258d8b5000 	C:\Users\÷Á\.javacpp\cache\javacpp-1.5.10-windows-x86_64.jar\org\bytedeco\javacpp\windows-x86_64\api-ms-win-crt-runtime-l1-1-0.dll
0x000001258d8c0000 - 0x000001258d8c5000 	C:\Users\÷Á\.javacpp\cache\javacpp-1.5.10-windows-x86_64.jar\org\bytedeco\javacpp\windows-x86_64\api-ms-win-crt-convert-l1-1-0.dll
0x000001258d8d0000 - 0x000001258d8d4000 	C:\Users\÷Á\.javacpp\cache\javacpp-1.5.10-windows-x86_64.jar\org\bytedeco\javacpp\windows-x86_64\api-ms-win-crt-environment-l1-1-0.dll
0x000001258f4f0000 - 0x000001258f4f4000 	C:\Users\÷Á\.javacpp\cache\javacpp-1.5.10-windows-x86_64.jar\org\bytedeco\javacpp\windows-x86_64\api-ms-win-crt-time-l1-1-0.dll
0x00000125acf60000 - 0x00000125acf64000 	C:\Users\÷Á\.javacpp\cache\javacpp-1.5.10-windows-x86_64.jar\org\bytedeco\javacpp\windows-x86_64\api-ms-win-crt-filesystem-l1-1-0.dll
0x00000125acf70000 - 0x00000125acf74000 	C:\Users\÷Á\.javacpp\cache\javacpp-1.5.10-windows-x86_64.jar\org\bytedeco\javacpp\windows-x86_64\api-ms-win-crt-utility-l1-1-0.dll
0x00000125acf80000 - 0x00000125acf86000 	C:\Users\÷Á\.javacpp\cache\javacpp-1.5.10-windows-x86_64.jar\org\bytedeco\javacpp\windows-x86_64\api-ms-win-crt-multibyte-l1-1-0.dll
0x00000125acf90000 - 0x00000125acf94000 	C:\Users\÷Á\.javacpp\cache\javacpp-1.5.10-windows-x86_64.jar\org\bytedeco\javacpp\windows-x86_64\api-ms-win-crt-conio-l1-1-0.dll
0x00000125acfa0000 - 0x00000125acfb1000 	C:\Users\÷Á\.javacpp\cache\javacpp-1.5.10-windows-x86_64.jar\org\bytedeco\javacpp\windows-x86_64\api-ms-win-crt-private-l1-1-0.dll
0x00000125acfc0000 - 0x00000125acfc4000 	C:\Users\÷Á\.javacpp\cache\javacpp-1.5.10-windows-x86_64.jar\org\bytedeco\javacpp\windows-x86_64\api-ms-win-crt-process-l1-1-0.dll
0x00000125acfd0000 - 0x00000125acfd4000 	C:\Users\÷Á\.javacpp\cache\javacpp-1.5.10-windows-x86_64.jar\org\bytedeco\javacpp\windows-x86_64\api-ms-win-core-console-l1-2-0.dll
0x00000125acfe0000 - 0x00000125acfe4000 	C:\Users\÷Á\.javacpp\cache\javacpp-1.5.10-windows-x86_64.jar\org\bytedeco\javacpp\windows-x86_64\api-ms-win-core-string-l1-1-0.dll
0x00000125acff0000 - 0x00000125acff4000 	C:\Users\÷Á\.javacpp\cache\javacpp-1.5.10-windows-x86_64.jar\org\bytedeco\javacpp\windows-x86_64\api-ms-win-core-errorhandling-l1-1-0.dll
0x00000125b6190000 - 0x00000125b6194000 	C:\Users\÷Á\.javacpp\cache\javacpp-1.5.10-windows-x86_64.jar\org\bytedeco\javacpp\windows-x86_64\api-ms-win-core-timezone-l1-1-0.dll
0x00000125b61a0000 - 0x00000125b61a5000 	C:\Users\÷Á\.javacpp\cache\javacpp-1.5.10-windows-x86_64.jar\org\bytedeco\javacpp\windows-x86_64\api-ms-win-core-file-l1-1-0.dll
0x00000125b61b0000 - 0x00000125b61b4000 	C:\Users\÷Á\.javacpp\cache\javacpp-1.5.10-windows-x86_64.jar\org\bytedeco\javacpp\windows-x86_64\api-ms-win-core-namedpipe-l1-1-0.dll
0x00000125b61c0000 - 0x00000125b61c4000 	C:\Users\÷Á\.javacpp\cache\javacpp-1.5.10-windows-x86_64.jar\org\bytedeco\javacpp\windows-x86_64\api-ms-win-core-handle-l1-1-0.dll
0x00000125b61d0000 - 0x00000125b61d4000 	C:\Users\÷Á\.javacpp\cache\javacpp-1.5.10-windows-x86_64.jar\org\bytedeco\javacpp\windows-x86_64\api-ms-win-core-file-l2-1-0.dll
0x00000125b61e0000 - 0x00000125b61e4000 	C:\Users\÷Á\.javacpp\cache\javacpp-1.5.10-windows-x86_64.jar\org\bytedeco\javacpp\windows-x86_64\api-ms-win-core-heap-l1-1-0.dll
0x00000125b61f0000 - 0x00000125b61f4000 	C:\Users\÷Á\.javacpp\cache\javacpp-1.5.10-windows-x86_64.jar\org\bytedeco\javacpp\windows-x86_64\api-ms-win-core-libraryloader-l1-1-0.dll
0x00000125b6200000 - 0x00000125b6204000 	C:\Users\÷Á\.javacpp\cache\javacpp-1.5.10-windows-x86_64.jar\org\bytedeco\javacpp\windows-x86_64\api-ms-win-core-synch-l1-1-0.dll
0x00000125b6210000 - 0x00000125b6214000 	C:\Users\÷Á\.javacpp\cache\javacpp-1.5.10-windows-x86_64.jar\org\bytedeco\javacpp\windows-x86_64\api-ms-win-core-processthreads-l1-1-0.dll
0x00000125b6220000 - 0x00000125b6224000 	C:\Users\÷Á\.javacpp\cache\javacpp-1.5.10-windows-x86_64.jar\org\bytedeco\javacpp\windows-x86_64\api-ms-win-core-processenvironment-l1-1-0.dll
0x00000125b6230000 - 0x00000125b6234000 	C:\Users\÷Á\.javacpp\cache\javacpp-1.5.10-windows-x86_64.jar\org\bytedeco\javacpp\windows-x86_64\api-ms-win-core-datetime-l1-1-0.dll
0x00000125b6240000 - 0x00000125b6244000 	C:\Users\÷Á\.javacpp\cache\javacpp-1.5.10-windows-x86_64.jar\org\bytedeco\javacpp\windows-x86_64\api-ms-win-core-localization-l1-2-0.dll
0x00000125b6250000 - 0x00000125b6254000 	C:\Users\÷Á\.javacpp\cache\javacpp-1.5.10-windows-x86_64.jar\org\bytedeco\javacpp\windows-x86_64\api-ms-win-core-sysinfo-l1-1-0.dll
0x00000125b6260000 - 0x00000125b6264000 	C:\Users\÷Á\.javacpp\cache\javacpp-1.5.10-windows-x86_64.jar\org\bytedeco\javacpp\windows-x86_64\api-ms-win-core-synch-l1-2-0.dll
0x00000125b6270000 - 0x00000125b6274000 	C:\Users\÷Á\.javacpp\cache\javacpp-1.5.10-windows-x86_64.jar\org\bytedeco\javacpp\windows-x86_64\api-ms-win-core-console-l1-1-0.dll
0x00000125b6280000 - 0x00000125b6284000 	C:\Users\÷Á\.javacpp\cache\javacpp-1.5.10-windows-x86_64.jar\org\bytedeco\javacpp\windows-x86_64\api-ms-win-core-debug-l1-1-0.dll
0x00000125b6290000 - 0x00000125b6294000 	C:\Users\÷Á\.javacpp\cache\javacpp-1.5.10-windows-x86_64.jar\org\bytedeco\javacpp\windows-x86_64\api-ms-win-core-rtlsupport-l1-1-0.dll
0x00000125b62a0000 - 0x00000125b62a4000 	C:\Users\÷Á\.javacpp\cache\javacpp-1.5.10-windows-x86_64.jar\org\bytedeco\javacpp\windows-x86_64\api-ms-win-core-processthreads-l1-1-1.dll
0x00000125b62b0000 - 0x00000125b62b4000 	C:\Users\÷Á\.javacpp\cache\javacpp-1.5.10-windows-x86_64.jar\org\bytedeco\javacpp\windows-x86_64\api-ms-win-core-file-l1-2-0.dll
0x00000125b62c0000 - 0x00000125b62c4000 	C:\Users\÷Á\.javacpp\cache\javacpp-1.5.10-windows-x86_64.jar\org\bytedeco\javacpp\windows-x86_64\api-ms-win-core-profile-l1-1-0.dll
0x00000125b62d0000 - 0x00000125b62d4000 	C:\Users\÷Á\.javacpp\cache\javacpp-1.5.10-windows-x86_64.jar\org\bytedeco\javacpp\windows-x86_64\api-ms-win-core-memory-l1-1-0.dll
0x00000125b62e0000 - 0x00000125b62e4000 	C:\Users\÷Á\.javacpp\cache\javacpp-1.5.10-windows-x86_64.jar\org\bytedeco\javacpp\windows-x86_64\api-ms-win-core-util-l1-1-0.dll
0x00000125b62f0000 - 0x00000125b62f4000 	C:\Users\÷Á\.javacpp\cache\javacpp-1.5.10-windows-x86_64.jar\org\bytedeco\javacpp\windows-x86_64\api-ms-win-core-interlocked-l1-1-0.dll
0x00007ffec02b0000 - 0x00007ffec03c1000 	C:\Users\÷Á\.javacpp\cache\javacpp-1.5.10-windows-x86_64.jar\org\bytedeco\javacpp\windows-x86_64\ucrtbase.dll
0x00007fff4de10000 - 0x00007fff4de2b000 	C:\Users\÷Á\.javacpp\cache\javacpp-1.5.10-windows-x86_64.jar\org\bytedeco\javacpp\windows-x86_64\vcruntime140.dll
0x00007fffa2220000 - 0x00007fffa222c000 	C:\Users\÷Á\.javacpp\cache\javacpp-1.5.10-windows-x86_64.jar\org\bytedeco\javacpp\windows-x86_64\vcruntime140_1.dll

JVMTI agents: none

dbghelp: loaded successfully - version: 4.0.5 - missing functions: none
symbol engine: initialized successfully - sym options: 0x614 - pdb path: .;D:\develop\JDK\bin;C:\WINDOWS\SYSTEM32;C:\WINDOWS\WinSxS\amd64_microsoft.windows.common-controls_6595b64144ccf1df_6.0.26100.8875_none_3e0d5d42e32fe9dd;D:\develop\JDK\bin\server;C:\Users\÷Á\tools\onnxruntime\onnxruntime-win-x64-1.26.0\li;C:\Users\÷Á\tools\onnxruntime\onnxruntime-win-x64-1.26.0\l;C:\Users\÷Á\tools\onnxruntime\onnxruntime-win-x64-1.26.0\;C:\Users\÷Á\tools\onnxruntime\onnxruntime-win-x64-1.26.0\lib;C:\Users\÷Á\AppData\Local\Temp\onnxruntime-java7023290317935;C:\Users\÷Á\AppData\Local\Temp\onnxruntime-java702329031793;C:\Users\÷Á\AppData\Local\Temp\onnxruntime-java70232903179;C:\Users\÷Á\AppData\Local\Temp\onnxruntime-java7023290317;C:\Users\÷Á\AppData\Local\Temp\onnxruntime-java702329031;C:\Users\÷Á\AppData\Local\Temp\onnxruntime-java70232903;C:\Users\÷Á\AppData\Local\Temp\onnxruntime-java702329031793505993;C:\Users\÷Á\.javacpp\cache\javacpp-1.5.10-windows-x86_64.jar\org\bytedeco\javacpp\wi;C:\Users\÷Á\.javacpp\cache\javacpp-1.5.10-windows-x86_64.jar\org\bytedeco\javacpp\w;C:\Users\÷Á\.javacpp\cache\javacpp-1.5.10-windows-x86_64.jar\org\bytedeco\javacpp\;C:\Users\÷Á\.javacpp\cache\javacpp-1.5.10-windows-x86_64.jar\org\bytedeco\javacpp;C:\Users\÷Á\.javacpp\cache\javacpp-1.5.10-windows-x86_64.jar\org\bytedeco\javacp;C:\Users\÷Á\.javacpp\cache\javacpp-1.5.10-windows-x86_64.jar\org\bytedeco\javac;C:\Users\÷Á\.javacpp\cache\javacpp-1.5.10-windows-x86_64.jar\org\bytedeco\java;C:\Users\÷Á\.javacpp\cache\javacpp-1.5.10-windows-x86_64.jar\org\bytedeco\jav;C:\Users\÷Á\.javacpp\cache\javacpp-1.5.10-windows-x86_64.jar\org\bytedeco\ja;C:\Users\÷Á\.javacpp\cache\javacpp-1.5.10-windows-x86_64.jar\org\bytedeco\j;C:\Users\÷Á\.javacpp\cache\javacpp-1.5.10-windows-x86_64.jar\org\bytedeco\;C:\Users\÷Á\.javacpp\cache\javacpp-1.5.10-windows-x86_64.jar\org\bytedeco;C:\Users\÷Á\.javacpp\cache\javacpp-1.5.10-windows-x86_64.jar\org\bytedec;C:\Users\÷Á\.javacpp\cache\javacpp-1.5.10-windows-x86_64.jar\org\bytede;C:\Users\÷Á\.javacpp\cache\javacpp-1.5.10-windows-x86_64.jar\org\byted;C:\Users\÷Á\.javacpp\cache\javacpp-1.5.10-windows-x86_64.jar\org\byte;C:\Users\÷Á\.javacpp\cache\javacpp-1.5.10-windows-x86_64.jar\org\byt;C:\Users\÷Á\.javacpp\cache\javacpp-1.5.10-windows-x86_64.jar\org\by;C:\Users\÷Á\.javacpp\cache\javacpp-1.5.10-windows-x86_64.jar\org\b;C:\Users\÷Á\.javacpp\cache\javacpp-1.5.10-windows-x86_64.jar\org\;C:\Users\÷Á\.javacpp\cache\javacpp-1.5.10-windows-x86_64.jar\org;C:\Users\÷Á\.javacpp\cache\javacpp-1.5.10-windows-x86_64.jar\or;C:\Users\÷Á\.javacpp\cache\javacpp-1.5.10-windows-x86_64.jar\o;C:\Users\÷Á\.javacpp\cache\javacpp-1.5.10-windows-x86_64.jar\;C:\Users\÷Á\.javacpp\cache\javacpp-1.5.10-windows-x86_64.jar;C:\Users\÷Á\.javacpp\cache\javacpp-1.5.10-windows-x86_64.ja;C:\Users\÷Á\.javacpp\cache\javacpp-1.5.10-windows-x86_64.j;C:\Users\÷Á\.javacpp\cache\javacpp-1.5.10-windows-x86_64.;C:\Users\÷Á\.javacpp\cache\javacpp-1.5.10-windows-x86_64;C:\Users\÷Á\.javacpp\cache\javacpp-1.5.10-windows-x86_6;C:\Users\÷Á\.javacpp\cache\javacpp-1.5.10-windows-x86_;C:\Users\÷Á\.javacpp\cache\javacpp-1.5.10-windows-x86;C:\Users\÷Á\.javacpp\cache\javacpp-1.5.10-windows-x8;C:\Users\÷Á\.javacpp\cache\javacpp-1.5.10-windows-x;C:\Users\÷Á\.javacpp\cache\javacpp-1.5.10-windows-;C:\Users\÷Á\.javacpp\cache\javacpp-1.5.10-windows;C:\Users\÷Á\.javacpp\cache\javacpp-1.5.10-window;C:\Users\÷Á\.javacpp\cache\javacpp-1.5.10-windo;C:\Users\÷Á\.javacpp\cache\javacpp-1.5.10-wind;C:\Users\÷Á\.javacpp\cache\javacpp-1.5.10-win;C:\Users\÷Á\.javacpp\cache\javacpp-1.5.10-wi;C:\Users\÷Á\.javacpp\cache\javacpp-1.5.10-w;C:\Users\÷Á\.javacpp\cache\javacpp-1.5.10-;C:\Users\÷Á\.javacpp\cache\javacpp-1.5.10;C:\Users\÷Á\.javacpp\cache\javacpp-1.5.1;C:\Users\÷Á\.javacpp\cache\javacpp-1.5.;C:\Users\÷Á\.javacpp\cache\javacpp-1.5;C:\Users\÷Á\.javacpp\cache\javacpp-1.;C:\Users\÷Á\.javacpp\cache\javacpp-1;C:\Users\÷Á\.javacpp\cache\javacpp-1.5.10-windows-x86_64.jar\org\bytedeco\javacpp\windows-x86_64;C:\Users\÷Á\.javacpp\cache\openblas-0.3.26-;C:\Users\÷Á\.javacpp\cache\openblas-0.3.26;C:\Users\÷Á\.javacpp\cache\openblas-0.3.2;C:\Users\÷Á\.javacpp\cache\openblas-0.3.;C:\Users\÷Á\.javacpp\cache\openblas-0.3.26-1.5.10-windows-x86_64.jar\org\bytedeco\openblas\windows-x86_64;C:\Users\÷Á\.javacpp\cache\opencv;C:\Users\÷Á\.javacpp\cache\openc;C:\Users\÷Á\.javacpp\cache\open;C:\Users\÷Á\.javacpp\cache\ope;C:\Users\÷Á\.javacpp\cache\op;C:\Users\÷Á\.javacpp\cache\o

VM Arguments:
jvm_args: -Donnxruntime.lib.path=C:/Users/÷Á/tools/onnxruntime/onnxruntime-win-x64-1.26.0/lib/onnxruntime.dll -Xmx2g 
java_command: yolo-server/target/yolo-server-1.0.0.jar --yolo.model-path=models/best-ship.onnx --dubbo.protocol.port=8001 --yolo.model-type=ship --server.port=0
java_class_path (initial): yolo-server/target/yolo-server-1.0.0.jar
Launcher Type: SUN_STANDARD

[Global flags]
     intx CICompilerCount                          = 12                                        {product} {ergonomic}
     uint ConcGCThreads                            = 3                                         {product} {ergonomic}
     uint G1ConcRefinementThreads                  = 13                                        {product} {ergonomic}
   size_t G1HeapRegionSize                         = 1048576                                   {product} {ergonomic}
   size_t InitialHeapSize                          = 232783872                                 {product} {ergonomic}
   size_t MarkStackSize                            = 4194304                                   {product} {ergonomic}
   size_t MarkStackSizeMax                         = 536870912                                 {product} {ergonomic}
   size_t MaxHeapSize                              = 2147483648                                {product} {command line}
   size_t MaxNewSize                               = 1287651328                                {product} {ergonomic}
   size_t MinHeapDeltaBytes                        = 1048576                                   {product} {ergonomic}
   size_t MinHeapSize                              = 8388608                                   {product} {ergonomic}
    uintx NonNMethodCodeHeapSize                   = 7602176                                {pd product} {ergonomic}
    uintx NonProfiledCodeHeapSize                  = 122093568                              {pd product} {ergonomic}
    uintx ProfiledCodeHeapSize                     = 121962496                              {pd product} {ergonomic}
    uintx ReservedCodeCacheSize                    = 251658240                              {pd product} {ergonomic}
     bool SegmentedCodeCache                       = true                                      {product} {ergonomic}
   size_t SoftMaxHeapSize                          = 2147483648                             {manageable} {ergonomic}
     bool UseCompressedOops                        = true                           {product lp64_product} {ergonomic}
     bool UseG1GC                                  = true                                      {product} {ergonomic}
     bool UseLargePagesIndividualAllocation        = false                                  {pd product} {ergonomic}

Logging:
Log output configuration:
 #0: stdout all=warning uptime,level,tags foldmultilines=false
 #1: stderr all=off uptime,level,tags foldmultilines=false

Release file:
IMPLEMENTOR="Oracle Corporation" 
JAVA_RUNTIME_VERSION="25.0.3+9-LTS-195" 
JAVA_VERSION="25.0.3" 
JAVA_VERSION_DATE="2026-04-21" 
LIBC="default" 
MODULES="java.base java.compiler java.datatransfer java.xml java.prefs java.desktop java.instrument java.logging java.management java.security.sasl java.naming java.rmi java.management.rmi java.net.http java.scripting java.security.jgss java.transaction.xa java.sql java.sql.rowset java.xml.crypto java.se java.smartcardio jdk.accessibility jdk.internal.jvmstat jdk.attach jdk.charsets jdk.internal.opt jdk.zipfs jdk.compiler jdk.crypto.cryptoki jdk.crypto.ec jdk.crypto.mscapi jdk.dynalink jdk.internal.ed jdk.editpad jdk.internal.vm.ci jdk.graal.compiler jdk.graal.compiler.management jdk.hotspot.agent jdk.httpserver jdk.incubator.vector jdk.internal.le jdk.internal.md jdk.jartool jdk.javadoc jdk.jcmd jdk.management jdk.management.agent jdk.jconsole jdk.jdeps jdk.jdwp.agent jdk.jdi jdk.jfr jdk.jlink jdk.jpackage jdk.jshell jdk.jsobject jdk.jstatd jdk.localedata jdk.management.jfr jdk.naming.dns jdk.naming.rmi jdk.net jdk.nio.mapmode jdk.sctp jdk.security.auth jdk.security.jgss jdk.unsupported jdk.unsupported.desktop jdk.xml.dom" 
OS_ARCH="x86_64" 
OS_NAME="Windows" 
SOURCE=".:git:bf167394bb46 open:git:e57ac4c1e765" 

Environment Variables:
JAVA_HOME=D:\develop\JDK
CLASSPATH=;D:\develop\JDK\lib\dt.jar;D:\develop\JDK\lib\tools.jar;
PATH=C:\Users\÷Á\bin;C:\Program Files\Git\mingw64\bin;C:\Program Files\Git\usr\local\bin;C:\Program Files\Git\usr\bin;C:\Program Files\Git\usr\bin;C:\Program Files\Git\mingw64\bin;C:\Program Files\Git\usr\bin;C:\Users\÷Á\bin;D:\develop\JDK\bin;C:\Program Files (x86)\VMware\VMware Workstation\bin;D:\development\flutter\bin;D:\development\Android\sdk\platform-tools;C:\Program Files\Common Files\Oracle\Java\javapath;C:\Program Files (x86)\Common Files\Intergraph\Grid Analysis SDK\1.0\Program;C:\Program Files\Python310\Scripts;C:\Program Files\Python310;C:\WINDOWS\system32;C:\WINDOWS;C:\WINDOWS\System32\Wbem;C:\WINDOWS\System32\WindowsPowerShell\v1.0;D:\develop\Java\jdk-17.0.1\bin";C:\WINDOWS\System32\OpenSSH;D:\runtime\win64;D:\bin;D:\;”∞≤‚¡ø\zgdll64;C:\;Gridknow\zgdll32;C:\Gridknow\zgdll64;C:\Program Files\dotnet;C:\Program Files (x86)\Microsoft SQL Server\100\Tools\Binn;C:\Program Files\Microsoft SQL Server\100\Tools\Binn;C:\Program Files\Microsoft SQL Server\100\DTS\Binn;C:\WINDOWS\System32\WindowsPowerShell\v1.0;C:\Program Files\ffmpeg\bin;C:\sqlite;C:\Program Files (x86)\Windows Kits\10\Windows Performance Toolkit;C:\Program Files (x86)\NetSarang\Xshell 8;C:\Program Files (x86)\NetSarang\Xftp 8;C:\Program Files\nodejs;D:\dev\python\Scripts;D:\dev\python;C:\Users\÷Á\AppData\Local\Microsoft\WindowsApps;D:\œ¬‘ÿ\Microsoft VS Code\bin;D:\develop\Java\jdk-17.0.1\bin;D:\test\mingw64\bin;C:\Program Files\JetBrains\PyCharm 2020.1\bin;C:\Users\÷Á\AppData\Roaming\npm;C:\mingw64\bin;C:\Program Files\Git\usr\bin;C:\Users\÷Á\.local\bin;C:\Program Files\Docker\Docker\resources\bin;D:\develop\apache-maven-3.9.4-bin\apache-maven-3.9.4\bin;D:\dev\python\Scripts;D:\dev\python;C:\Users\÷Á\AppData\Local\Microsoft\WindowsApps;D:\œ¬‘ÿ\Microsoft VS Code\bin;D:\develop\JDK\bin;D:\test\mingw64\bin;C:\Program Files\JetBrains\PyCharm 2020.1\bin;C:\Users\÷Á\AppData\Roaming\npm;C:\Users\÷Á\AppData\Local\Programs\Ollama;C:\Program Files\Git\usr\bin\vendor_perl;C:\Program Files\Git\usr\bin\core_perl
USERNAME=÷Á
SHELL=C:\Program Files\Git\bin\bash.exe
TERM=xterm-256color
OS=Windows_NT
PROCESSOR_IDENTIFIER=AMD64 Family 25 Model 80 Stepping 0, AuthenticAMD
TMP=C:\Users\÷Á\AppData\Local\Temp
TEMP=C:\Users\÷Á\AppData\Local\Temp




Compilation memory statistics disabled.

Periodic native trim disabled

---------------  S Y S T E M  ---------------

OS:
 Windows 11 , 64 bit Build 26100 (10.0.26100.8875)
OS uptime: 8 days 12:29 hours
Hyper-V role detected

CPU: total 16 (initial active 16) (16 cores per cpu, 2 threads per core) family 25 model 80 stepping 0 microcode 0xa50000b, cx8, cmov, fxsr, ht, mmx, 3dnowpref, sse, sse2, sse3, ssse3, sse4a, sse4.1, sse4.2, popcnt, lzcnt, tsc, tscinvbit, avx, avx2, aes, erms, clmul, bmi1, bmi2, adx, sha, fma, vzeroupper, clflush, clflushopt, clwb, hv, rdtscp, rdpid, fsrm, f16c, cet_ss
Processor Information for the first 16 processors :
  Max Mhz: 3201, Current Mhz: 3201, Mhz Limit: 3201

Memory: 4k page, system-wide physical 14198M (473M free)
TotalPageFile size 53895M (AvailPageFile size 1204M)
current process WorkingSet (physical memory assigned to process): 639M, peak: 655M
current process commit charge ("private bytes"): 4655M, peak: 4692M

vm_info: Java HotSpot(TM) 64-Bit Server VM (25.0.3+9-LTS-195) for windows-amd64 JRE (25.0.3+9-LTS-195), built on 2026-03-11T00:20:00Z with MS VC++ 17.13 (VS2022)

END.
