#
# A fatal error has been detected by the Java Runtime Environment:
#
#  EXCEPTION_ACCESS_VIOLATION (0xc0000005) at pc=0x00007fff38be7555, pid=23632, tid=19892
#
# JRE version: Java(TM) SE Runtime Environment (25.0.3+9) (build 25.0.3+9-LTS-195)
# Java VM: Java HotSpot(TM) 64-Bit Server VM (25.0.3+9-LTS-195, mixed mode, sharing, tiered, compressed oops, compressed class ptrs, g1 gc, windows-amd64)
# Problematic frame:
# C  0x00007fff38be7555
#
# No core dump will be written. Minidumps are not enabled by default on client versions of Windows
#
# If you would like to submit a bug report, please visit:
#   https://bugreport.java.com/bugreport/crash.jsp
# The crash happened outside the Java Virtual Machine in native code.
# See problematic frame for where to report the bug.
#

---------------  S U M M A R Y ------------

Command Line: yolo-server/target/yolo-server-1.0.0.jar --yolo.model-path=models/best-ship.onnx --yolo.model-type=ship --dubbo.protocol.port=20880 --server.port=0

Host: AMD Ryzen 7 5800H with Radeon Graphics         , 16 cores, 13G,  Windows 11 , 64 bit Build 26100 (10.0.26100.8875)
Time: Sun Jul 26 23:14:08 2026 elapsed time: 184.490483 seconds (0d 0h 3m 4s)

---------------  T H R E A D  ---------------

Current thread (0x00000284f02ee220):  JavaThread "DubboServerHandler-192.168.174.1:20880-thread-8" daemon [_thread_in_native, id=19892, stack(0x000000dd50d00000,0x000000dd50e00000) (1024K)]

Stack: [0x000000dd50d00000,0x000000dd50e00000],  sp=0x000000dd50dfc730,  free space=1009k
Native frames: (J=compiled Java code, j=interpreted, Vv=VM code, C=native code)
C  0x00007fff38be7555  (no source info available)
C  0x00007ffe740ad7e1  (no source info available)
C  0x00007ffe7419bf09  (no source info available)
C  0x00007ffe74318b83  (no source info available)
C  0x00007fff4c8355b6  (no source info available)
C  0x00000284d463d193  (no source info available)

The last pc belongs to native method entry point (kind = native) (printed below).
Java frames: (J=compiled Java code, j=interpreted, Vv=VM code)
j  org.bytedeco.opencv.global.opencv_imgproc.minAreaRect(Lorg/bytedeco/opencv/opencv_core/Mat;)Lorg/bytedeco/opencv/opencv_core/RotatedRect;+0
j  com.yolo.inference.YoloInferenceEngine.cornersToRotatedRect(FFFFFFFF)Lorg/bytedeco/opencv/opencv_core/RotatedRect;+84
j  com.yolo.inference.YoloInferenceEngine.applyNMS(Ljava/util/List;F)Ljava/util/List;+112
j  com.yolo.inference.YoloInferenceEngine.detect(Ljava/awt/image/BufferedImage;Lcom/yolo/inference/DetectionOptions;)Ljava/util/List;+37
j  com.yolo.server.ModelInferenceServiceImpl.detect(Lcom/yolo/proto/ModelDetectRequest;)Lcom/yolo/proto/ModelDetectResponse;+66
j  com.yolo.server.ModelInferenceServiceImplDubboWrap0.invokeMethod(Ljava/lang/Object;Ljava/lang/String;[Ljava/lang/Class;[Ljava/lang/Object;)Ljava/lang/Object;+48
j  org.apache.dubbo.rpc.proxy.javassist.JavassistProxyFactory$1.doInvoke(Ljava/lang/Object;Ljava/lang/String;[Ljava/lang/Class;[Ljava/lang/Object;)Ljava/lang/Object;+9
j  org.apache.dubbo.rpc.proxy.AbstractProxyInvoker.invoke(Lorg/apache/dubbo/rpc/Invocation;)Lorg/apache/dubbo/rpc/Result;+75
j  org.apache.dubbo.config.invoker.DelegateProviderMetaDataInvoker.invoke(Lorg/apache/dubbo/rpc/Invocation;)Lorg/apache/dubbo/rpc/Result;+5
j  org.apache.dubbo.rpc.protocol.InvokerWrapper.invoke(Lorg/apache/dubbo/rpc/Invocation;)Lorg/apache/dubbo/rpc/Result;+5
j  org.apache.dubbo.rpc.filter.ClassLoaderCallbackFilter.invoke(Lorg/apache/dubbo/rpc/Invoker;Lorg/apache/dubbo/rpc/Invocation;)Lorg/apache/dubbo/rpc/Result;+2
j  org.apache.dubbo.rpc.cluster.filter.FilterChainBuilder$CopyOfFilterChainNode.invoke(Lorg/apache/dubbo/rpc/Invocation;)Lorg/apache/dubbo/rpc/Result;+19
j  org.apache.dubbo.rpc.protocol.tri.rest.filter.RestFilterAdapter.invoke(Lorg/apache/dubbo/rpc/Invoker;Lorg/apache/dubbo/rpc/Invocation;)Lorg/apache/dubbo/rpc/Result;+53
j  org.apache.dubbo.rpc.cluster.filter.FilterChainBuilder$CopyOfFilterChainNode.invoke(Lorg/apache/dubbo/rpc/Invocation;)Lorg/apache/dubbo/rpc/Result;+19
j  org.apache.dubbo.rpc.protocol.tri.h12.HttpContextCallbackFilter.invoke(Lorg/apache/dubbo/rpc/Invoker;Lorg/apache/dubbo/rpc/Invocation;)Lorg/apache/dubbo/rpc/Result;+2
j  org.apache.dubbo.rpc.cluster.filter.FilterChainBuilder$CopyOfFilterChainNode.invoke(Lorg/apache/dubbo/rpc/Invocation;)Lorg/apache/dubbo/rpc/Result;+19
j  org.apache.dubbo.rpc.protocol.dubbo.filter.TraceFilter.invoke(Lorg/apache/dubbo/rpc/Invoker;Lorg/apache/dubbo/rpc/Invocation;)Lorg/apache/dubbo/rpc/Result;+6
j  org.apache.dubbo.rpc.cluster.filter.FilterChainBuilder$CopyOfFilterChainNode.invoke(Lorg/apache/dubbo/rpc/Invocation;)Lorg/apache/dubbo/rpc/Result;+19
j  org.apache.dubbo.rpc.filter.TimeoutFilter.invoke(Lorg/apache/dubbo/rpc/Invoker;Lorg/apache/dubbo/rpc/Invocation;)Lorg/apache/dubbo/rpc/Result;+2
j  org.apache.dubbo.rpc.cluster.filter.FilterChainBuilder$CopyOfFilterChainNode.invoke(Lorg/apache/dubbo/rpc/Invocation;)Lorg/apache/dubbo/rpc/Result;+19
j  org.apache.dubbo.monitor.support.MonitorFilter.invoke(Lorg/apache/dubbo/rpc/Invoker;Lorg/apache/dubbo/rpc/Invocation;)Lorg/apache/dubbo/rpc/Result;+80
j  org.apache.dubbo.rpc.cluster.filter.FilterChainBuilder$CopyOfFilterChainNode.invoke(Lorg/apache/dubbo/rpc/Invocation;)Lorg/apache/dubbo/rpc/Result;+19
j  org.apache.dubbo.rpc.filter.ExceptionFilter.invoke(Lorg/apache/dubbo/rpc/Invoker;Lorg/apache/dubbo/rpc/Invocation;)Lorg/apache/dubbo/rpc/Result;+2
j  org.apache.dubbo.rpc.cluster.filter.FilterChainBuilder$CopyOfFilterChainNode.invoke(Lorg/apache/dubbo/rpc/Invocation;)Lorg/apache/dubbo/rpc/Result;+19
j  org.apache.dubbo.rpc.filter.AccessLogFilter.invoke(Lorg/apache/dubbo/rpc/Invoker;Lorg/apache/dubbo/rpc/Invocation;)Lorg/apache/dubbo/rpc/Result;+84
j  org.apache.dubbo.rpc.cluster.filter.FilterChainBuilder$CopyOfFilterChainNode.invoke(Lorg/apache/dubbo/rpc/Invocation;)Lorg/apache/dubbo/rpc/Result;+19
j  org.apache.dubbo.rpc.filter.GenericFilter.invoke(Lorg/apache/dubbo/rpc/Invoker;Lorg/apache/dubbo/rpc/Invocation;)Lorg/apache/dubbo/rpc/Result;+1030
j  org.apache.dubbo.rpc.cluster.filter.FilterChainBuilder$CopyOfFilterChainNode.invoke(Lorg/apache/dubbo/rpc/Invocation;)Lorg/apache/dubbo/rpc/Result;+19
j  org.apache.dubbo.rpc.protocol.tri.h12.HttpContextFilter.invoke(Lorg/apache/dubbo/rpc/Invoker;Lorg/apache/dubbo/rpc/Invocation;)Lorg/apache/dubbo/rpc/Result;+108
j  org.apache.dubbo.rpc.cluster.filter.FilterChainBuilder$CopyOfFilterChainNode.invoke(Lorg/apache/dubbo/rpc/Invocation;)Lorg/apache/dubbo/rpc/Result;+19
j  org.apache.dubbo.rpc.filter.ClassLoaderFilter.invoke(Lorg/apache/dubbo/rpc/Invoker;Lorg/apache/dubbo/rpc/Invocation;)Lorg/apache/dubbo/rpc/Result;+77
j  org.apache.dubbo.rpc.cluster.filter.FilterChainBuilder$CopyOfFilterChainNode.invoke(Lorg/apache/dubbo/rpc/Invocation;)Lorg/apache/dubbo/rpc/Result;+19
j  org.apache.dubbo.rpc.filter.EchoFilter.invoke(Lorg/apache/dubbo/rpc/Invoker;Lorg/apache/dubbo/rpc/Invocation;)Lorg/apache/dubbo/rpc/Result;+49
j  org.apache.dubbo.rpc.cluster.filter.FilterChainBuilder$CopyOfFilterChainNode.invoke(Lorg/apache/dubbo/rpc/Invocation;)Lorg/apache/dubbo/rpc/Result;+19
j  org.apache.dubbo.metrics.filter.MetricsFilter.invoke(Lorg/apache/dubbo/rpc/Invoker;Lorg/apache/dubbo/rpc/Invocation;Z)Lorg/apache/dubbo/rpc/Result;+85
j  org.apache.dubbo.metrics.filter.MetricsProviderFilter.invoke(Lorg/apache/dubbo/rpc/Invoker;Lorg/apache/dubbo/rpc/Invocation;)Lorg/apache/dubbo/rpc/Result;+4
j  org.apache.dubbo.rpc.cluster.filter.FilterChainBuilder$CopyOfFilterChainNode.invoke(Lorg/apache/dubbo/rpc/Invocation;)Lorg/apache/dubbo/rpc/Result;+19
j  org.apache.dubbo.tracing.filter.ObservationReceiverFilter.invoke(Lorg/apache/dubbo/rpc/Invoker;Lorg/apache/dubbo/rpc/Invocation;)Lorg/apache/dubbo/rpc/Result;+9
j  org.apache.dubbo.rpc.cluster.filter.FilterChainBuilder$CopyOfFilterChainNode.invoke(Lorg/apache/dubbo/rpc/Invocation;)Lorg/apache/dubbo/rpc/Result;+19
j  org.apache.dubbo.rpc.filter.ProfilerServerFilter.invoke(Lorg/apache/dubbo/rpc/Invoker;Lorg/apache/dubbo/rpc/Invocation;)Lorg/apache/dubbo/rpc/Result;+71
j  org.apache.dubbo.rpc.cluster.filter.FilterChainBuilder$CopyOfFilterChainNode.invoke(Lorg/apache/dubbo/rpc/Invocation;)Lorg/apache/dubbo/rpc/Result;+19
j  org.apache.dubbo.rpc.filter.ContextFilter.invoke(Lorg/apache/dubbo/rpc/Invoker;Lorg/apache/dubbo/rpc/Invocation;)Lorg/apache/dubbo/rpc/Result;+303
j  org.apache.dubbo.rpc.cluster.filter.FilterChainBuilder$CopyOfFilterChainNode.invoke(Lorg/apache/dubbo/rpc/Invocation;)Lorg/apache/dubbo/rpc/Result;+19
j  org.apache.dubbo.rpc.cluster.filter.FilterChainBuilder$CallbackRegistrationInvoker.invoke(Lorg/apache/dubbo/rpc/Invocation;)Lorg/apache/dubbo/rpc/Result;+5
j  org.apache.dubbo.rpc.protocol.tri.h12.AbstractServerCallListener.invoke()V+104
j  org.apache.dubbo.rpc.protocol.tri.h12.UnaryServerCallListener.onComplete()V+1
j  org.apache.dubbo.rpc.protocol.tri.h12.http2.GenericHttp2ServerTransportListener$Http2StreamingDecodeListener.onClose()V+4
j  org.apache.dubbo.remoting.http12.message.DefaultListeningDecoder.close()V+4
j  org.apache.dubbo.remoting.http12.message.StreamingDecoder$DefaultFragmentListener.onClose()V+4
j  org.apache.dubbo.remoting.http12.message.LengthFieldStreamingDecoder.deliver()V+156
j  org.apache.dubbo.remoting.http12.message.LengthFieldStreamingDecoder.close()V+6
j  org.apache.dubbo.rpc.protocol.tri.h12.http2.GenericHttp2ServerTransportListener.onDataCompletion(Lorg/apache/dubbo/remoting/http12/h2/Http2InputMessage;)V+13
j  org.apache.dubbo.rpc.protocol.tri.h12.http2.GenericHttp2ServerTransportListener.onDataCompletion(Lorg/apache/dubbo/remoting/http12/HttpInputMessage;)V+5
j  org.apache.dubbo.rpc.protocol.tri.h12.AbstractServerTransportListener.doOnData(Lorg/apache/dubbo/remoting/http12/HttpInputMessage;)V+30
j  org.apache.dubbo.rpc.protocol.tri.h12.AbstractServerTransportListener.lambda$onData$1(Lorg/apache/dubbo/remoting/http12/HttpInputMessage;)V+2
j  org.apache.dubbo.rpc.protocol.tri.h12.AbstractServerTransportListener$$Lambda+0x000000009f7a64d8.run()V+8
j  org.apache.dubbo.common.threadpool.serial.SerializingExecutor.run()V+22
j  java.util.concurrent.ThreadPoolExecutor.runWorker(Ljava/util/concurrent/ThreadPoolExecutor$Worker;)V+92 java.base@25.0.3
J 7798 c1 java.util.concurrent.ThreadPoolExecutor$Worker.run()V java.base@25.0.3 (9 bytes) @ 0x00000284cd97348c [0x00000284cd973380+0x000000000000010c]
j  org.apache.dubbo.common.threadlocal.InternalRunnable.run()V+4
J 7695 c1 java.lang.Thread.run()V java.base@25.0.3 (23 bytes) @ 0x00000284cdc77e0c [0x00000284cdc77b80+0x000000000000028c]
v  ~StubRoutines::call_stub 0x00000284d46312ed

siginfo: EXCEPTION_ACCESS_VIOLATION (0xc0000005), reading address 0xffffffffffffffff


Registers:
RAX=0x0000000000000001, RBX=0x000000dd50dfccd0, RCX=0x900011008ef5013e, RDX=0x00000284ece4f360
RSP=0x000000dd50dfc730, RBP=0x000000dd50dfc8b0, RSI=0x00000284ece4f360, RDI=0x0000000000000000
R8 =0x00000000ffffffff, R9 =0x0000000000000001, R10=0x0000000000000000, R11=0x0000000000000016
R12=0xffffffffffffffff, R13=0x00000284e7dd9d78, R14=0x000000dd50dfd910, R15=0x00000284f02ee220
RIP=0x00007fff38be7555, EFLAGS=0x0000000000010282

XMM[0]=0x0000000000000000 0x0000000000000000
XMM[1]=0x0000000000000000 0x0000000000000000
XMM[2]=0x0000000000000000 0x0000000000000000
XMM[3]=0x0000000000000000 0x0000000000000000
XMM[4]=0x0000000000000000 0x0000000000000000
XMM[5]=0x0000000000000000 0x0000000000000000
XMM[6]=0x8000000000000000 0x8000000000000000
XMM[7]=0x3eb8800000000000 0x0000000000000000
XMM[8]=0x0000000000000000 0x66fcaae27c97227f
XMM[9]=0x0000000000000000 0x7f4881efce3f33b1
XMM[10]=0x0000000000000000 0xded560a593f5871c
XMM[11]=0x0000000000000000 0xd83f67ac0458f0de
XMM[12]=0x0000000000000000 0x000000002c198932
XMM[13]=0x0000000000000000 0x0000000000000000
XMM[14]=0x0000000000000000 0x0000000000000000
XMM[15]=0x0000000000000000 0x0000000000000000
  MXCSR=0x00001fa0


Register to memory mapping:

RAX=0x0000000000000001 is an unknown value
RBX=0x000000dd50dfccd0 is pointing into the stack for thread: 0x00000284f02ee220
RCX=0x900011008ef5013e is an unknown value
RDX=0x00000284ece4f360 points into unknown readable memory: 0x00000284eda9c8f0 | f0 c8 a9 ed 84 02 00 00
RSP=0x000000dd50dfc730 is pointing into the stack for thread: 0x00000284f02ee220
RBP=0x000000dd50dfc8b0 is pointing into the stack for thread: 0x00000284f02ee220
RSI=0x00000284ece4f360 points into unknown readable memory: 0x00000284eda9c8f0 | f0 c8 a9 ed 84 02 00 00
RDI=0x0 is null
R8 =0x00000000ffffffff is an unknown value
R9 =0x0000000000000001 is an unknown value
R10=0x0 is null
R11=0x0000000000000016 is an unknown value
R12=0xffffffffffffffff is an unknown value
R13=0x00000284e7dd9d78 is pointing into metadata
R14=0x000000dd50dfd910 is pointing into the stack for thread: 0x00000284f02ee220
R15=0x00000284f02ee220 is a thread

Top of Stack: (sp=0x000000dd50dfc730)
0x000000dd50dfc730:   000000ddffffffff 000000dd00000001   ................
0x000000dd50dfc740:   000070620daf5e64 00007fffcb06350c   d^..bp...5......
0x000000dd50dfc750:   0000000000240040 00007fffcd4faed8   @.$.......O.....
0x000000dd50dfc760:   000000dd50dfd840 00007ffe740ad7e1   @..P.......t....
0x000000dd50dfc770:   000000dd50dfccd0 00000000ffffffff   ...P............
0x000000dd50dfc780:   00000284e7dd9d78 0000000000000000   x...............
0x000000dd50dfc790:   000000dd00000000 000000dd50dfd6c0   ...........P....
0x000000dd50dfc7a0:   000000dd50dfd840 00007ffe7419bf09   @..P.......t....
0x000000dd50dfc7b0:   0000000000000000 000000dd50dfccd0   ...........P....
0x000000dd50dfc7c0:   000000dd50dfd6c0 00007fffcd3f9be1   ...P......?.....
0x000000dd50dfc7d0:   00000284e8400001 00000284e8400000   ..@.......@.....
0x000000dd50dfc7e0:   000000b800000000 00000284e84000b8   ..........@.....
0x000000dd50dfc7f0:   0000000000240001 0000000300000004   ..$.............
0x000000dd50dfc800:   00000284e8400000 00007fffcd3f96aa   ..@.......?.....
0x000000dd50dfc810:   0000028400000001 0000000000000000   ................
0x000000dd50dfc820:   000070620daf5bf4 000000dd50dfc850   .[..bp..P..P....
0x000000dd50dfc830:   0000000000000030 000000dd50dfd6c0   0..........P....
0x000000dd50dfc840:   0000000000000000 0000000000000000   ................
0x000000dd50dfc850:   00000284e84000b8 00000284e84000b8   ..@.......@.....
0x000000dd50dfc860:   00000284e8400400 00000000000b0000   ..@.............
0x000000dd50dfc870:   00007fff00000001 0000000150dfc9e8   ...........P....
0x000000dd50dfc880:   0000000000001c00 0000000000000001   ................
0x000000dd50dfc890:   000070620daf5c64 00000000000000c8   d\..bp..........
0x000000dd50dfc8a0:   00007fff00000000 00000284e9d3d1d0   ................
0x000000dd50dfc8b0:   00007fff4c7c0000 0000000000042504   ..|L.....%......
0x000000dd50dfc8c0:   0000000000000000 00007fff4c8923d0   .........#.L....
0x000000dd50dfc8d0:   00000284c265fa01 00007fff4c8923d0   ..e......#.L....
0x000000dd50dfc8e0:   000000dd50dfc9f0 00007fffcd3ede03   ...P......>.....
0x000000dd50dfc8f0:   00007fffcd4fae80 0000000000000346   ..O.....F.......
0x000000dd50dfc900:   000000dd50dfc9e0 000000dd50dfc948   ...P....H..P....
0x000000dd50dfc910:   00007fffcd4fab50 00000284e9d3d1d0   P.O.............
0x000000dd50dfc920:   00000284e8400510 000000007ffe0385   ..@.............

Instructions: (pc=0x00007fff38be7555)
  0x00007fff38be7455:   00 ff 42 44 89 52 0c 45 89 11 4c 89 52 10 4c 89
  0x00007fff38be7465:   52 18 4c 89 52 20 4c 89 52 28 4c 89 52 30 4c 89
  0x00007fff38be7475:   52 38 49 8b c0 48 8b 4c 24 50 48 33 cc e8 69 38
  0x00007fff38be7485:   21 00 48 83 c4 68 c3 48 8d 15 0d 12 27 00 48 8d
  0x00007fff38be7495:   4c 24 30 e8 13 c2 ec ff 90 c7 44 24 20 62 02 00
  0x00007fff38be74a5:   00 4c 8d 0d 73 0d 27 00 4c 8d 05 bc 10 27 00 48
  0x00007fff38be74b5:   8d 54 24 30 b9 29 ff ff ff e8 8d c0 13 00 cc cc
  0x00007fff38be74c5:   cc cc cc cc cc cc cc cc cc cc cc 48 89 5c 24 08
  0x00007fff38be74d5:   48 89 74 24 10 57 48 83 ec 30 8b 02 48 8b d9 89
  0x00007fff38be74e5:   01 33 ff 8b 42 04 48 8b f2 89 41 04 48 83 c1 08
  0x00007fff38be74f5:   8b 42 08 89 01 8b 42 0c 89 43 0c 48 8b 42 10 48
  0x00007fff38be7505:   89 43 10 48 8b 42 18 48 89 43 18 48 8b 42 20 48
  0x00007fff38be7515:   89 43 20 48 8b 42 28 48 89 43 28 48 8b 42 30 48
  0x00007fff38be7525:   89 43 30 48 8b 42 38 48 89 43 38 48 8d 43 50 48
  0x00007fff38be7535:   89 43 48 48 89 4b 40 48 89 38 48 8b 43 48 48 89
  0x00007fff38be7545:   78 08 48 8b 4b 38 48 85 c9 74 0a b8 01 00 00 00
=>0x00007fff38be7555:   f0 0f c1 41 14 83 7a 04 02 7f 31 48 8b 42 48 48
  0x00007fff38be7565:   8b 4b 48 48 8b 00 48 89 01 48 8b 42 48 48 8b 4b
  0x00007fff38be7575:   48 48 8b 40 08 48 89 41 08 48 8b c3 48 8b 5c 24
  0x00007fff38be7585:   40 48 8b 74 24 48 48 83 c4 30 5f c3 89 7b 04 45
  0x00007fff38be7595:   33 c9 8b 52 04 45 33 c0 48 8b cb 40 88 7c 24 20
  0x00007fff38be75a5:   e8 f6 5a 00 00 39 7b 04 7e 44 48 8b d7 4c 8b c7
  0x00007fff38be75b5:   66 66 66 0f 1f 84 00 00 00 00 00 48 8b 46 40 4d
  0x00007fff38be75c5:   8d 40 04 48 8b 4b 40 48 8d 52 08 ff c7 41 8b 44
  0x00007fff38be75d5:   00 fc 41 89 44 08 fc 48 8b 46 48 48 8b 4b 48 48
  0x00007fff38be75e5:   8b 44 02 f8 48 89 44 0a f8 3b 7b 04 7c cd 48 8b
  0x00007fff38be75f5:   74 24 48 48 8b c3 48 8b 5c 24 40 48 83 c4 30 5f
  0x00007fff38be7605:   c3 cc cc cc cc cc cc cc cc cc cc 48 89 5c 24 10
  0x00007fff38be7615:   48 89 6c 24 18 48 89 74 24 20 57 48 83 ec 60 48
  0x00007fff38be7625:   8b 05 4d 12 36 00 48 33 c4 48 89 44 24 50 4c 8b
  0x00007fff38be7635:   d2 48 8b d9 8b 02 89 01 c7 41 04 02 00 00 00 48
  0x00007fff38be7645:   8d 79 08 41 8b 40 0c 89 07 41 8b 40 08 89 41 0c


Stack slot to memory mapping:

stack at sp + 0 slots: 0x000000ddffffffff is an unknown value
stack at sp + 1 slots: 0x000000dd00000001 is an unknown value
stack at sp + 2 slots: 0x000070620daf5e64 is an unknown value
stack at sp + 3 slots: 0x00007fffcb06350c KERNELBASE.dll
stack at sp + 4 slots: 0x0000000000240040 is an unknown value
stack at sp + 5 slots: 0x00007fffcd4faed8 ntdll.dll
stack at sp + 6 slots: 0x000000dd50dfd840 is pointing into the stack for thread: 0x00000284f02ee220
stack at sp + 7 slots: 0x00007ffe740ad7e1 points into unknown readable memory: eb 0f 44 8b c6 48 8b

Lock stack of current Java thread (top to bottom):

native method entry point (kind = native)  [0x00000284d463cdc0, 0x00000284d463d8b8]  2808 bytes
[MachCode]
  0x00000284d463cdc0: 488b 4b08 | 0fb7 492e | 584c 8d74 | ccf8 6800 | 0000 0068 | 0000 0000 | 5055 488b | ec41 5548 
  0x00000284d463cde0: 8b43 084c | 8d68 3848 | 8b40 0868 | 0000 0000 | 5348 8b50 | 1848 8b52 | 7048 8b12 | 5248 8b53 
  0x00000284d463ce00: 1048 85d2 | 7407 4881 | c2d0 0000 | 0052 488b | 5010 5249 | 8bc6 482b | c548 c1e8 | 0350 6800 
  0x00000284d463ce20: 0000 0068 | f7ff ffff | 41c6 87f1 | 0400 0001 | 488b 4310 | 4885 c074 | 208b 8890 | 0000 0083 
  0x00000284d463ce40: c102 8988 | 9000 0000 | 2388 a400 | 0000 0f84 | b209 0000 | e9cf 0000 | 0048 8b43 | 1848 85c0 
  0x00000284d463ce60: 0f85 b000 | 0000 e805 | 0000 00e9 | 9900 0000 | 488b d348 | 8d44 2408 | 4c89 6dc0 | 498b cfc5 
  0x00000284d463ce80: f877 4989 | af38 0400 | 0049 8987 | 2804 0000 | 4883 ec20 | 40f6 c40f | 0f84 1900 | 0000 4883 
  0x00000284d463cea0: ec08 48b8 | f026 b739 | ff7f 0000 | ffd0 4883 | c408 e90c | 0000 0048 | b8f0 26b7 | 39ff 7f00 
  0x00000284d463cec0: 00ff d048 | 83c4 2049 | c787 2804 | 0000 0000 | 0000 49c7 | 8738 0400 | 0000 0000 | 0049 c787 
  0x00000284d463cee0: 3004 0000 | 0000 0000 | c5f8 7749 | 837f 0800 | 0f84 0500 | 0000 e9e5 | 42ff ff4c | 8b6d c04c 
  0x00000284d463cf00: 8b75 c84e | 8d74 f500 | c348 8b43 | 1848 85c0 | 0f84 1200 | 0000 8b48 | 0883 c102 | 8948 0823 
  0x00000284d463cf20: 482c 0f84 | de08 0000 | 493b a770 | 0500 000f | 8748 0000 | 0089 8424 | 00f0 ffff | 8984 2400 
  0x00000284d463cf40: e0ff ff89 | 8424 00d0 | ffff 8984 | 2400 c0ff | ff89 8424 | 00b0 ffff | 8984 2400 | a0ff ff89 
  0x00000284d463cf60: 8424 0090 | ffff 8984 | 2400 80ff | ff49 3ba7 | 6805 0000 | 7607 4989 | a770 0500 | 0041 c687 
  0x00000284d463cf80: f104 0000 | 0048 8b5d | e84c 8b5b | 0845 0fb7 | 5b2e 41c1 | e303 492b | e348 83ec | 2048 83e4 
  0x00000284d463cfa0: f04c 8b5b | 604d 85db | 0f85 ab00 | 0000 e805 | 0000 00e9 | 9900 0000 | 488b d348 | 8d44 2408 
  0x00000284d463cfc0: 4c89 6dc0 | 498b cfc5 | f877 4989 | af38 0400 | 0049 8987 | 2804 0000 | 4883 ec20 | 40f6 c40f 
  0x00000284d463cfe0: 0f84 1900 | 0000 4883 | ec08 48b8 | 2050 b739 | ff7f 0000 | ffd0 4883 | c408 e90c | 0000 0048 
  0x00000284d463d000: b820 50b7 | 39ff 7f00 | 00ff d048 | 83c4 2049 | c787 2804 | 0000 0000 | 0000 49c7 | 8738 0400 
  0x00000284d463d020: 0000 0000 | 0049 c787 | 3004 0000 | 0000 0000 | c5f8 7749 | 837f 0800 | 0f84 0500 | 0000 e99d 
  0x00000284d463d040: 41ff ff4c | 8b6d c04c | 8b75 c84e | 8d74 f500 | c348 8b5d | e84c 8b5b | 6041 ffd3 | 488b 5de8 
  0x00000284d463d060: 4889 4518 | 440f b75b | 2c41 f6c3 | 080f 841b | 0000 004c | 8b5b 084d | 8b5b 084d | 8b5b 184d 
  0x00000284d463d080: 8b5b 704d | 8b1b 4c89 | 5d10 488d | 5510 488b | 4358 49ba | c021 f239 | ff7f 0000 | 493b c20f 
  0x00000284d463d0a0: 85ab 0000 | 00e8 0500 | 0000 e999 | 0000 0048 | 8bd3 488d | 4424 084c | 896d c049 | 8bcf c5f8 
  0x00000284d463d0c0: 7749 89af | 3804 0000 | 4989 8728 | 0400 0048 | 83ec 2040 | f6c4 0f0f | 8419 0000 | 0048 83ec 
  0x00000284d463d0e0: 0848 b820 | 50b7 39ff | 7f00 00ff | d048 83c4 | 08e9 0c00 | 0000 48b8 | 2050 b739 | ff7f 0000 
  0x00000284d463d100: ffd0 4883 | c420 49c7 | 8728 0400 | 0000 0000 | 0049 c787 | 3804 0000 | 0000 0000 | 49c7 8730 
  0x00000284d463d120: 0400 0000 | 0000 00c5 | f877 4983 | 7f08 000f | 8405 0000 | 00e9 a640 | ffff 4c8b | 6dc0 4c8b 
  0x00000284d463d140: 75c8 4e8d | 74f5 00c3 | 488b 5de8 | 488b 4358 | 498d 8f48 | 0400 004c | 8d15 d500 | 0000 4d89 
  0x00000284d463d160: 9730 0400 | 00c5 f877 | 4989 af38 | 0400 0049 | 89a7 2804 | 0000 41c7 | 87d4 0400 | 0004 0000 
  0x00000284d463d180: 0049 3ba7 | c805 0000 | 7607 4989 | a7c8 0500 | 00ff d049 | 3ba7 c805 | 0000 720b | 49c7 87c8 
  0x00000284d463d1a0: 0500 0000 | 0000 00c5 | f877 4883 | ec10 c5fb | 1104 2448 | 83ec 1048 | 8904 2448 | c744 2408 
  0x00000284d463d1c0: 0000 0000 | 41c7 87d4 | 0400 0005 | 0000 00f0 | 8344 24c0 | 0049 3b6f | 280f 870e | 0000 0041 
  0x00000284d463d1e0: 83bf d004 | 0000 000f | 8420 0000 | 0049 8bcf | 4c8b e448 | 83ec 2048 | 83e4 f048 | b850 b4b8 
  0x00000284d463d200: 39ff 7f00 | 00ff d049 | 8be4 4d33 | e441 c787 | d404 0000 | 0800 0000 | 4d8b 97f0 | 0500 0049 
  0x00000284d463d220: 83fa 0074 | 3549 c787 | f005 0000 | 0000 0000 | 41ff e249 | ba60 be63 | d484 0200 | 0041 ffd2 
  0x00000284d463d240: 4883 ec10 | c5fb 1104 | 2448 83ec | 1048 8904 | 2448 c744 | 2408 0000 | 0000 49c7 | 8728 0400 
  0x00000284d463d260: 0000 0000 | 0049 c787 | 3804 0000 | 0000 0000 | 49c7 8730 | 0400 0000 | 0000 00c5 | f877 4d8b 
  0x00000284d463d280: 9fb8 0400 | 0041 c783 | 0001 0000 | 0000 0000 | 49bb 5aa7 | 63d4 8402 | 0000 4c3b | 5d18 0f85 
  0x00000284d463d2a0: 5501 0000 | 488b 0424 | 4883 c410 | 4885 c00f | 842f 0100 | 00a8 030f | 8508 0000 | 0048 8b00 
  0x00000284d463d2c0: e91f 0100 | 00a8 010f | 8509 0000 | 0048 8b40 | fee9 0e01 | 0000 488b | 40ff 4180 | 7f48 000f 
  0x00000284d463d2e0: 84ff 0000 | 0048 83f8 | 000f 84f5 | 0000 004d | 8b5f 384d | 85db 0f84 | 1400 0000 | 4983 eb08 
  0x00000284d463d300: 4d89 5f38 | 4d03 5f40 | 4989 03e9 | d400 0000 | 4883 ec70 | 4889 0424 | 4889 4c24 | 0848 8954 
  0x00000284d463d320: 2410 4c89 | 4424 184c | 894c 2420 | 4c89 5424 | 284c 895c | 2430 c5fb | 1144 2440 | c5fb 114c 
  0x00000284d463d340: 2448 c5fb | 1154 2450 | c5fb 115c | 2458 c5fb | 1164 2460 | c5fb 116c | 2468 498b | d748 8bc8 
  0x00000284d463d360: 4883 ec20 | 40f6 c40f | 0f84 1900 | 0000 4883 | ec08 48b8 | 3079 ab39 | ff7f 0000 | ffd0 4883 
  0x00000284d463d380: c408 e90c | 0000 0048 | b830 79ab | 39ff 7f00 | 00ff d048 | 83c4 20c5 | fb10 6c24 | 68c5 fb10 
  0x00000284d463d3a0: 6424 60c5 | fb10 5c24 | 58c5 fb10 | 5424 50c5 | fb10 4c24 | 48c5 fb10 | 4424 404c | 8b5c 2430 
  0x00000284d463d3c0: 4c8b 5424 | 284c 8b4c | 2420 4c8b | 4424 1848 | 8b54 2410 | 488b 4c24 | 0848 8b04 | 2448 83c4 
  0x00000284d463d3e0: 70c5 f877 | 4889 4510 | 4883 ec10 | 4889 0424 | 48c7 4424 | 0800 0000 | 0041 83bf | 5005 0000 
  0x00000284d463d400: 020f 85bf | 0000 0048 | 81ec 8000 | 0000 4889 | 4424 7848 | 894c 2470 | 4889 5424 | 6848 895c 
  0x00000284d463d420: 2460 4889 | 6c24 5048 | 8974 2448 | 4889 7c24 | 404c 8944 | 2438 4c89 | 4c24 304c | 8954 2428 
  0x00000284d463d440: 4c89 5c24 | 204c 8964 | 2418 4c89 | 6c24 104c | 8974 2408 | 4c89 3c24 | 4c8b e448 | 83ec 2048 
  0x00000284d463d460: 83e4 f048 | b830 09f2 | 39ff 7f00 | 00ff d049 | 8be4 4c8b | 3c24 4c8b | 7424 084c | 8b6c 2410 
  0x00000284d463d480: 4c8b 6424 | 184c 8b5c | 2420 4c8b | 5424 284c | 8b4c 2430 | 4c8b 4424 | 3848 8b7c | 2440 488b 
  0x00000284d463d4a0: 7424 4848 | 8b6c 2450 | 488b 5c24 | 6048 8b54 | 2468 488b | 4c24 7048 | 8b44 2478 | 4881 c480 
  0x00000284d463d4c0: 0000 004d | 33e4 488b | 5de8 4c8b | 6b08 4d8d | 6d38 4983 | 7f08 000f | 84bb 0000 | 00e8 0500 
  0x00000284d463d4e0: 0000 e996 | 0000 0048 | 8d44 2408 | 4c89 6dc0 | 498b cfc5 | f877 4989 | af38 0400 | 0049 8987 
  0x00000284d463d500: 2804 0000 | 4883 ec20 | 40f6 c40f | 0f84 1900 | 0000 4883 | ec08 48b8 | 606e b739 | ff7f 0000 
  0x00000284d463d520: ffd0 4883 | c408 e90c | 0000 0048 | b860 6eb7 | 39ff 7f00 | 00ff d048 | 83c4 2049 | c787 2804 
  0x00000284d463d540: 0000 0000 | 0000 49c7 | 8738 0400 | 0000 0000 | 0049 c787 | 3004 0000 | 0000 0000 | c5f8 7749 
  0x00000284d463d560: 837f 0800 | 0f84 0500 | 0000 e971 | 3cff ff4c | 8b6d c04c | 8b75 c84e | 8d74 f500 | c348 b968 
  0x00000284d463d580: 181b 3aff | 7f00 0048 | 83e4 f048 | b8c0 9cde | 39ff 7f00 | 00ff d0f4 | 440f b75b | 2c41 f6c3 
  0x00000284d463d5a0: 200f 8472 | 0100 0048 | 8d55 a84c | 8b5a 084d | 85db 0f85 | bb00 0000 | e805 0000 | 00e9 9600 
  0x00000284d463d5c0: 0000 488d | 4424 084c | 896d c049 | 8bcf c5f8 | 7749 89af | 3804 0000 | 4989 8728 | 0400 0048 
  0x00000284d463d5e0: 83ec 2040 | f6c4 0f0f | 8419 0000 | 0048 83ec | 0848 b890 | 6db7 39ff | 7f00 00ff | d048 83c4 
  0x00000284d463d600: 08e9 0c00 | 0000 48b8 | 906d b739 | ff7f 0000 | ffd0 4883 | c420 49c7 | 8728 0400 | 0000 0000 
  0x00000284d463d620: 0049 c787 | 3804 0000 | 0000 0000 | 49c7 8730 | 0400 0000 | 0000 00c5 | f877 4983 | 7f08 000f 
  0x00000284d463d640: 8405 0000 | 00e9 963b | ffff 4c8b | 6dc0 4c8b | 75c8 4e8d | 74f5 00c3 | 48b9 6818 | 1b3a ff7f 
  0x00000284d463d660: 0000 4883 | e4f0 48b8 | c09c de39 | ff7f 0000 | ffd0 f44c | 896d c04c | 8b4a 0848 | c742 0800 
  0x00000284d463d680: 0000 0045 | 8b87 d806 | 0000 4f3b | 4c07 f80f | 8542 0000 | 0041 83af | d806 0000 | 084f 3b4c 
  0x00000284d463d6a0: 07f0 0f84 | 2a00 0000 | 498b 01a8 | 020f 8512 | 0000 004c | 8bc0 4983 | c801 f04d | 0fb1 010f 
  0x00000284d463d6c0: 840d 0000 | 0041 8387 | d806 0000 | 08e9 0500 | 0000 e93e | 0000 004c | 894a 0848 | 8bca 4883 
  0x00000284d463d6e0: ec20 40f6 | c40f 0f84 | 1900 0000 | 4883 ec08 | 48b8 e03f | b739 ff7f | 0000 ffd0 | 4883 c408 
  0x00000284d463d700: e90c 0000 | 0048 b8e0 | 3fb7 39ff | 7f00 00ff | d048 83c4 | 204c 8b6d | c041 c687 | 9603 0000 
  0x00000284d463d720: 0149 3b6f | 280f 8705 | 0000 00e9 | ab00 0000 | 4883 ec10 | c5fb 1104 | 2448 83ec | 1048 8904 
  0x00000284d463d740: 2448 c744 | 2408 0000 | 0000 c5f8 | 7749 89af | 3804 0000 | 49ba 4ad7 | 63d4 8402 | 0000 4d89 
  0x00000284d463d760: 9730 0400 | 0049 89a7 | 2804 0000 | 498b cf48 | 83ec 2040 | f6c4 0f0f | 8419 0000 | 0048 83ec 
  0x00000284d463d780: 0848 b880 | 26b7 39ff | 7f00 00ff | d048 83c4 | 08e9 0c00 | 0000 48b8 | 8026 b739 | ff7f 0000 
  0x00000284d463d7a0: ffd0 4883 | c420 49c7 | 8728 0400 | 0000 0000 | 0049 c787 | 3804 0000 | 0000 0000 | 49c7 8730 
  0x00000284d463d7c0: 0400 0000 | 0000 00c5 | f877 488b | 0424 4883 | c410 c5fb | 1004 2448 | 83c4 1048 | 8b04 2448 
  0x00000284d463d7e0: 83c4 10c5 | fb10 0424 | 4883 c410 | 4c8b 5d18 | 41ff d34c | 8b5d f8c9 | 41c6 8796 | 0300 0000 
  0x00000284d463d800: 5f49 8be3 | ffe7 ba00 | 0000 00e8 | 0500 0000 | e996 0000 | 0048 8d44 | 2408 4c89 | 6dc0 498b 
  0x00000284d463d820: cfc5 f877 | 4989 af38 | 0400 0049 | 8987 2804 | 0000 4883 | ec20 40f6 | c40f 0f84 | 1900 0000 
  0x00000284d463d840: 4883 ec08 | 48b8 d035 | b739 ff7f | 0000 ffd0 | 4883 c408 | e90c 0000 | 0048 b8d0 | 35b7 39ff 
  0x00000284d463d860: 7f00 00ff | d048 83c4 | 2049 c787 | 2804 0000 | 0000 0000 | 49c7 8738 | 0400 0000 | 0000 0049 
  0x00000284d463d880: c787 3004 | 0000 0000 | 0000 c5f8 | 7749 837f | 0800 0f84 | 0500 0000 | e943 39ff | ff4c 8b6d 
  0x00000284d463d8a0: c04c 8b75 | c84e 8d74 | f500 c348 | 8b5d e8e9 | 74f6 ffff | 0f1f 4000 
[/MachCode]

Compiled method (c1) 187245 7798       3       java.util.concurrent.ThreadPoolExecutor$Worker::run (9 bytes)
 total in heap  [0x00000284cd973288,0x00000284cd973548] = 704
 main code      [0x00000284cd973380,0x00000284cd973508] = 392
 stub code      [0x00000284cd973508,0x00000284cd973548] = 64
 mutable data [0x00000284ece6ba10,0x00000284ece6ba58] = 72
 relocation     [0x00000284ece6ba10,0x00000284ece6ba50] = 64
 metadata       [0x00000284ece6ba50,0x00000284ece6ba58] = 8
 immutable data [0x00000284ea9d21a0,0x00000284ea9d2220] = 128
 dependencies   [0x00000284ea9d21a0,0x00000284ea9d21a8] = 8
 nul chk table  [0x00000284ea9d21a8,0x00000284ea9d21b8] = 16
 scopes pcs     [0x00000284ea9d21b8,0x00000284ea9d2208] = 80
 scopes data    [0x00000284ea9d2208,0x00000284ea9d2220] = 24

[Constant Pool (empty)]

[MachCode]
[Instructions begin]
  0x00000284cd973380: 660f 1f84 | 0000 0000 | 0066 0f1f | 8400 0000 | 0000 448b | 5208 443b 

  0x00000284cd973398: ;   {runtime_call Shared Runtime ic_miss_blob}
  0x00000284cd973398: 5008 0f85 | 40b7 d006 
[Verified Entry Point]
  0x00000284cd9733a0: 8984 2400 | 80ff ff55 | 4883 ec20 | 4181 7f20 | 1b00 0000 

  0x00000284cd9733b4: ;   {runtime_call Stub::method_entry_barrier}
  0x00000284cd9733b4: 7405 e885 

  0x00000284cd9733b8: ;   {metadata(method data for {method} {0x00000284e43e9e70} 'run' '()V' in 'java/util/concurrent/ThreadPoolExecutor$Worker')}
  0x00000284cd9733b8: 0ecf 0649 | b858 205c | e784 0200 | 0041 8bb0 | 9000 0000 | 83c6 0241 | 89b0 9000 | 0000 81e6 
  0x00000284cd9733d8: fe07 0000 | 85f6 0f84 | c000 0000 | 8b72 2c48 | c1e6 0348 | 3b06 4c8b 

  0x00000284cd9733f0: ;   {metadata(method data for {method} {0x00000284e43e9e70} 'run' '()V' in 'java/util/concurrent/ThreadPoolExecutor$Worker')}
  0x00000284cd9733f0: c648 bf58 | 205c e784 | 0200 0045 | 8b40 0841 | ba00 0000 | 9e4d 03c2 | 4c3b 87e0 | 0000 0075 
  0x00000284cd973410: 0d48 8387 | e800 0000 | 01e9 6000 | 0000 4c3b | 87f0 0000 | 0075 0d48 | 8387 f800 | 0000 01e9 
  0x00000284cd973430: 4a00 0000 | 4883 bfe0 | 0000 0000 | 7517 4c89 | 87e0 0000 | 0048 c787 | e800 0000 | 0100 0000 
  0x00000284cd973450: e929 0000 | 0048 83bf | f000 0000 | 0075 174c | 8987 f000 | 0000 48c7 | 87f8 0000 | 0001 0000 
  0x00000284cd973470: 00e9 0800 | 0000 4883 | 87d8 0000 | 0001 4c8b | c248 8bd6 

  0x00000284cd973484: ;   {optimized virtual_call}
  0x00000284cd973484: 6666 90e8 

  0x00000284cd973488: ; ImmutableOopMap {}
                      ;*invokevirtual runWorker {reexecute=0 rethrow=0 return_oop=0}
                      ; - java.util.concurrent.ThreadPoolExecutor$Worker::run@5 (line 614)
  0x00000284cd973488: 7c00 0000 

  0x00000284cd97348c: ;   {post_call_nop}
  0x00000284cd97348c: 0f1f 8400 | 0402 0000 | 4883 c420 

  0x00000284cd973498: ;   {poll_return}
  0x00000284cd973498: 5d49 3b67 | 280f 8727 | 0000 00c3 

  0x00000284cd9734a4: ;   {metadata({method} {0x00000284e43e9e70} 'run' '()V' in 'java/util/concurrent/ThreadPoolExecutor$Worker')}
  0x00000284cd9734a4: 49ba 689e | 3ee4 8402 | 0000 4c89 | 5424 0848 | c704 24ff 

  0x00000284cd9734b8: ;   {runtime_call C1 Runtime counter_overflow_blob}
  0x00000284cd9734b8: ffff ffe8 

  0x00000284cd9734bc: ; ImmutableOopMap {rdx=Oop }
                      ;*synchronization entry
                      ; - java.util.concurrent.ThreadPoolExecutor$Worker::run@-1 (line 614)
  0x00000284cd9734bc: a0c1 dd06 | e91f ffff 

  0x00000284cd9734c4: ;   {runtime_call C1 Runtime throw_null_pointer_exception_blob}
  0x00000284cd9734c4: ffe8 9661 

  0x00000284cd9734c8: ; ImmutableOopMap {rdx=Oop rsi=Oop }
                      ;*invokevirtual runWorker {reexecute=0 rethrow=0 return_oop=0}
                      ; - java.util.concurrent.ThreadPoolExecutor$Worker::run@5 (line 614)
                      ;   {internal_word}
  0x00000284cd9734c8: dd06 49ba | 9934 97cd | 8402 0000 | 4d89 97e0 

  0x00000284cd9734d8: ;   {runtime_call SafepointBlob}
  0x00000284cd9734d8: 0400 00e9 | 80da d006 | 498b 8788 | 0500 0049 | c787 8805 | 0000 0000 | 0000 49c7 | 8790 0500 
  0x00000284cd9734f8: 0000 0000 | 0048 83c4 

  0x00000284cd973500: ;   {runtime_call C1 Runtime unwind_exception_blob}
  0x00000284cd973500: 205d e959 | 52dd 06f4 
[Stub Code]
  0x00000284cd973508: ;   {static_stub}
  0x00000284cd973508: 48bb 407d | 27e4 8402 

  0x00000284cd973510: ;   {runtime_call I2C/C2I adapters}
  0x00000284cd973510: 0000 e91f 

  0x00000284cd973514: ;   {runtime_call C1 Runtime handle_exception_from_callee_blob}
  0x00000284cd973514: 27d1 06e8 | c482 dd06 

  0x00000284cd97351c: ;   {external_word}
  0x00000284cd97351c: 48b9 6818 | 1b3a ff7f | 0000 4883 

  0x00000284cd973528: ;   {runtime_call}
  0x00000284cd973528: e4f0 48b8 | c09c de39 | ff7f 0000 

  0x00000284cd973534: ;   {section_word}
  0x00000284cd973534: ffd0 f449 | ba37 3597 | cd84 0200 

  0x00000284cd973540: ;   {runtime_call DeoptimizationBlob}
  0x00000284cd973540: 0041 52e9 | 18dd d006 
[/MachCode]


Compiled method (c1) 187258 7695       3       java.lang.Thread::run (23 bytes)
 total in heap  [0x00000284cdc77a88,0x00000284cdc77f88] = 1280
 main code      [0x00000284cdc77b80,0x00000284cdc77f30] = 944
 stub code      [0x00000284cdc77f30,0x00000284cdc77f88] = 88
 mutable data [0x00000284f584f390,0x00000284f584f428] = 152
 relocation     [0x00000284f584f390,0x00000284f584f400] = 112
 metadata       [0x00000284f584f400,0x00000284f584f428] = 40
 immutable data [0x00000284ebd0faa0,0x00000284ebd0fc00] = 352
 dependencies   [0x00000284ebd0faa0,0x00000284ebd0fab0] = 16
 nul chk table  [0x00000284ebd0fab0,0x00000284ebd0fad0] = 32
 scopes pcs     [0x00000284ebd0fad0,0x00000284ebd0fb80] = 176
 scopes data    [0x00000284ebd0fb80,0x00000284ebd0fc00] = 128

[Constant Pool (empty)]

[MachCode]
[Instructions begin]
  0x00000284cdc77b80: 660f 1f84 | 0000 0000 | 0066 0f1f | 8400 0000 | 0000 448b | 5208 443b 

  0x00000284cdc77b98: ;   {runtime_call Shared Runtime ic_miss_blob}
  0x00000284cdc77b98: 5008 0f85 | 406f a006 
[Verified Entry Point]
  0x00000284cdc77ba0: 8984 2400 | 80ff ff55 | 4883 ec50 | 4181 7f20 | 1b00 0000 

  0x00000284cdc77bb4: ;   {runtime_call Stub::method_entry_barrier}
  0x00000284cdc77bb4: 7405 e885 

  0x00000284cdc77bb8: ;   {metadata(method data for {method} {0x000000009e191000} 'run' '()V' in 'java/lang/Thread')}
  0x00000284cdc77bb8: c69e 0648 | bee0 645f | e684 0200 | 008b be90 | 0000 0083 | c702 89be | 9000 0000 | 81e7 fe07 
  0x00000284cdc77bd8: 0000 85ff | 0f84 7b02 | 0000 8b72 | 4448 c1e6 | 038b 7624 | 48c1 e603 

  0x00000284cdc77bf0: ;   {metadata(method data for {method} {0x000000009e191000} 'run' '()V' in 'java/lang/Thread')}
  0x00000284cdc77bf0: 4885 f648 | bfe0 645f | e684 0200 | 00bb d800 | 0000 7405 | bbe8 0000 | 0048 8b04 | 1f48 8d40 
  0x00000284cdc77c10: 0148 8904 | 1f0f 8432 | 0200 0048 | 8974 2438 

  0x00000284cdc77c20: ;   {metadata(method data for {method} {0x000000009e191000} 'run' '()V' in 'java/lang/Thread')}
  0x00000284cdc77c20: 48bf e064 | 5fe6 8402 | 0000 4883 | 87f8 0000 

  0x00000284cdc77c30: ;   {metadata(method data for {method} {0x000000009e4a39f8} 'scopedValueBindings' '()Ljava/lang/Object;' in 'java/lang/Thread')}
  0x00000284cdc77c30: 0001 48bf | 5866 5fe6 | 8402 0000 | 8b9f 9000 | 0000 83c3 | 0289 9f90 | 0000 0081 | e3fe ff1f 
  0x00000284cdc77c50: 0085 db0f | 842a 0200 

  0x00000284cdc77c58: ;   {metadata(method data for {method} {0x000000009e4a39f8} 'scopedValueBindings' '()Ljava/lang/Object;' in 'java/lang/Thread')}
  0x00000284cdc77c58: 0048 bf58 | 665f e684 | 0200 0048 | 8387 d800 | 0000 0149 | 8bbf 1004 | 0000 488b | 3f8b 7f50 
  0x00000284cdc77c78: 48c1 e703 

  0x00000284cdc77c7c: ;   {metadata(method data for {method} {0x000000009e191000} 'run' '()V' in 'java/lang/Thread')}
  0x00000284cdc77c7c: 48bb e064 | 5fe6 8402 | 0000 8b52 | 0841 ba00 | 0000 9e49 | 03d2 483b | 9310 0100 | 0075 0d48 
  0x00000284cdc77c9c: 8383 1801 | 0000 01e9 | 6000 0000 | 483b 9320 | 0100 0075 | 0d48 8383 | 2801 0000 | 01e9 4a00 
  0x00000284cdc77cbc: 0000 4883 | bb10 0100 | 0000 7517 | 4889 9310 | 0100 0048 | c783 1801 | 0000 0100 | 0000 e929 
  0x00000284cdc77cdc: 0000 0048 | 83bb 2001 | 0000 0075 | 1748 8993 | 2001 0000 | 48c7 8328 | 0100 0001 | 0000 00e9 
  0x00000284cdc77cfc: 0800 0000 | 4883 8308 | 0100 0001 

  0x00000284cdc77d08: ;   {metadata(method data for {method} {0x000000009e4a4168} 'runWith' '(Ljava/lang/Object;Ljava/lang/Runnable;)V' in 'java/lang/Thread')}
  0x00000284cdc77d08: 48ba 7867 | 5fe6 8402 | 0000 8b9a | 9000 0000 | 83c3 0289 | 9a90 0000 | 0081 e3fe | ff1f 0085 
  0x00000284cdc77d28: db0f 847a 

  0x00000284cdc77d2c: ;   {metadata(method data for {method} {0x000000009e4a4168} 'runWith' '(Ljava/lang/Object;Ljava/lang/Runnable;)V' in 'java/lang/Thread')}
  0x00000284cdc77d2c: 0100 0048 | ba78 675f | e684 0200 | 0048 8382 | d800 0000 | 0148 8bd7 | 4889 7c24 | 4066 0f1f 
  0x00000284cdc77d4c: ;   {static_call}
  0x00000284cdc77d4c: 4400 00e8 

  0x00000284cdc77d50: ; ImmutableOopMap {[56]=Oop [64]=Oop }
                      ;*invokestatic ensureMaterializedForStackWalk {reexecute=0 rethrow=0 return_oop=0}
                      ; - java.lang.Thread::runWith@1 (line 1486)
                      ; - java.lang.Thread::run@19 (line 1474)
  0x00000284cdc77d50: bc26 4207 

  0x00000284cdc77d54: ;   {post_call_nop}
  0x00000284cdc77d54: 0f1f 8400 | cc02 0000 | 488b 7424 | 3848 3b06 

  0x00000284cdc77d64: ;   {metadata(method data for {method} {0x000000009e4a4168} 'runWith' '(Ljava/lang/Object;Ljava/lang/Runnable;)V' in 'java/lang/Thread')}
  0x00000284cdc77d64: 488b d648 | bf78 675f | e684 0200 | 008b 5208 | 41ba 0000 | 009e 4903 | d248 3b97 | f000 0000 
  0x00000284cdc77d84: 750d 4883 | 87f8 0000 | 0001 e960 | 0000 0048 | 3b97 0001 | 0000 750d | 4883 8708 | 0100 0001 
  0x00000284cdc77da4: e94a 0000 | 0048 83bf | f000 0000 | 0075 1748 | 8997 f000 | 0000 48c7 | 87f8 0000 | 0001 0000 
  0x00000284cdc77dc4: 00e9 2900 | 0000 4883 | bf00 0100 | 0000 7517 | 4889 9700 | 0100 0048 | c787 0801 | 0000 0100 
  0x00000284cdc77de4: 0000 e908 | 0000 0048 | 8387 e800 | 0000 0148 | 8bd6 0f1f | 8000 0000 | 0048 b820 | aea9 ed84 
  0x00000284cdc77e04: ;   {virtual_call}
  0x00000284cdc77e04: 0200 00e8 

  0x00000284cdc77e08: ; ImmutableOopMap {[64]=Oop }
                      ;*invokeinterface run {reexecute=0 rethrow=0 return_oop=0}
                      ; - java.lang.Thread::runWith@5 (line 1487)
                      ; - java.lang.Thread::run@19 (line 1474)
  0x00000284cdc77e08: 6cf9 b706 

  0x00000284cdc77e0c: ;   {post_call_nop}
  0x00000284cdc77e0c: 0f1f 8400 | 8403 0001 

  0x00000284cdc77e14: ;   {metadata(method data for {method} {0x000000009e4a4168} 'runWith' '(Ljava/lang/Object;Ljava/lang/Runnable;)V' in 'java/lang/Thread')}
  0x00000284cdc77e14: 48be 7867 | 5fe6 8402 | 0000 4883 | 8618 0100 

  0x00000284cdc77e24: ;   {metadata(method data for {method} {0x000000009e1b7b60} 'reachabilityFence' '(Ljava/lang/Object;)V' in 'java/lang/ref/Reference')}
  0x00000284cdc77e24: 0001 48be | f004 07e4 | 8402 0000 | 8bbe 9000 | 0000 83c7 | 0289 be90 | 0000 0081 | e7fe ff1f 
  0x00000284cdc77e44: 0085 ff0f | 8482 0000 | 0048 83c4 

  0x00000284cdc77e50: ;   {poll_return}
  0x00000284cdc77e50: 505d 493b | 6728 0f87 | 9400 0000 

  0x00000284cdc77e5c: ;   {metadata({method} {0x000000009e191000} 'run' '()V' in 'java/lang/Thread')}
  0x00000284cdc77e5c: c349 baf8 | 0f19 9e00 | 0000 004c | 8954 2408 | 48c7 0424 | ffff ffff 

  0x00000284cdc77e74: ;   {runtime_call C1 Runtime counter_overflow_blob}
  0x00000284cdc77e74: e8e7 77ad 

  0x00000284cdc77e78: ; ImmutableOopMap {rdx=Oop }
                      ;*synchronization entry
                      ; - java.lang.Thread::run@-1 (line 1471)
  0x00000284cdc77e78: 06e9 64fd 

  0x00000284cdc77e7c: ;   {runtime_call C1 Runtime throw_null_pointer_exception_blob}
  0x00000284cdc77e7c: ffff e8dd 

  0x00000284cdc77e80: ; ImmutableOopMap {rdx=Oop }
                      ;*getfield task {reexecute=1 rethrow=0 return_oop=0}
                      ; - (reexecute) java.lang.Thread::run@4 (line 1471)
                      ;   {metadata({method} {0x000000009e4a39f8} 'scopedValueBindings' '()Ljava/lang/Object;' in 'java/lang/Thread')}
  0x00000284cdc77e80: 17ad 0649 | baf0 394a | 9e00 0000 | 004c 8954 | 2408 48c7 | 0424 ffff 

  0x00000284cdc77e98: ;   {runtime_call C1 Runtime counter_overflow_blob}
  0x00000284cdc77e98: ffff e8c1 

  0x00000284cdc77e9c: ; ImmutableOopMap {rdx=Oop [56]=Oop }
                      ;*synchronization entry
                      ; - java.lang.Thread::scopedValueBindings@-1 (line 311)
                      ; - java.lang.Thread::run@12 (line 1473)
  0x00000284cdc77e9c: 77ad 06e9 | b5fd ffff 

  0x00000284cdc77ea4: ;   {runtime_call C1 Runtime throw_null_pointer_exception_blob}
  0x00000284cdc77ea4: e8b7 17ad 

  0x00000284cdc77ea8: ; ImmutableOopMap {rdx=Oop [56]=Oop }
                      ;*getfield scopedValueBindings {reexecute=1 rethrow=0 return_oop=0}
                      ; - (reexecute) java.lang.Thread::scopedValueBindings@3 (line 311)
                      ; - java.lang.Thread::run@12 (line 1473)
                      ;   {metadata({method} {0x000000009e4a4168} 'runWith' '(Ljava/lang/Object;Ljava/lang/Runnable;)V' in 'java/lang/Thread')}
  0x00000284cdc77ea8: 0649 ba60 | 414a 9e00 | 0000 004c | 8954 2408 | 48c7 0424 | ffff ffff 

  0x00000284cdc77ec0: ;   {runtime_call C1 Runtime counter_overflow_blob}
  0x00000284cdc77ec0: e89b 77ad 

  0x00000284cdc77ec4: ; ImmutableOopMap {rdi=Oop [56]=Oop }
                      ;*synchronization entry
                      ; - java.lang.Thread::runWith@-1 (line 1486)
                      ; - java.lang.Thread::run@19 (line 1474)
  0x00000284cdc77ec4: 06e9 65fe 

  0x00000284cdc77ec8: ;   {runtime_call C1 Runtime throw_null_pointer_exception_blob}
  0x00000284cdc77ec8: ffff e891 

  0x00000284cdc77ecc: ; ImmutableOopMap {rsi=Oop [64]=Oop }
                      ;*invokeinterface run {reexecute=0 rethrow=0 return_oop=0}
                      ; - java.lang.Thread::runWith@5 (line 1487)
                      ; - java.lang.Thread::run@19 (line 1474)
                      ;   {metadata({method} {0x000000009e1b7b60} 'reachabilityFence' '(Ljava/lang/Object;)V' in 'java/lang/ref/Reference')}
  0x00000284cdc77ecc: 17ad 0649 | ba58 7b1b | 9e00 0000 | 004c 8954 | 2408 48c7 | 0424 ffff 

  0x00000284cdc77ee4: ;   {runtime_call C1 Runtime counter_overflow_blob}
  0x00000284cdc77ee4: ffff e875 

  0x00000284cdc77ee8: ; ImmutableOopMap {}
                      ;*synchronization entry
                      ; - java.lang.ref.Reference::reachabilityFence@-1 (line 669)
                      ; - java.lang.Thread::runWith@11 (line 1488)
                      ; - java.lang.Thread::run@19 (line 1474)
  0x00000284cdc77ee8: 77ad 06e9 | 5dff ffff 

  0x00000284cdc77ef0: ;   {internal_word}
  0x00000284cdc77ef0: 49ba 527e | c7cd 8402 | 0000 4d89 | 97e0 0400 

  0x00000284cdc77f00: ;   {runtime_call SafepointBlob}
  0x00000284cdc77f00: 00e9 5a90 | a006 498b | 8788 0500 | 0049 c787 | 8805 0000 | 0000 0000 | 49c7 8790 | 0500 0000 
  0x00000284cdc77f20: 0000 0048 | 83c4 505d 

  0x00000284cdc77f28: ;   {runtime_call C1 Runtime unwind_exception_blob}
  0x00000284cdc77f28: e933 08ad | 06f4 f4f4 
[Stub Code]
  0x00000284cdc77f30: ;   {other}
  0x00000284cdc77f30: 0f1f 4400 

  0x00000284cdc77f34: ;   {static_stub}
  0x00000284cdc77f34: 0048 bb00 | 0000 0000 

  0x00000284cdc77f3c: ;   {runtime_call nmethod}
  0x00000284cdc77f3c: 0000 00e9 | fbff ffff 

  0x00000284cdc77f44: ;   {static_stub}
  0x00000284cdc77f44: 48bb 0000 | 0000 0000 

  0x00000284cdc77f4c: ;   {runtime_call nmethod}
  0x00000284cdc77f4c: 0000 e9fb 

  0x00000284cdc77f50: ;   {runtime_call C1 Runtime handle_exception_from_callee_blob}
  0x00000284cdc77f50: ffff ffe8 | 8838 ad06 

  0x00000284cdc77f58: ;   {external_word}
  0x00000284cdc77f58: 48b9 6818 | 1b3a ff7f | 0000 4883 

  0x00000284cdc77f64: ;   {runtime_call}
  0x00000284cdc77f64: e4f0 48b8 | c09c de39 | ff7f 0000 

  0x00000284cdc77f70: ;   {section_word}
  0x00000284cdc77f70: ffd0 f449 | ba73 7fc7 | cd84 0200 

  0x00000284cdc77f7c: ;   {runtime_call DeoptimizationBlob}
  0x00000284cdc77f7c: 0041 52e9 | dc92 a006 | f4f4 f4f4 
[/MachCode]


---------------  P R O C E S S  ---------------

Threads class SMR info:
_java_thread_list=0x00000284ece46240, length=118, elements={
0x00000284e3aedd80, 0x00000284e3aee540, 0x00000284e3af1ef0, 0x00000284e3af3c10,
0x00000284e3af51f0, 0x00000284e3af9dd0, 0x00000284e3afc5a0, 0x00000284e3afdae0,
0x00000284e806a010, 0x00000284e806ddc0, 0x00000284e8873af0, 0x00000284ea1048b0,
0x00000284ea108f00, 0x00000284ea10ae40, 0x00000284ea109ea0, 0x00000284ea9f4a90,
0x00000284ea9f13e0, 0x00000284ea9f2380, 0x00000284ea9f69d0, 0x00000284ea9f8910,
0x00000284ea9f5260, 0x00000284ea9f5a30, 0x00000284ed0463b0, 0x00000284ed049290,
0x00000284ef4e3e00, 0x00000284f0080230, 0x00000284f00840b0, 0x00000284f0084880,
0x00000284f00811d0, 0x00000284f0085820, 0x00000284f0082940, 0x00000284f0087760,
0x00000284eda1e160, 0x00000284eda1f100, 0x00000284f02f66f0, 0x00000284f5dbd860,
0x00000284f5dc4d90, 0x00000284f5dcb320, 0x00000284f5dc8c10, 0x00000284f5dc93e0,
0x00000284f5dca380, 0x00000284ea270560, 0x00000284ea26fd90, 0x00000284ea270d30,
0x00000284ea26d680, 0x00000284ea273440, 0x00000284ea271cd0, 0x00000284ebb01890,
0x00000284ebb07650, 0x00000284ebb07e20, 0x00000284ebb0b4d0, 0x00000284ea6e0180,
0x00000284ea6e3830, 0x00000284ea6e1120, 0x00000284ea6e47d0, 0x00000284ea6e20c0,
0x00000284ea6e5f40, 0x00000284ea6e6ee0, 0x00000284ea6e76b0, 0x00000284ea6eb530,
0x00000284ea6e9dc0, 0x00000284ea6f0b20, 0x00000284ea6f49a0, 0x00000284ea6faf30,
0x00000284ea6fd640, 0x00000284ea6fbed0, 0x00000284ea6f3230, 0x00000284ea6f68e0,
0x00000284ea6ff580, 0x00000284ebb03000, 0x00000284ebb0ad00, 0x00000284ea6ef3b0,
0x00000284ea6f0350, 0x00000284ea6fe5e0, 0x00000284f02ec2e0, 0x00000284f02f47b0,
0x00000284f5dbefd0, 0x00000284f5dc2680, 0x00000284f5dc74a0, 0x00000284ea6eebe0,
0x00000284ea6f97c0, 0x00000284ebb010c0, 0x00000284ebb085f0, 0x00000284ea6ebd00,
0x00000284ea6ed470, 0x00000284ea6f1ac0, 0x00000284ea6f8820, 0x00000284ea6fb700,
0x00000284f5dbe030, 0x00000284f5dbe800, 0x00000284f5dc1eb0, 0x00000284f5dbff70,
0x00000284f5dc0740, 0x00000284f5dc0f10, 0x00000284f5dc7c70, 0x00000284f02e8460,
0x00000284f02e9400, 0x00000284f02ea3a0, 0x00000284f02ee220, 0x00000284f02ee9f0,
0x00000284f02ef1c0, 0x00000284f02f3fe0, 0x00000284ed047350, 0x00000284ed04a230,
0x00000284ed0482f0, 0x00000284e890f440, 0x00000284ea273c10, 0x00000284ea2724a0,
0x00000284ea2772c0, 0x00000284ea275380, 0x00000284ea27b140, 0x00000284edf7dc10,
0x00000284edb5cfc0, 0x00000284eb09c730, 0x00000284eb09af00, 0x00000284edb60670,
0x00000284edb5fea0, 0x00000284edb625b0
}

Java Threads: ( => current thread )
  0x00000284e3aedd80 JavaThread "Reference Handler"          daemon [_thread_blocked, id=29300, stack(0x000000dd4b500000,0x000000dd4b600000) (1024K)]
  0x00000284e3aee540 JavaThread "Finalizer"                  daemon [_thread_blocked, id=42144, stack(0x000000dd4b600000,0x000000dd4b700000) (1024K)]
  0x00000284e3af1ef0 JavaThread "Signal Dispatcher"          daemon [_thread_blocked, id=41400, stack(0x000000dd4b700000,0x000000dd4b800000) (1024K)]
  0x00000284e3af3c10 JavaThread "Attach Listener"            daemon [_thread_blocked, id=35912, stack(0x000000dd4b800000,0x000000dd4b900000) (1024K)]
  0x00000284e3af51f0 JavaThread "Service Thread"             daemon [_thread_blocked, id=32560, stack(0x000000dd4b900000,0x000000dd4ba00000) (1024K)]
  0x00000284e3af9dd0 JavaThread "Monitor Deflation Thread"   daemon [_thread_blocked, id=30904, stack(0x000000dd4ba00000,0x000000dd4bb00000) (1024K)]
  0x00000284e3afc5a0 JavaThread "C2 CompilerThread0"         daemon [_thread_blocked, id=2420, stack(0x000000dd4bb00000,0x000000dd4bc00000) (1024K)]
  0x00000284e3afdae0 JavaThread "C1 CompilerThread0"         daemon [_thread_blocked, id=41208, stack(0x000000dd4bc00000,0x000000dd4bd00000) (1024K)]
  0x00000284e806a010 JavaThread "Notification Thread"        daemon [_thread_blocked, id=22300, stack(0x000000dd4bd00000,0x000000dd4be00000) (1024K)]
  0x00000284e806ddc0 JavaThread "Common-Cleaner"             daemon [_thread_blocked, id=27696, stack(0x000000dd4be00000,0x000000dd4bf00000) (1024K)]
  0x00000284e8873af0 JavaThread "Cleaner-0"                  daemon [_thread_blocked, id=23304, stack(0x000000dd4c000000,0x000000dd4c100000) (1024K)]
  0x00000284ea1048b0 JavaThread "com.alibaba.nacos.client.logging.0" daemon [_thread_blocked, id=24264, stack(0x000000dd4d700000,0x000000dd4d800000) (1024K)]
  0x00000284ea108f00 JavaThread "AsyncAppender-Worker-ASYNC-CONFIG" daemon [_thread_blocked, id=11476, stack(0x000000dd4d900000,0x000000dd4da00000) (1024K)]
  0x00000284ea10ae40 JavaThread "AsyncAppender-Worker-ASYNC-NAMING" daemon [_thread_blocked, id=17196, stack(0x000000dd4da00000,0x000000dd4db00000) (1024K)]
  0x00000284ea109ea0 JavaThread "AsyncAppender-Worker-ASYNC-REMOTE" daemon [_thread_blocked, id=39796, stack(0x000000dd4db00000,0x000000dd4dc00000) (1024K)]
  0x00000284ea9f4a90 JavaThread "com.alibaba.nacos.client.auth.ram.identify.watcher.0" daemon [_thread_blocked, id=36340, stack(0x000000dd4dd00000,0x000000dd4de00000) (1024K)]
  0x00000284ea9f13e0 JavaThread "com.alibaba.nacos.client.Worker.0" daemon [_thread_blocked, id=17952, stack(0x000000dd4de00000,0x000000dd4df00000) (1024K)]
  0x00000284ea9f2380 JavaThread "com.alibaba.nacos.client.Worker.1" daemon [_thread_blocked, id=6196, stack(0x000000dd4df00000,0x000000dd4e000000) (1024K)]
  0x00000284ea9f69d0 JavaThread "com.alibaba.nacos.client.Worker.2" daemon [_thread_blocked, id=14124, stack(0x000000dd4e000000,0x000000dd4e100000) (1024K)]
  0x00000284ea9f8910 JavaThread "nacos.publisher-com.alibaba.nacos.common.notify.SlowEvent" daemon [_thread_blocked, id=33804, stack(0x000000dd4e100000,0x000000dd4e200000) (1024K)]
  0x00000284ea9f5260 JavaThread "com.alibaba.nacos.client.remote.worker.0" daemon [_thread_blocked, id=23644, stack(0x000000dd4e200000,0x000000dd4e300000) (1024K)]
  0x00000284ea9f5a30 JavaThread "com.alibaba.nacos.client.remote.worker.1" daemon [_thread_blocked, id=38428, stack(0x000000dd4e300000,0x000000dd4e400000) (1024K)]
  0x00000284ed0463b0 JavaThread "grpc-nio-worker-ELG-1-1"    daemon [_thread_in_native, id=5260, stack(0x000000dd4c400000,0x000000dd4c500000) (1024K)]
  0x00000284ed049290 JavaThread "grpc-nio-worker-ELG-1-2"    daemon [_thread_in_native, id=25116, stack(0x000000dd4e700000,0x000000dd4e800000) (1024K)]
  0x00000284ef4e3e00 JavaThread "nacos.publisher-com.alibaba.nacos.common.ability.AbstractAbilityControlManager$AbilityUpdateEvent" daemon [_thread_blocked, id=36964, stack(0x000000dd4ef00000,0x000000dd4f000000) (1024K)]
  0x00000284f0080230 JavaThread "metrics-collector-sync-job-thread-1" daemon [_thread_blocked, id=42892, stack(0x000000dd4fb00000,0x000000dd4fc00000) (1024K)]
  0x00000284f00840b0 JavaThread "DubboMetadataReportTimer-thread-1" daemon [_thread_blocked, id=16100, stack(0x000000dd4fc00000,0x000000dd4fd00000) (1024K)]
  0x00000284f0084880 JavaThread "com.alibaba.nacos.client.Worker.0" daemon [_thread_blocked, id=1156, stack(0x000000dd4fd00000,0x000000dd4fe00000) (1024K)]
  0x00000284f00811d0 JavaThread "com.alibaba.nacos.client.Worker.1" daemon [_thread_blocked, id=41260, stack(0x000000dd4fe00000,0x000000dd4ff00000) (1024K)]
  0x00000284f0085820 JavaThread "com.alibaba.nacos.client.Worker.2" daemon [_thread_blocked, id=42220, stack(0x000000dd4ff00000,0x000000dd50000000) (1024K)]
  0x00000284f0082940 JavaThread "com.alibaba.nacos.client.remote.worker.0" daemon [_thread_blocked, id=31280, stack(0x000000dd50000000,0x000000dd50100000) (1024K)]
  0x00000284f0087760 JavaThread "com.alibaba.nacos.client.remote.worker.1" daemon [_thread_blocked, id=35668, stack(0x000000dd50100000,0x000000dd50200000) (1024K)]
  0x00000284eda1e160 JavaThread "grpc-nio-worker-ELG-1-3"    daemon [_thread_in_native, id=42324, stack(0x000000dd50200000,0x000000dd50300000) (1024K)]
  0x00000284eda1f100 JavaThread "grpc-nio-worker-ELG-1-4"    daemon [_thread_in_native, id=42632, stack(0x000000dd50500000,0x000000dd50600000) (1024K)]
  0x00000284f02f66f0 JavaThread "qos-boss-1-1"               daemon [_thread_in_native, id=16992, stack(0x000000dd51600000,0x000000dd51700000) (1024K)]
  0x00000284f5dbd860 JavaThread "nacos.client.config.listener.task-0" daemon [_thread_blocked, id=20396, stack(0x000000dd51a00000,0x000000dd51b00000) (1024K)]
  0x00000284f5dc4d90 JavaThread "NettyServerBoss-4-1"        daemon [_thread_in_native, id=17284, stack(0x000000dd52500000,0x000000dd52600000) (1024K)]
  0x00000284f5dcb320 JavaThread "Dubbo-framework-cache-refreshing-scheduler-thread-1" daemon [_thread_blocked, id=28588, stack(0x000000dd52600000,0x000000dd52700000) (1024K)]
  0x00000284f5dc8c10 JavaThread "Dubbo-framework-shared-scheduler-thread-1" daemon [_thread_blocked, id=3968, stack(0x000000dd52700000,0x000000dd52800000) (1024K)]
  0x00000284f5dc93e0 JavaThread "nacos.publisher-com.alibaba.nacos.client.naming.event.InstancesChangeEvent" daemon [_thread_blocked, id=19560, stack(0x000000dd52800000,0x000000dd52900000) (1024K)]
  0x00000284f5dca380 JavaThread "com.alibaba.nacos.naming.failover.0" daemon [_thread_blocked, id=10120, stack(0x000000dd52900000,0x000000dd52a00000) (1024K)]
  0x00000284ea270560 JavaThread "com.alibaba.nacos.client.naming.security.0" daemon [_thread_blocked, id=17548, stack(0x000000dd52a00000,0x000000dd52b00000) (1024K)]
  0x00000284ea26fd90 JavaThread "com.alibaba.nacos.client.naming.grpc.redo.0" daemon [_thread_blocked, id=41532, stack(0x000000dd52b00000,0x000000dd52c00000) (1024K)]
  0x00000284ea270d30 JavaThread "com.alibaba.nacos.client.remote.worker.0" daemon [_thread_blocked, id=10716, stack(0x000000dd52c00000,0x000000dd52d00000) (1024K)]
  0x00000284ea26d680 JavaThread "com.alibaba.nacos.client.remote.worker.1" daemon [_thread_blocked, id=41068, stack(0x000000dd52d00000,0x000000dd52e00000) (1024K)]
  0x00000284ea273440 JavaThread "grpc-nio-worker-ELG-1-5"    daemon [_thread_in_native, id=4188, stack(0x000000dd52e00000,0x000000dd52f00000) (1024K)]
  0x00000284ea271cd0 JavaThread "grpc-nio-worker-ELG-1-6"    daemon [_thread_in_native, id=2616, stack(0x000000dd53100000,0x000000dd53200000) (1024K)]
  0x00000284ebb01890 JavaThread "DubboSaveMetadataReport-thread-1" daemon [_thread_blocked, id=10776, stack(0x000000dd53c00000,0x000000dd53d00000) (1024K)]
  0x00000284ebb07650 JavaThread "Dubbo-framework-shared-scheduler-thread-2" daemon [_thread_blocked, id=25768, stack(0x000000dd54400000,0x000000dd54500000) (1024K)]
  0x00000284ebb07e20 JavaThread "Dubbo-framework-shared-scheduler-thread-3" daemon [_thread_blocked, id=14584, stack(0x000000dd54500000,0x000000dd54600000) (1024K)]
  0x00000284ebb0b4d0 JavaThread "pool-1-thread-1"                   [_thread_blocked, id=29932, stack(0x000000dd54900000,0x000000dd54a00000) (1024K)]
  0x00000284ea6e0180 JavaThread "DestroyJavaVM"                     [_thread_blocked, id=12508, stack(0x000000dd4ad00000,0x000000dd4ae00000) (1024K)]
  0x00000284ea6e3830 JavaThread "Dubbo-framework-shared-scheduler-thread-4" daemon [_thread_blocked, id=15012, stack(0x000000dd54a00000,0x000000dd54b00000) (1024K)]
  0x00000284ea6e1120 JavaThread "com.alibaba.nacos.client.Worker.3" daemon [_thread_blocked, id=23664, stack(0x000000dd54b00000,0x000000dd54c00000) (1024K)]
  0x00000284ea6e47d0 JavaThread "Dubbo-framework-shared-scheduler-thread-5" daemon [_thread_blocked, id=28336, stack(0x000000dd54c00000,0x000000dd54d00000) (1024K)]
  0x00000284ea6e20c0 JavaThread "Dubbo-framework-shared-scheduler-thread-6" daemon [_thread_blocked, id=42852, stack(0x000000dd54d00000,0x000000dd54e00000) (1024K)]
  0x00000284ea6e5f40 JavaThread "com.alibaba.nacos.client.Worker.3" daemon [_thread_blocked, id=31888, stack(0x000000dd4c100000,0x000000dd4c200000) (1024K)]
  0x00000284ea6e6ee0 JavaThread "Dubbo-framework-shared-scheduler-thread-7" daemon [_thread_blocked, id=17000, stack(0x000000dd4c200000,0x000000dd4c300000) (1024K)]
  0x00000284ea6e76b0 JavaThread "Dubbo-framework-shared-scheduler-thread-8" daemon [_thread_blocked, id=27996, stack(0x000000dd4d200000,0x000000dd4d300000) (1024K)]
  0x00000284ea6eb530 JavaThread "com.alibaba.nacos.client.Worker.4" daemon [_thread_blocked, id=19060, stack(0x000000dd54000000,0x000000dd54100000) (1024K)]
  0x00000284ea6e9dc0 JavaThread "com.alibaba.nacos.client.Worker.4" daemon [_thread_blocked, id=34408, stack(0x000000dd4ed00000,0x000000dd4ee00000) (1024K)]
  0x00000284ea6f0b20 JavaThread "com.alibaba.nacos.client.Worker.5" daemon [_thread_blocked, id=6276, stack(0x000000dd4e900000,0x000000dd4ea00000) (1024K)]
  0x00000284ea6f49a0 JavaThread "com.alibaba.nacos.client.Worker.5" daemon [_thread_blocked, id=19020, stack(0x000000dd4ee00000,0x000000dd4ef00000) (1024K)]
  0x00000284ea6faf30 JavaThread "com.alibaba.nacos.client.Worker.6" daemon [_thread_blocked, id=42536, stack(0x000000dd50600000,0x000000dd50700000) (1024K)]
  0x00000284ea6fd640 JavaThread "com.alibaba.nacos.client.Worker.6" daemon [_thread_blocked, id=39524, stack(0x000000dd4f500000,0x000000dd4f600000) (1024K)]
  0x00000284ea6fbed0 JavaThread "com.alibaba.nacos.client.Worker.7" daemon [_thread_blocked, id=16948, stack(0x000000dd4f900000,0x000000dd4fa00000) (1024K)]
  0x00000284ea6f3230 JavaThread "com.alibaba.nacos.client.Worker.7" daemon [_thread_blocked, id=41712, stack(0x000000dd4ec00000,0x000000dd4ed00000) (1024K)]
  0x00000284ea6f68e0 JavaThread "com.alibaba.nacos.client.Worker.8" daemon [_thread_blocked, id=21100, stack(0x000000dd50400000,0x000000dd50500000) (1024K)]
  0x00000284ea6ff580 JavaThread "com.alibaba.nacos.client.Worker.8" daemon [_thread_blocked, id=39012, stack(0x000000dd50700000,0x000000dd50800000) (1024K)]
  0x00000284ebb03000 JavaThread "com.alibaba.nacos.client.Worker.9" daemon [_thread_blocked, id=4596, stack(0x000000dd4e500000,0x000000dd4e600000) (1024K)]
  0x00000284ebb0ad00 JavaThread "com.alibaba.nacos.client.Worker.9" daemon [_thread_blocked, id=2104, stack(0x000000dd50900000,0x000000dd50a00000) (1024K)]
  0x00000284ea6ef3b0 JavaThread "com.alibaba.nacos.client.Worker.10" daemon [_thread_blocked, id=31852, stack(0x000000dd50b00000,0x000000dd50c00000) (1024K)]
  0x00000284ea6f0350 JavaThread "com.alibaba.nacos.client.Worker.10" daemon [_thread_blocked, id=28172, stack(0x000000dd50c00000,0x000000dd50d00000) (1024K)]
  0x00000284ea6fe5e0 JavaThread "com.alibaba.nacos.client.Worker.11" daemon [_thread_blocked, id=14172, stack(0x000000dd50e00000,0x000000dd50f00000) (1024K)]
  0x00000284f02ec2e0 JavaThread "com.alibaba.nacos.client.Worker.11" daemon [_thread_blocked, id=35316, stack(0x000000dd50f00000,0x000000dd51000000) (1024K)]
  0x00000284f02f47b0 JavaThread "com.alibaba.nacos.client.Worker.12" daemon [_thread_blocked, id=23600, stack(0x000000dd4f200000,0x000000dd4f300000) (1024K)]
  0x00000284f5dbefd0 JavaThread "com.alibaba.nacos.client.Worker.12" daemon [_thread_blocked, id=34932, stack(0x000000dd4f300000,0x000000dd4f400000) (1024K)]
  0x00000284f5dc2680 JavaThread "com.alibaba.nacos.client.Worker.13" daemon [_thread_blocked, id=41764, stack(0x000000dd4bf00000,0x000000dd4c000000) (1024K)]
  0x00000284f5dc74a0 JavaThread "com.alibaba.nacos.client.Worker.13" daemon [_thread_blocked, id=29000, stack(0x000000dd4ea00000,0x000000dd4eb00000) (1024K)]
  0x00000284ea6eebe0 JavaThread "com.alibaba.nacos.client.Worker.14" daemon [_thread_blocked, id=3636, stack(0x000000dd4cc00000,0x000000dd4cd00000) (1024K)]
  0x00000284ea6f97c0 JavaThread "com.alibaba.nacos.client.Worker.14" daemon [_thread_blocked, id=21396, stack(0x000000dd50300000,0x000000dd50400000) (1024K)]
  0x00000284ebb010c0 JavaThread "com.alibaba.nacos.client.Worker.15" daemon [_thread_blocked, id=19548, stack(0x000000dd4f700000,0x000000dd4f800000) (1024K)]
  0x00000284ebb085f0 JavaThread "com.alibaba.nacos.client.Worker.15" daemon [_thread_blocked, id=42504, stack(0x000000dd51000000,0x000000dd51100000) (1024K)]
  0x00000284ea6ebd00 JavaThread "NettyServerWorker-5-1"      daemon [_thread_in_native, id=42672, stack(0x000000dd51800000,0x000000dd51900000) (1024K)]
  0x00000284ea6ed470 JavaThread "DubboServerHandler-192.168.174.1:20880-thread-1" daemon [_thread_blocked, id=40048, stack(0x000000dd51900000,0x000000dd51a00000) (1024K)]
  0x00000284ea6f1ac0 JavaThread "DubboServerHandler-192.168.174.1:20880-thread-2" daemon [_thread_blocked, id=37240, stack(0x000000dd51d00000,0x000000dd51e00000) (1024K)]
  0x00000284ea6f8820 JavaThread "NettyServerWorker-5-2"      daemon [_thread_in_native, id=40548, stack(0x000000dd51e00000,0x000000dd51f00000) (1024K)]
  0x00000284ea6fb700 JavaThread "DubboServerHandler-192.168.174.1:20880-thread-3" daemon [_thread_blocked, id=26676, stack(0x000000dd51f00000,0x000000dd52000000) (1024K)]
  0x00000284f5dbe030 JavaThread "nacos-grpc-client-executor-127.0.0.1-91" daemon [_thread_blocked, id=23748, stack(0x000000dd4aa00000,0x000000dd4ab00000) (1024K)]
  0x00000284f5dbe800 JavaThread "nacos-grpc-client-executor-127.0.0.1-92" daemon [_thread_blocked, id=19380, stack(0x000000dd4ab00000,0x000000dd4ac00000) (1024K)]
  0x00000284f5dc1eb0 JavaThread "nacos-grpc-client-executor-127.0.0.1-88" daemon [_thread_blocked, id=42836, stack(0x000000dd4ac00000,0x000000dd4ad00000) (1024K)]
  0x00000284f5dbff70 JavaThread "nacos-grpc-client-executor-127.0.0.1-89" daemon [_thread_blocked, id=41820, stack(0x000000dd4ca00000,0x000000dd4cb00000) (1024K)]
  0x00000284f5dc0740 JavaThread "nacos-grpc-client-executor-127.0.0.1-102" daemon [_thread_blocked, id=9872, stack(0x000000dd4cb00000,0x000000dd4cc00000) (1024K)]
  0x00000284f5dc0f10 JavaThread "nacos-grpc-client-executor-127.0.0.1-103" daemon [_thread_blocked, id=41356, stack(0x000000dd4f600000,0x000000dd4f700000) (1024K)]
  0x00000284f5dc7c70 JavaThread "DubboServerHandler-192.168.174.1:20880-thread-4" daemon [_thread_blocked, id=40004, stack(0x000000dd4f800000,0x000000dd4f900000) (1024K)]
  0x00000284f02e8460 JavaThread "DubboServerHandler-192.168.174.1:20880-thread-5" daemon [_thread_blocked, id=16240, stack(0x000000dd4fa00000,0x000000dd4fb00000) (1024K)]
  0x00000284f02e9400 JavaThread "DubboServerHandler-192.168.174.1:20880-thread-6" daemon [_thread_blocked, id=4020, stack(0x000000dd50800000,0x000000dd50900000) (1024K)]
  0x00000284f02ea3a0 JavaThread "DubboServerHandler-192.168.174.1:20880-thread-7" daemon [_thread_blocked, id=29488, stack(0x000000dd50a00000,0x000000dd50b00000) (1024K)]
=>0x00000284f02ee220 JavaThread "DubboServerHandler-192.168.174.1:20880-thread-8" daemon [_thread_in_native, id=19892, stack(0x000000dd50d00000,0x000000dd50e00000) (1024K)]
  0x00000284f02ee9f0 JavaThread "Dubbo-global-shared-handler-thread-4" daemon [_thread_blocked, id=18680, stack(0x000000dd51700000,0x000000dd51800000) (1024K)]
  0x00000284f02ef1c0 JavaThread "Java2D Disposer"            daemon [_thread_blocked, id=26888, stack(0x000000dd51b00000,0x000000dd51c00000) (1024K)]
  0x00000284f02f3fe0 JavaThread "JavaCPP Deallocator"        daemon [_thread_blocked, id=34856, stack(0x000000dd51c00000,0x000000dd51d00000) (1024K)]
  0x00000284ed047350 JavaThread "nacos-grpc-client-executor-127.0.0.1-93" daemon [_thread_blocked, id=15564, stack(0x000000dd55600000,0x000000dd55700000) (1024K)]
  0x00000284ed04a230 JavaThread "nacos-grpc-client-executor-127.0.0.1-94" daemon [_thread_blocked, id=5488, stack(0x000000dd55700000,0x000000dd55800000) (1024K)]
  0x00000284ed0482f0 JavaThread "nacos-grpc-client-executor-127.0.0.1-95" daemon [_thread_blocked, id=39780, stack(0x000000dd55800000,0x000000dd55900000) (1024K)]
  0x00000284e890f440 JavaThread "nacos-grpc-client-executor-127.0.0.1-96" daemon [_thread_blocked, id=2876, stack(0x000000dd55900000,0x000000dd55a00000) (1024K)]
  0x00000284ea273c10 JavaThread "nacos-grpc-client-executor-127.0.0.1-90" daemon [_thread_blocked, id=22812, stack(0x000000dd4dc00000,0x000000dd4dd00000) (1024K)]
  0x00000284ea2724a0 JavaThread "nacos-grpc-client-executor-127.0.0.1-91" daemon [_thread_blocked, id=42940, stack(0x000000dd4e400000,0x000000dd4e500000) (1024K)]
  0x00000284ea2772c0 JavaThread "nacos-grpc-client-executor-127.0.0.1-92" daemon [_thread_blocked, id=33324, stack(0x000000dd4eb00000,0x000000dd4ec00000) (1024K)]
  0x00000284ea275380 JavaThread "nacos-grpc-client-executor-127.0.0.1-104" daemon [_thread_blocked, id=22136, stack(0x000000dd4f000000,0x000000dd4f100000) (1024K)]
  0x00000284ea27b140 JavaThread "nacos-grpc-client-executor-127.0.0.1-105" daemon [_thread_blocked, id=4116, stack(0x000000dd4f100000,0x000000dd4f200000) (1024K)]
  0x00000284edf7dc10 JavaThread "nacos-grpc-client-executor-127.0.0.1-106" daemon [_thread_blocked, id=40540, stack(0x000000dd4f400000,0x000000dd4f500000) (1024K)]
  0x00000284edb5cfc0 JavaThread "nacos-grpc-client-executor-127.0.0.1-107" daemon [_thread_blocked, id=16724, stack(0x000000dd55200000,0x000000dd55300000) (1024K)]
  0x00000284eb09c730 JavaThread "C1 CompilerThread1"         daemon [_thread_blocked, id=4164, stack(0x000000dd55300000,0x000000dd55400000) (1024K)]
  0x00000284eb09af00 JavaThread "C1 CompilerThread2"         daemon [_thread_blocked, id=38144, stack(0x000000dd55400000,0x000000dd55500000) (1024K)]
  0x00000284edb60670 JavaThread "nacos-grpc-client-executor-127.0.0.1-108" daemon [_thread_blocked, id=38916, stack(0x000000dd55500000,0x000000dd55600000) (1024K)]
  0x00000284edb5fea0 JavaThread "nacos-grpc-client-executor-127.0.0.1-109" daemon [_thread_blocked, id=2424, stack(0x000000dd56200000,0x000000dd56300000) (1024K)]
  0x00000284edb625b0 JavaThread "nacos-grpc-client-executor-127.0.0.1-110" daemon [_thread_blocked, id=37248, stack(0x000000dd56300000,0x000000dd56400000) (1024K)]
Total: 118

Other Threads:
  0x00000284e3ad9f80 VMThread "VM Thread"                           [id=21200, stack(0x000000dd4b400000,0x000000dd4b500000) (1024K)]
  0x00000284e3acbef0 WatcherThread "VM Periodic Task Thread"        [id=37536, stack(0x000000dd4b300000,0x000000dd4b400000) (1024K)]
  0x00000284c49a6f20 WorkerThread "GC Thread#0"                     [id=22356, stack(0x000000dd4ae00000,0x000000dd4af00000) (1024K)]
  0x00000284e9305cc0 WorkerThread "GC Thread#1"                     [id=41892, stack(0x000000dd4c500000,0x000000dd4c600000) (1024K)]
  0x00000284e97cd960 WorkerThread "GC Thread#2"                     [id=42068, stack(0x000000dd4c600000,0x000000dd4c700000) (1024K)]
  0x00000284e97ce1a0 WorkerThread "GC Thread#3"                     [id=30204, stack(0x000000dd4c700000,0x000000dd4c800000) (1024K)]
  0x00000284e97ce5d0 WorkerThread "GC Thread#4"                     [id=13784, stack(0x000000dd4c800000,0x000000dd4c900000) (1024K)]
  0x00000284e9e95ea0 WorkerThread "GC Thread#5"                     [id=23172, stack(0x000000dd4c900000,0x000000dd4ca00000) (1024K)]
  0x00000284eabfcb80 WorkerThread "GC Thread#6"                     [id=13956, stack(0x000000dd4cd00000,0x000000dd4ce00000) (1024K)]
  0x00000284eabfc730 WorkerThread "GC Thread#7"                     [id=37876, stack(0x000000dd4ce00000,0x000000dd4cf00000) (1024K)]
  0x00000284ea2686e0 WorkerThread "GC Thread#8"                     [id=8004, stack(0x000000dd4d000000,0x000000dd4d100000) (1024K)]
  0x00000284ea266460 WorkerThread "GC Thread#9"                     [id=39352, stack(0x000000dd4d100000,0x000000dd4d200000) (1024K)]
  0x00000284eaf29480 WorkerThread "GC Thread#10"                    [id=42440, stack(0x000000dd4d300000,0x000000dd4d400000) (1024K)]
  0x00000284eaf28340 WorkerThread "GC Thread#11"                    [id=4324, stack(0x000000dd4d400000,0x000000dd4d500000) (1024K)]
  0x00000284eaf2c3f0 WorkerThread "GC Thread#12"                    [id=42416, stack(0x000000dd4d800000,0x000000dd4d900000) (1024K)]
  0x00000284c49be6d0 ConcurrentGCThread "G1 Main Marker"            [id=19528, stack(0x000000dd4af00000,0x000000dd4b000000) (1024K)]
  0x00000284c49bff60 WorkerThread "G1 Conc#0"                       [id=29700, stack(0x000000dd4b000000,0x000000dd4b100000) (1024K)]
  0x00000284eaf28790 WorkerThread "G1 Conc#1"                       [id=32548, stack(0x000000dd4d500000,0x000000dd4d600000) (1024K)]
  0x00000284eaf2b2b0 WorkerThread "G1 Conc#2"                       [id=40536, stack(0x000000dd4d600000,0x000000dd4d700000) (1024K)]
  0x00000284e398e180 ConcurrentGCThread "G1 Refine#0"               [id=42824, stack(0x000000dd4b100000,0x000000dd4b200000) (1024K)]
  0x00000284e398eb90 ConcurrentGCThread "G1 Service"                [id=24396, stack(0x000000dd4b200000,0x000000dd4b300000) (1024K)]
Total: 21

Threads with active compile tasks:
Total: 0

VM state: not at safepoint (normal execution)

VM Mutex/Monitor currently owned by a thread: None

Heap address: 0x0000000722200000, size: 3550 MB, Compressed Oops mode: Zero based, Oop shift amount: 3

CDS archive(s) mapped at: [0x000000009e000000-0x000000009edd0000-0x000000009edd0000), size 14483456, SharedBaseAddress: 0x000000009e000000, ArchiveRelocationMode: 1.
Compressed class space mapped at: 0x000000009f000000-0x00000000df000000, reserved size: 1073741824
UseCompressedClassPointers 1, UseCompactObjectHeaders 0
Narrow klass pointer bits 32, Max shift 3
Narrow klass base: 0x000000009e000000, Narrow klass shift: 0
Encoding Range: [0x000000009e000000 - 0x000000019e000000), (4294967296 bytes)
Klass Range:    [0x000000009e010000 - 0x00000000df000000), (1090453504 bytes)
Klass ID Range:  [65536 - 1090519033) (1090453497)
Protection zone: [0x000000009e000000 - 0x000000009e010000), (65536 bytes)

GC Precious Log:
 CardTable entry size: 512
 Card Set container configuration: InlinePtr #cards 4 size 8 Array Of Cards #cards 16 size 48 Howl #buckets 8 coarsen threshold 3686 Howl Bitmap #cards 512 size 80 coarsen threshold 460 Card regions per heap region 1 cards per card region 4096
 CPUs: 16 total, 16 available
 Memory: 14198M
 Large Page Support: Disabled
 NUMA Support: Disabled
 Compressed Oops: Enabled (Zero based)
 Heap Region Size: 2M
 Heap Min Capacity: 8M
 Heap Initial Capacity: 222M
 Heap Max Capacity: 3550M
 Pre-touch: Disabled
 Parallel Workers: 13
 Concurrent Workers: 3
 Concurrent Refinement Workers: 13
 Periodic GC: Disabled

Heap:
 garbage-first heap   total reserved 3635200K, committed 116736K, used 60942K [0x0000000722200000, 0x0000000800000000)
  region size 2048K, 10 young (20480K), 1 survivors (2048K)

Heap Regions: E=young(eden), S=young(survivor), O=old, HS=humongous(starts), HC=humongous(continues), CS=collection set, F=free, TAMS=top-at-mark-start, PB=parsable bottom
|   0|0x0000000722200000, 0x0000000722400000, 0x0000000722400000|100%| O|  |TAMS 0x0000000722200000| PB 0x0000000722200000| Untracked |  0
|   1|0x0000000722400000, 0x0000000722600000, 0x0000000722600000|100%| O|  |TAMS 0x0000000722400000| PB 0x0000000722400000| Untracked |  0
|   2|0x0000000722600000, 0x0000000722800000, 0x0000000722800000|100%| O|  |TAMS 0x0000000722600000| PB 0x0000000722600000| Untracked |  0
|   3|0x0000000722800000, 0x000000072295bff8, 0x0000000722a00000| 67%| O|Cm|TAMS 0x0000000722800000| PB 0x0000000722800000| Complete |  0
|   4|0x0000000722a00000, 0x0000000722c00000, 0x0000000722c00000|100%| O|  |TAMS 0x0000000722a00000| PB 0x0000000722a00000| Untracked |  0
|   5|0x0000000722c00000, 0x0000000722e00000, 0x0000000722e00000|100%| O|  |TAMS 0x0000000722c00000| PB 0x0000000722c00000| Untracked |  0
|   6|0x0000000722e00000, 0x0000000723000000, 0x0000000723000000|100%| O|  |TAMS 0x0000000722e00000| PB 0x0000000722e00000| Untracked |  0
|   7|0x0000000723000000, 0x0000000723200000, 0x0000000723200000|100%| O|  |TAMS 0x0000000723000000| PB 0x0000000723000000| Untracked |  0
|   8|0x0000000723200000, 0x0000000723200000, 0x0000000723400000|  0%| F|  |TAMS 0x0000000723200000| PB 0x0000000723200000| Untracked |  0
|   9|0x0000000723400000, 0x0000000723600000, 0x0000000723600000|100%| O|  |TAMS 0x0000000723400000| PB 0x0000000723400000| Untracked |  0
|  10|0x0000000723600000, 0x0000000723800000, 0x0000000723800000|100%| O|  |TAMS 0x0000000723600000| PB 0x0000000723600000| Untracked |  0
|  11|0x0000000723800000, 0x0000000723a00000, 0x0000000723a00000|100%|HS|  |TAMS 0x0000000723800000| PB 0x0000000723800000| Complete |  0
|  12|0x0000000723a00000, 0x0000000723c00000, 0x0000000723c00000|100%| O|  |TAMS 0x0000000723a00000| PB 0x0000000723a00000| Untracked |  0
|  13|0x0000000723c00000, 0x0000000723e00000, 0x0000000723e00000|100%| O|  |TAMS 0x0000000723c00000| PB 0x0000000723c00000| Untracked |  0
|  14|0x0000000723e00000, 0x0000000723fd5598, 0x0000000724000000| 91%| O|  |TAMS 0x0000000723e00000| PB 0x0000000723e00000| Untracked |  0
|  15|0x0000000724000000, 0x0000000724200000, 0x0000000724200000|100%|HS|  |TAMS 0x0000000724000000| PB 0x0000000724000000| Complete |  0
|  16|0x0000000724200000, 0x0000000724400000, 0x0000000724400000|100%|HC|  |TAMS 0x0000000724200000| PB 0x0000000724200000| Complete |  0
|  17|0x0000000724400000, 0x0000000724600000, 0x0000000724600000|100%|HC|  |TAMS 0x0000000724400000| PB 0x0000000724400000| Complete |  0
|  18|0x0000000724600000, 0x0000000724800000, 0x0000000724800000|100%|HS|  |TAMS 0x0000000724600000| PB 0x0000000724600000| Complete |  0
|  19|0x0000000724800000, 0x0000000724a00000, 0x0000000724a00000|100%|HC|  |TAMS 0x0000000724800000| PB 0x0000000724800000| Complete |  0
|  20|0x0000000724a00000, 0x0000000724c00000, 0x0000000724c00000|100%|HC|  |TAMS 0x0000000724a00000| PB 0x0000000724a00000| Complete |  0
|  21|0x0000000724c00000, 0x0000000724c00000, 0x0000000724e00000|  0%| F|  |TAMS 0x0000000724c00000| PB 0x0000000724c00000| Untracked |  0
|  22|0x0000000724e00000, 0x0000000724e00000, 0x0000000725000000|  0%| F|  |TAMS 0x0000000724e00000| PB 0x0000000724e00000| Untracked |  0
|  23|0x0000000725000000, 0x0000000725000000, 0x0000000725200000|  0%| F|  |TAMS 0x0000000725000000| PB 0x0000000725000000| Untracked |  0
|  24|0x0000000725200000, 0x0000000725200000, 0x0000000725400000|  0%| F|  |TAMS 0x0000000725200000| PB 0x0000000725200000| Untracked |  0
|  25|0x0000000725400000, 0x0000000725400000, 0x0000000725600000|  0%| F|  |TAMS 0x0000000725400000| PB 0x0000000725400000| Untracked |  0
|  26|0x0000000725600000, 0x0000000725600000, 0x0000000725800000|  0%| F|  |TAMS 0x0000000725600000| PB 0x0000000725600000| Untracked |  0
|  27|0x0000000725800000, 0x0000000725800000, 0x0000000725a00000|  0%| F|  |TAMS 0x0000000725800000| PB 0x0000000725800000| Untracked |  0
|  28|0x0000000725a00000, 0x0000000725a00000, 0x0000000725c00000|  0%| F|  |TAMS 0x0000000725a00000| PB 0x0000000725a00000| Untracked |  0
|  29|0x0000000725c00000, 0x0000000725c00000, 0x0000000725e00000|  0%| F|  |TAMS 0x0000000725c00000| PB 0x0000000725c00000| Untracked |  0
|  30|0x0000000725e00000, 0x0000000725e00000, 0x0000000726000000|  0%| F|  |TAMS 0x0000000725e00000| PB 0x0000000725e00000| Untracked |  0
|  31|0x0000000726000000, 0x0000000726000000, 0x0000000726200000|  0%| F|  |TAMS 0x0000000726000000| PB 0x0000000726000000| Untracked |  0
|  32|0x0000000726200000, 0x0000000726200000, 0x0000000726400000|  0%| F|  |TAMS 0x0000000726200000| PB 0x0000000726200000| Untracked |  0
|  33|0x0000000726400000, 0x0000000726400000, 0x0000000726600000|  0%| F|  |TAMS 0x0000000726400000| PB 0x0000000726400000| Untracked |  0
|  34|0x0000000726600000, 0x0000000726652320, 0x0000000726800000| 16%| S|CS|TAMS 0x0000000726600000| PB 0x0000000726600000| Complete |  0
|  35|0x0000000726800000, 0x0000000726800000, 0x0000000726a00000|  0%| F|  |TAMS 0x0000000726800000| PB 0x0000000726800000| Untracked |  0
|  36|0x0000000726a00000, 0x0000000726a00000, 0x0000000726c00000|  0%| F|  |TAMS 0x0000000726a00000| PB 0x0000000726a00000| Untracked |  0
|  37|0x0000000726c00000, 0x0000000726c00000, 0x0000000726e00000|  0%| F|  |TAMS 0x0000000726c00000| PB 0x0000000726c00000| Untracked |  0
|  38|0x0000000726e00000, 0x0000000726e00000, 0x0000000727000000|  0%| F|  |TAMS 0x0000000726e00000| PB 0x0000000726e00000| Untracked |  0
|  39|0x0000000727000000, 0x0000000727000000, 0x0000000727200000|  0%| F|  |TAMS 0x0000000727000000| PB 0x0000000727000000| Untracked |  0
|  40|0x0000000727200000, 0x0000000727200000, 0x0000000727400000|  0%| F|  |TAMS 0x0000000727200000| PB 0x0000000727200000| Untracked |  0
|  41|0x0000000727400000, 0x0000000727400000, 0x0000000727600000|  0%| F|  |TAMS 0x0000000727400000| PB 0x0000000727400000| Untracked |  0
|  42|0x0000000727600000, 0x0000000727600000, 0x0000000727800000|  0%| F|  |TAMS 0x0000000727600000| PB 0x0000000727600000| Untracked |  0
|  43|0x0000000727800000, 0x0000000727800000, 0x0000000727a00000|  0%| F|  |TAMS 0x0000000727800000| PB 0x0000000727800000| Untracked |  0
|  44|0x0000000727a00000, 0x0000000727a00000, 0x0000000727c00000|  0%| F|  |TAMS 0x0000000727a00000| PB 0x0000000727a00000| Untracked |  0
|  45|0x0000000727c00000, 0x0000000727c00000, 0x0000000727e00000|  0%| F|  |TAMS 0x0000000727c00000| PB 0x0000000727c00000| Untracked |  0
|  46|0x0000000727e00000, 0x0000000727eb0988, 0x0000000728000000| 34%| E|  |TAMS 0x0000000727e00000| PB 0x0000000727e00000| Complete |  0
|  47|0x0000000728000000, 0x0000000728200000, 0x0000000728200000|100%| E|CS|TAMS 0x0000000728000000| PB 0x0000000728000000| Complete |  0
|  48|0x0000000728200000, 0x0000000728400000, 0x0000000728400000|100%| E|CS|TAMS 0x0000000728200000| PB 0x0000000728200000| Complete |  0
|  49|0x0000000728400000, 0x0000000728600000, 0x0000000728600000|100%| E|CS|TAMS 0x0000000728400000| PB 0x0000000728400000| Complete |  0
|  50|0x0000000728600000, 0x0000000728800000, 0x0000000728800000|100%| E|CS|TAMS 0x0000000728600000| PB 0x0000000728600000| Complete |  0
|  51|0x0000000728800000, 0x0000000728a00000, 0x0000000728a00000|100%| E|CS|TAMS 0x0000000728800000| PB 0x0000000728800000| Complete |  0
| 105|0x000000072f400000, 0x000000072f600000, 0x000000072f600000|100%| E|CS|TAMS 0x000000072f400000| PB 0x000000072f400000| Complete |  0
| 110|0x000000072fe00000, 0x0000000730000000, 0x0000000730000000|100%| E|CS|TAMS 0x000000072fe00000| PB 0x000000072fe00000| Complete |  0
|1772|0x00000007ffa00000, 0x00000007ffc00000, 0x00000007ffc00000|100%| O|  |TAMS 0x00000007ffa00000| PB 0x00000007ffa00000| Untracked |  0
|1773|0x00000007ffc00000, 0x00000007ffe00000, 0x00000007ffe00000|100%| O|  |TAMS 0x00000007ffc00000| PB 0x00000007ffc00000| Untracked |  0
|1774|0x00000007ffe00000, 0x0000000800000000, 0x0000000800000000|100%| E|CS|TAMS 0x00000007ffe00000| PB 0x00000007ffe00000| Complete |  0

Card table byte_map: [0x00000284dd160000,0x00000284dd850000] _byte_map_base: 0x00000284d984f000

Marking Bits: (CMBitMap*) 0x00000284c49a76b0
 Bits: [0x00000284dd850000, 0x00000284e0fc8000)

Polling page: 0x00000284c2c60000

Metaspace:
Metaspace        used 71504K, committed 71936K, reserved 1114112K
 class space     used 8284K, committed 8448K, reserved 1048576K

Usage:
  Non-class:     61.74 MB used.
      Class:      8.09 MB used.
       Both:     69.83 MB used.

Virtual space:
  Non-class space:       64.00 MB reserved,      62.00 MB ( 97%) committed,  1 nodes.
      Class space:        1.00 GB reserved,       8.25 MB ( <1%) committed,  1 nodes.
             Both:        1.06 GB reserved,      70.25 MB (  6%) committed. 

Chunk freelists:
   Non-Class:  1.78 MB
       Class:  7.75 MB
        Both:  9.53 MB

MaxMetaspaceSize: unlimited
CompressedClassSpaceSize: 1.00 GB
Initial GC threshold: 21.00 MB
Current GC threshold: 116.81 MB
CDS: on
 - commit_granule_bytes: 65536.
 - commit_granule_words: 8192.
 - virtual_space_node_default_size: 8388608.
 - enlarge_chunks_in_place: 1.
UseCompressedClassPointers 1, UseCompactObjectHeaders 0
Narrow klass pointer bits 32, Max shift 3
Narrow klass base: 0x000000009e000000, Narrow klass shift: 0
Encoding Range: [0x000000009e000000 - 0x000000019e000000), (4294967296 bytes)
Klass Range:    [0x000000009e010000 - 0x00000000df000000), (1090453504 bytes)
Klass ID Range:  [65536 - 1090519033) (1090453497)
Protection zone: [0x000000009e000000 - 0x000000009e010000), (65536 bytes)


Internal statistics:

num_allocs_failed_limit: 9.
num_arena_births: 480.
num_arena_deaths: 0.
num_vsnodes_births: 2.
num_vsnodes_deaths: 0.
num_space_committed: 1122.
num_space_uncommitted: 0.
num_chunks_returned_to_freelist: 9.
num_chunks_taken_from_freelist: 2817.
num_chunk_merges: 6.
num_chunk_splits: 2206.
num_chunks_enlarged: 1930.
num_inconsistent_stats: 0.

CodeHeap 'non-profiled nmethods': size=119232Kb used=1424Kb max_used=3445Kb free=117807Kb
 bounds [0x00000284d4d70000, 0x00000284d50d0000, 0x00000284dc1e0000]
CodeHeap 'profiled nmethods': size=119104Kb used=2115Kb max_used=11500Kb free=116988Kb
 bounds [0x00000284cd1e0000, 0x00000284cdd40000, 0x00000284d4630000]
CodeHeap 'non-nmethods': size=7424Kb used=3457Kb max_used=4260Kb free=3966Kb
 bounds [0x00000284d4630000, 0x00000284d4a80000, 0x00000284d4d70000]
CodeCache: size=245760Kb, used=6996Kb, max_used=19205Kb, free=238761Kb
 total_blobs=3215, nmethods=1814, adapters=1302, full_count=0
Compilation: enabled, stopped_count=0, restarted_count=0

Compilation events (20 events):
Event: 184.393 Thread 0x00000284e3afdae0 nmethod 9432 0x00000284cdc95208 code [0x00000284cdc95300, 0x00000284cdc958f0]
Event: 184.393 Thread 0x00000284e3afdae0 9437       3       java.lang.AbstractStringBuilder::<init> (68 bytes)
Event: 184.393 Thread 0x00000284eb0996d0 nmethod 9436 0x00000284cdc94d08 code [0x00000284cdc94e00, 0x00000284cdc951e8]
Event: 184.393 Thread 0x00000284eb0986b0 nmethod 9420 0x00000284d4e3e408 code [0x00000284d4e3e500, 0x00000284d4e3e598]
Event: 184.393 Thread 0x00000284eb09cf40 nmethod 9434 0x00000284cdc94188 code [0x00000284cdc94280, 0x00000284cdc94c90]
Event: 184.394 Thread 0x00000284e3afdae0 nmethod 9437 0x00000284cdc93788 code [0x00000284cdc93880, 0x00000284cdc94108]
Event: 184.394 Thread 0x00000284eb09cf40 9438       3       java.util.regex.Matcher::reset (128 bytes)
Event: 184.394 Thread 0x00000284eb09cf40 nmethod 9438 0x00000284cdc93008 code [0x00000284cdc93100, 0x00000284cdc93740]
Event: 184.399 Thread 0x00000284e3afc5a0 nmethod 9407 0x00000284d4d9a888 code [0x00000284d4d9a9a0, 0x00000284d4d9b380]
Event: 184.407 Thread 0x00000284eb0986b0 9439       4       java.lang.Math::floorMod (28 bytes)
Event: 184.407 Thread 0x00000284eb0986b0 nmethod 9439 0x00000284d4e3e108 code [0x00000284d4e3e200, 0x00000284d4e3e2e0]
Event: 184.415 Thread 0x00000284eb0986b0 9440       4       java.lang.StringLatin1::inflate (10 bytes)
Event: 184.419 Thread 0x00000284e3afc5a0 9441       4       java.io.WinNTFileSystem::isLetter (30 bytes)
Event: 184.419 Thread 0x00000284e3afc5a0 nmethod 9441 0x00000284d4e3de08 code [0x00000284d4e3df00, 0x00000284d4e3df90]
Event: 184.420 Thread 0x00000284eb0986b0 nmethod 9440 0x00000284d4e3d988 code [0x00000284d4e3da80, 0x00000284d4e3dce8]
Event: 184.429 Thread 0x00000284e3afc5a0 9442       4       sun.reflect.generics.parser.SignatureParser::advance (53 bytes)
Event: 184.430 Thread 0x00000284e3afc5a0 nmethod 9442 0x00000284d4d9a588 code [0x00000284d4d9a680, 0x00000284d4d9a760]
Event: 184.436 Thread 0x00000284e3afc5a0 9443       4       java.util.zip.ZipEntry::isCENHeaderValid (58 bytes)
Event: 184.437 Thread 0x00000284e3afc5a0 nmethod 9443 0x00000284d4d9a288 code [0x00000284d4d9a380, 0x00000284d4d9a498]
Event: 184.461 Thread 0x00000284eb0986b0 9444  s!   4       org.bytedeco.javacpp.Loader::loadLibrary (1711 bytes)

GC Heap Usage History (20 events):
Event: 183.028 {heap Before GC invocations=59 (full 0):
 garbage-first heap   total reserved 3635200K, committed 155648K, used 122326K [0x0000000722200000, 0x0000000800000000)
  region size 2048K, 45 young (92160K), 1 survivors (2048K)
}
Event: 183.029 {heap After GC invocations=60 (full 0):
 garbage-first heap   total reserved 3635200K, committed 155648K, used 32283K [0x0000000722200000, 0x0000000800000000)
  region size 2048K, 1 young (2048K), 1 survivors (2048K)
}
Event: 183.080 {heap Before GC invocations=61 (full 0):
 garbage-first heap   total reserved 3635200K, committed 116736K, used 106011K [0x0000000722200000, 0x0000000800000000)
  region size 2048K, 37 young (75776K), 1 survivors (2048K)
}
Event: 183.081 {heap After GC invocations=62 (full 0):
 garbage-first heap   total reserved 3635200K, committed 116736K, used 32307K [0x0000000722200000, 0x0000000800000000)
  region size 2048K, 1 young (2048K), 1 survivors (2048K)
}
Event: 183.170 {heap Before GC invocations=62 (full 0):
 garbage-first heap   total reserved 3635200K, committed 116736K, used 99891K [0x0000000722200000, 0x0000000800000000)
  region size 2048K, 34 young (69632K), 1 survivors (2048K)
}
Event: 183.172 {heap After GC invocations=63 (full 0):
 garbage-first heap   total reserved 3635200K, committed 116736K, used 31893K [0x0000000722200000, 0x0000000800000000)
  region size 2048K, 1 young (2048K), 1 survivors (2048K)
}
Event: 183.211 {heap Before GC invocations=63 (full 0):
 garbage-first heap   total reserved 3635200K, committed 116736K, used 99477K [0x0000000722200000, 0x0000000800000000)
  region size 2048K, 34 young (69632K), 1 survivors (2048K)
}
Event: 183.212 {heap After GC invocations=64 (full 0):
 garbage-first heap   total reserved 3635200K, committed 116736K, used 32042K [0x0000000722200000, 0x0000000800000000)
  region size 2048K, 1 young (2048K), 1 survivors (2048K)
}
Event: 183.257 {heap Before GC invocations=65 (full 0):
 garbage-first heap   total reserved 3635200K, committed 116736K, used 99626K [0x0000000722200000, 0x0000000800000000)
  region size 2048K, 34 young (69632K), 1 survivors (2048K)
}
Event: 183.258 {heap After GC invocations=66 (full 0):
 garbage-first heap   total reserved 3635200K, committed 116736K, used 32087K [0x0000000722200000, 0x0000000800000000)
  region size 2048K, 1 young (2048K), 1 survivors (2048K)
}
Event: 183.321 {heap Before GC invocations=66 (full 0):
 garbage-first heap   total reserved 3635200K, committed 116736K, used 99671K [0x0000000722200000, 0x0000000800000000)
  region size 2048K, 34 young (69632K), 1 survivors (2048K)
}
Event: 183.323 {heap After GC invocations=67 (full 0):
 garbage-first heap   total reserved 3635200K, committed 141312K, used 31863K [0x0000000722200000, 0x0000000800000000)
  region size 2048K, 1 young (2048K), 1 survivors (2048K)
}
Event: 183.379 {heap Before GC invocations=67 (full 0):
 garbage-first heap   total reserved 3635200K, committed 141312K, used 113783K [0x0000000722200000, 0x0000000800000000)
  region size 2048K, 41 young (83968K), 1 survivors (2048K)
}
Event: 183.380 {heap After GC invocations=68 (full 0):
 garbage-first heap   total reserved 3635200K, committed 141312K, used 31977K [0x0000000722200000, 0x0000000800000000)
  region size 2048K, 1 young (2048K), 1 survivors (2048K)
}
Event: 183.431 {heap Before GC invocations=69 (full 0):
 garbage-first heap   total reserved 3635200K, committed 116736K, used 99561K [0x0000000722200000, 0x0000000800000000)
  region size 2048K, 34 young (69632K), 1 survivors (2048K)
}
Event: 183.432 {heap After GC invocations=70 (full 0):
 garbage-first heap   total reserved 3635200K, committed 116736K, used 32000K [0x0000000722200000, 0x0000000800000000)
  region size 2048K, 1 young (2048K), 1 survivors (2048K)
}
Event: 183.561 {heap Before GC invocations=70 (full 0):
 garbage-first heap   total reserved 3635200K, committed 116736K, used 99584K [0x0000000722200000, 0x0000000800000000)
  region size 2048K, 34 young (69632K), 1 survivors (2048K)
}
Event: 183.563 {heap After GC invocations=71 (full 0):
 garbage-first heap   total reserved 3635200K, committed 116736K, used 32027K [0x0000000722200000, 0x0000000800000000)
  region size 2048K, 1 young (2048K), 1 survivors (2048K)
}
Event: 183.959 {heap Before GC invocations=71 (full 0):
 garbage-first heap   total reserved 3635200K, committed 116736K, used 70939K [0x0000000722200000, 0x0000000800000000)
  region size 2048K, 21 young (43008K), 1 survivors (2048K)
}
Event: 183.961 {heap After GC invocations=72 (full 0):
 garbage-first heap   total reserved 3635200K, committed 116736K, used 32270K [0x0000000722200000, 0x0000000800000000)
  region size 2048K, 1 young (2048K), 1 survivors (2048K)
}

Metaspace Usage History (20 events):
Event: 183.028 {metaspace Before GC invocations=59 (full 0):
 Metaspace       used 69306K, committed 69760K, reserved 1114112K
  class space    used 8011K, committed 8192K, reserved 1048576K
}
Event: 183.029 {metaspace After GC invocations=60 (full 0):
 Metaspace       used 69306K, committed 69760K, reserved 1114112K
  class space    used 8011K, committed 8192K, reserved 1048576K
}
Event: 183.080 {metaspace Before GC invocations=61 (full 0):
 Metaspace       used 69306K, committed 69760K, reserved 1114112K
  class space    used 8011K, committed 8192K, reserved 1048576K
}
Event: 183.081 {metaspace After GC invocations=62 (full 0):
 Metaspace       used 69306K, committed 69760K, reserved 1114112K
  class space    used 8011K, committed 8192K, reserved 1048576K
}
Event: 183.170 {metaspace Before GC invocations=62 (full 0):
 Metaspace       used 69313K, committed 69760K, reserved 1114112K
  class space    used 8011K, committed 8192K, reserved 1048576K
}
Event: 183.172 {metaspace After GC invocations=63 (full 0):
 Metaspace       used 69313K, committed 69760K, reserved 1114112K
  class space    used 8011K, committed 8192K, reserved 1048576K
}
Event: 183.211 {metaspace Before GC invocations=63 (full 0):
 Metaspace       used 69313K, committed 69760K, reserved 1114112K
  class space    used 8011K, committed 8192K, reserved 1048576K
}
Event: 183.212 {metaspace After GC invocations=64 (full 0):
 Metaspace       used 69313K, committed 69760K, reserved 1114112K
  class space    used 8011K, committed 8192K, reserved 1048576K
}
Event: 183.257 {metaspace Before GC invocations=65 (full 0):
 Metaspace       used 69313K, committed 69760K, reserved 1114112K
  class space    used 8011K, committed 8192K, reserved 1048576K
}
Event: 183.258 {metaspace After GC invocations=66 (full 0):
 Metaspace       used 69313K, committed 69760K, reserved 1114112K
  class space    used 8011K, committed 8192K, reserved 1048576K
}
Event: 183.321 {metaspace Before GC invocations=66 (full 0):
 Metaspace       used 69313K, committed 69760K, reserved 1114112K
  class space    used 8011K, committed 8192K, reserved 1048576K
}
Event: 183.323 {metaspace After GC invocations=67 (full 0):
 Metaspace       used 69313K, committed 69760K, reserved 1114112K
  class space    used 8011K, committed 8192K, reserved 1048576K
}
Event: 183.379 {metaspace Before GC invocations=67 (full 0):
 Metaspace       used 69313K, committed 69760K, reserved 1114112K
  class space    used 8011K, committed 8192K, reserved 1048576K
}
Event: 183.380 {metaspace After GC invocations=68 (full 0):
 Metaspace       used 69313K, committed 69760K, reserved 1114112K
  class space    used 8011K, committed 8192K, reserved 1048576K
}
Event: 183.431 {metaspace Before GC invocations=69 (full 0):
 Metaspace       used 69313K, committed 69760K, reserved 1114112K
  class space    used 8011K, committed 8192K, reserved 1048576K
}
Event: 183.432 {metaspace After GC invocations=70 (full 0):
 Metaspace       used 69313K, committed 69760K, reserved 1114112K
  class space    used 8011K, committed 8192K, reserved 1048576K
}
Event: 183.561 {metaspace Before GC invocations=70 (full 0):
 Metaspace       used 70676K, committed 71104K, reserved 1114112K
  class space    used 8218K, committed 8384K, reserved 1048576K
}
Event: 183.563 {metaspace After GC invocations=71 (full 0):
 Metaspace       used 70676K, committed 71104K, reserved 1114112K
  class space    used 8218K, committed 8384K, reserved 1048576K
}
Event: 183.959 {metaspace Before GC invocations=71 (full 0):
 Metaspace       used 71290K, committed 71744K, reserved 1114112K
  class space    used 8258K, committed 8448K, reserved 1048576K
}
Event: 183.961 {metaspace After GC invocations=72 (full 0):
 Metaspace       used 71290K, committed 71744K, reserved 1114112K
  class space    used 8258K, committed 8448K, reserved 1048576K
}

Dll operation events (20 events):
Event: 181.902 Loaded shared library C:\Users\÷Á\.javacpp\cache\javacpp-1.5.10-windows-x86_64.jar\org\bytedeco\javacpp\windows-x86_64\api-ms-win-core-util-l1-1-0.dll
Event: 181.912 Loaded shared library C:\Users\÷Á\.javacpp\cache\javacpp-1.5.10-windows-x86_64.jar\org\bytedeco\javacpp\windows-x86_64\api-ms-win-core-interlocked-l1-1-0.dll
Event: 181.926 Loaded shared library C:\Users\÷Á\.javacpp\cache\javacpp-1.5.10-windows-x86_64.jar\org\bytedeco\javacpp\windows-x86_64\ucrtbase.dll
Event: 181.935 Loaded shared library C:\Users\÷Á\.javacpp\cache\javacpp-1.5.10-windows-x86_64.jar\org\bytedeco\javacpp\windows-x86_64\vcruntime140.dll
Event: 181.944 Loaded shared library C:\Users\÷Á\.javacpp\cache\javacpp-1.5.10-windows-x86_64.jar\org\bytedeco\javacpp\windows-x86_64\vcruntime140_1.dll
Event: 181.954 Loaded shared library C:\Users\÷Á\.javacpp\cache\javacpp-1.5.10-windows-x86_64.jar\org\bytedeco\javacpp\windows-x86_64\msvcp140.dll
Event: 181.962 Loaded shared library C:\Users\÷Á\.javacpp\cache\javacpp-1.5.10-windows-x86_64.jar\org\bytedeco\javacpp\windows-x86_64\msvcp140_1.dll
Event: 181.971 Loaded shared library C:\Users\÷Á\.javacpp\cache\javacpp-1.5.10-windows-x86_64.jar\org\bytedeco\javacpp\windows-x86_64\concrt140.dll
Event: 181.981 Loaded shared library C:\Users\÷Á\.javacpp\cache\javacpp-1.5.10-windows-x86_64.jar\org\bytedeco\javacpp\windows-x86_64\vcomp140.dll
Event: 181.993 Loaded shared library C:\Users\÷Á\.javacpp\cache\javacpp-1.5.10-windows-x86_64.jar\org\bytedeco\javacpp\windows-x86_64\jnijavacpp.dll
Event: 182.049 Loaded shared library C:\Users\÷Á\.javacpp\cache\openblas-0.3.26-1.5.10-windows-x86_64.jar\org\bytedeco\openblas\windows-x86_64\libopenblas_nolapack.dll
Event: 182.075 Loaded shared library C:\Users\÷Á\.javacpp\cache\openblas-0.3.26-1.5.10-windows-x86_64.jar\org\bytedeco\openblas\windows-x86_64\jniopenblas_nolapack.dll
Event: 182.155 Loaded shared library C:\Users\÷Á\.javacpp\cache\openblas-0.3.26-1.5.10-windows-x86_64.jar\org\bytedeco\openblas\windows-x86_64\libopenblas.dll
Event: 182.177 Loaded shared library C:\Users\÷Á\.javacpp\cache\openblas-0.3.26-1.5.10-windows-x86_64.jar\org\bytedeco\openblas\windows-x86_64\jniopenblas.dll
Event: 183.315 Loaded shared library C:\Users\÷Á\.javacpp\cache\opencv-4.9.0-1.5.10-windows-x86_64.jar\org\bytedeco\opencv\windows-x86_64\opencv_core490.dll
Event: 183.393 Loaded shared library C:\Users\÷Á\.javacpp\cache\opencv-4.9.0-1.5.10-windows-x86_64.jar\org\bytedeco\opencv\windows-x86_64\opencv_imgproc490.dll
Event: 183.457 Loaded shared library C:\Users\÷Á\.javacpp\cache\opencv-4.9.0-1.5.10-windows-x86_64.jar\org\bytedeco\opencv\windows-x86_64\jniopencv_core.dll
Event: 183.795 Loaded shared library C:\Users\÷Á\.javacpp\cache\opencv-4.9.0-1.5.10-windows-x86_64.jar\org\bytedeco\opencv\windows-x86_64\jniopencv_imgproc.dll
Event: 183.846 Loaded shared library C:\Users\÷Á\.javacpp\cache\opencv-4.9.0-1.5.10-windows-x86_64.jar\org\bytedeco\opencv\windows-x86_64\opencv_imgcodecs490.dll
Event: 183.858 Loaded shared library C:\Users\÷Á\.javacpp\cache\opencv-4.9.0-1.5.10-windows-x86_64.jar\org\bytedeco\opencv\windows-x86_64\jniopencv_imgcodecs.dll

Deoptimization events (20 events):
Event: 182.036 Thread 0x00000284f02ee220 DEOPT PACKING pc=0x00000284d4e997b8 sp=0x000000dd50dfbed0
Event: 182.036 Thread 0x00000284f02ee220 DEOPT UNPACKING pc=0x00000284d4751f02 sp=0x000000dd50dfbec0 mode 2
Event: 182.036 Thread 0x00000284f02ee220 Uncommon trap: trap_request=0xffffff45 fr.pc=0x00000284d4f45acc relative=0x0000000000002f4c
Event: 182.036 Thread 0x00000284f02ee220 Uncommon trap: reason=unstable_if action=reinterpret pc=0x00000284d4f45acc method=java.net.URLStreamHandler.toExternalForm(Ljava/net/URL;)Ljava/lang/String; @ 122 c2
Event: 182.036 Thread 0x00000284f02ee220 DEOPT PACKING pc=0x00000284d4f45acc sp=0x000000dd50dfbfd0
Event: 182.036 Thread 0x00000284f02ee220 DEOPT UNPACKING pc=0x00000284d4751f02 sp=0x000000dd50dfbfe0 mode 2
Event: 182.165 Thread 0x00000284f02ee220 DEOPT PACKING pc=0x00000284cdc243d6 sp=0x000000dd50dfbe90
Event: 182.165 Thread 0x00000284f02ee220 DEOPT UNPACKING pc=0x00000284d4681702 sp=0x000000dd50dfb390 mode 0
Event: 182.228 Thread 0x00000284f02ee220 Uncommon trap: trap_request=0xffffff45 fr.pc=0x00000284d4eba390 relative=0x0000000000001410
Event: 182.228 Thread 0x00000284f02ee220 Uncommon trap: reason=unstable_if action=reinterpret pc=0x00000284d4eba390 method=jdk.internal.jimage.ImageLocation.verifyName(Ljava/lang/String;Ljava/lang/String;IIIIIILjdk/internal/jimage/ImageStrings;)Z @ 2 c2
Event: 182.228 Thread 0x00000284f02ee220 DEOPT PACKING pc=0x00000284d4eba390 sp=0x000000dd50dfbad0
Event: 182.228 Thread 0x00000284f02ee220 DEOPT UNPACKING pc=0x00000284d4751f02 sp=0x000000dd50dfb838 mode 2
Event: 182.236 Thread 0x00000284f02ee220 Uncommon trap: trap_request=0xffffff45 fr.pc=0x00000284d4ebfc5c relative=0x00000000000012dc
Event: 182.236 Thread 0x00000284f02ee220 Uncommon trap: reason=unstable_if action=reinterpret pc=0x00000284d4ebfc5c method=jdk.internal.jimage.ImageLocation.verifyName(Ljava/lang/String;Ljava/lang/String;IIIIIILjdk/internal/jimage/ImageStrings;)Z @ 2 c2
Event: 182.236 Thread 0x00000284f02ee220 DEOPT PACKING pc=0x00000284d4ebfc5c sp=0x000000dd50dfba10
Event: 182.236 Thread 0x00000284f02ee220 DEOPT UNPACKING pc=0x00000284d4751f02 sp=0x000000dd50dfb868 mode 2
Event: 183.149 Thread 0x00000284f02ee220 DEOPT PACKING pc=0x00000284cdcb5065 sp=0x000000dd50dfb970
Event: 183.149 Thread 0x00000284f02ee220 DEOPT UNPACKING pc=0x00000284d4681702 sp=0x000000dd50dfae58 mode 0
Event: 183.977 Thread 0x00000284f02ee220 DEOPT PACKING pc=0x00000284cd7e0705 sp=0x000000dd50dfc420
Event: 183.977 Thread 0x00000284f02ee220 DEOPT UNPACKING pc=0x00000284d4681702 sp=0x000000dd50dfb908 mode 0

Classes loaded (20 events):
Event: 181.577 Loading class com/sun/imageio/plugins/jpeg/SOSMarkerSegment$ScanComponentSpec
Event: 181.577 Loading class com/sun/imageio/plugins/jpeg/SOSMarkerSegment$ScanComponentSpec done
Event: 181.577 Loading class com/sun/imageio/plugins/jpeg/AdobeMarkerSegment
Event: 181.577 Loading class com/sun/imageio/plugins/jpeg/AdobeMarkerSegment done
Event: 181.577 Loading class com/sun/imageio/plugins/jpeg/DRIMarkerSegment
Event: 181.577 Loading class com/sun/imageio/plugins/jpeg/DRIMarkerSegment done
Event: 181.601 Loading class java/lang/UnsatisfiedLinkError
Event: 181.601 Loading class java/lang/UnsatisfiedLinkError done
Event: 181.610 Loading class java/nio/file/FileVisitor
Event: 181.610 Loading class java/nio/file/FileVisitor done
Event: 181.610 Loading class java/nio/file/FileAlreadyExistsException
Event: 181.610 Loading class java/nio/file/FileAlreadyExistsException done
Event: 181.611 Loading class java/lang/SecurityManager$StackWalkerHolder
Event: 181.611 Loading class java/lang/SecurityManager$StackWalkerHolder done
Event: 181.611 Loading class java/lang/StackStreamFactory$ClassFrameBuffer
Event: 181.611 Loading class java/lang/StackStreamFactory$ClassFrameBuffer done
Event: 184.008 Loading class java/nio/HeapFloatBuffer
Event: 184.009 Loading class java/nio/HeapFloatBuffer done
Event: 184.013 Loading class java/nio/DirectFloatBufferU
Event: 184.014 Loading class java/nio/DirectFloatBufferU done

Classes unloaded (0 events):
No events

Classes redefined (0 events):
No events

Internal exceptions (20 events):
Event: 112.647 Thread 0x00000284ea9f4a90 Exception <a 'java/io/FileNotFoundException'{0x0000000724ee7330}> (0x0000000724ee7330) 
thrown [s\open\src\hotspot\share\prims\jni.cpp, line 516]
Event: 112.647 Thread 0x00000284ea9f4a90 Exception <a 'java/io/FileNotFoundException'{0x0000000724ee7950}> (0x0000000724ee7950) 
thrown [s\open\src\hotspot\share\prims\jni.cpp, line 516]
Event: 122.647 Thread 0x00000284ea9f4a90 Exception <a 'java/io/FileNotFoundException'{0x0000000724ee81c0}> (0x0000000724ee81c0) 
thrown [s\open\src\hotspot\share\prims\jni.cpp, line 516]
Event: 122.648 Thread 0x00000284ea9f4a90 Exception <a 'java/io/FileNotFoundException'{0x0000000724ee87e0}> (0x0000000724ee87e0) 
thrown [s\open\src\hotspot\share\prims\jni.cpp, line 516]
Event: 132.649 Thread 0x00000284ea9f4a90 Exception <a 'java/io/FileNotFoundException'{0x0000000724ee9050}> (0x0000000724ee9050) 
thrown [s\open\src\hotspot\share\prims\jni.cpp, line 516]
Event: 132.649 Thread 0x00000284ea9f4a90 Exception <a 'java/io/FileNotFoundException'{0x0000000724ee9670}> (0x0000000724ee9670) 
thrown [s\open\src\hotspot\share\prims\jni.cpp, line 516]
Event: 142.650 Thread 0x00000284ea9f4a90 Exception <a 'java/io/FileNotFoundException'{0x0000000724ee9ee0}> (0x0000000724ee9ee0) 
thrown [s\open\src\hotspot\share\prims\jni.cpp, line 516]
Event: 142.650 Thread 0x00000284ea9f4a90 Exception <a 'java/io/FileNotFoundException'{0x0000000724eea500}> (0x0000000724eea500) 
thrown [s\open\src\hotspot\share\prims\jni.cpp, line 516]
Event: 152.652 Thread 0x00000284ea9f4a90 Exception <a 'java/io/FileNotFoundException'{0x0000000724eead70}> (0x0000000724eead70) 
thrown [s\open\src\hotspot\share\prims\jni.cpp, line 516]
Event: 152.652 Thread 0x00000284ea9f4a90 Exception <a 'java/io/FileNotFoundException'{0x0000000724eeb390}> (0x0000000724eeb390) 
thrown [s\open\src\hotspot\share\prims\jni.cpp, line 516]
Event: 162.652 Thread 0x00000284ea9f4a90 Exception <a 'java/io/FileNotFoundException'{0x0000000724eebc00}> (0x0000000724eebc00) 
thrown [s\open\src\hotspot\share\prims\jni.cpp, line 516]
Event: 162.652 Thread 0x00000284ea9f4a90 Exception <a 'java/io/FileNotFoundException'{0x0000000724eec220}> (0x0000000724eec220) 
thrown [s\open\src\hotspot\share\prims\jni.cpp, line 516]
Event: 172.654 Thread 0x00000284ea9f4a90 Exception <a 'java/io/FileNotFoundException'{0x0000000724eeca90}> (0x0000000724eeca90) 
thrown [s\open\src\hotspot\share\prims\jni.cpp, line 516]
Event: 172.654 Thread 0x00000284ea9f4a90 Exception <a 'java/io/FileNotFoundException'{0x0000000724eed0b0}> (0x0000000724eed0b0) 
thrown [s\open\src\hotspot\share\prims\jni.cpp, line 516]
Event: 181.462 Thread 0x00000284f02ee220 Exception <a 'java/lang/ClassNotFoundException'{0x000000072c187c08}: sun/awt/resources/spi/awtProvider> (0x000000072c187c08) 
thrown [s\open\src\hotspot\share\classfile\systemDictionary.cpp, line 328]
Event: 181.471 Thread 0x00000284f02ee220 Exception <a 'java/io/FileNotFoundException'{0x000000072c193f60}> (0x000000072c193f60) 
thrown [s\open\src\hotspot\share\prims\jni.cpp, line 516]
Event: 181.472 Thread 0x00000284f02ee220 Exception <a 'java/io/FileNotFoundException'{0x000000072c194e80}> (0x000000072c194e80) 
thrown [s\open\src\hotspot\share\prims\jni.cpp, line 516]
Event: 181.619 Thread 0x00000284f02ee220 Exception <a 'java/lang/ClassNotFoundException'{0x0000000726e8e9c8}: org/springframework/boot/loader/net/protocol/jar/Handler> (0x0000000726e8e9c8) 
thrown [s\open\src\hotspot\share\classfile\systemDictionary.cpp, line 328]
Event: 182.656 Thread 0x00000284ea9f4a90 Exception <a 'java/io/FileNotFoundException'{0x00000007fff003d8}> (0x00000007fff003d8) 
thrown [s\open\src\hotspot\share\prims\jni.cpp, line 516]
Event: 182.656 Thread 0x00000284ea9f4a90 Exception <a 'java/io/FileNotFoundException'{0x00000007fff009f8}> (0x00000007fff009f8) 
thrown [s\open\src\hotspot\share\prims\jni.cpp, line 516]

VM Operations (20 events):
Event: 183.257 Executing safepoint VM operation: G1CollectForAllocation (G1 Evacuation Pause)
Event: 183.258 Executing safepoint VM operation: G1CollectForAllocation (G1 Evacuation Pause) done
Event: 183.321 Executing safepoint VM operation: G1CollectForAllocation (G1 Evacuation Pause)
Event: 183.323 Executing safepoint VM operation: G1CollectForAllocation (G1 Evacuation Pause) done
Event: 183.379 Executing safepoint VM operation: G1CollectForAllocation (G1 Evacuation Pause)
Event: 183.380 Executing safepoint VM operation: G1CollectForAllocation (G1 Evacuation Pause) done
Event: 183.395 Executing safepoint VM operation: G1PauseRemark
Event: 183.395 Executing safepoint VM operation: G1PauseRemark done
Event: 183.400 Executing safepoint VM operation: G1PauseCleanup
Event: 183.400 Executing safepoint VM operation: G1PauseCleanup done
Event: 183.431 Executing safepoint VM operation: G1CollectForAllocation (G1 Evacuation Pause)
Event: 183.432 Executing safepoint VM operation: G1CollectForAllocation (G1 Evacuation Pause) done
Event: 183.561 Executing safepoint VM operation: G1CollectForAllocation (G1 Evacuation Pause)
Event: 183.563 Executing safepoint VM operation: G1CollectForAllocation (G1 Evacuation Pause) done
Event: 183.959 Executing safepoint VM operation: G1TryInitiateConcMark (G1 Humongous Allocation)
Event: 183.961 Executing safepoint VM operation: G1TryInitiateConcMark (G1 Humongous Allocation) done
Event: 183.978 Executing safepoint VM operation: G1PauseRemark
Event: 183.979 Executing safepoint VM operation: G1PauseRemark done
Event: 183.987 Executing safepoint VM operation: G1PauseCleanup
Event: 183.987 Executing safepoint VM operation: G1PauseCleanup done

Memory protections (0 events):
No events

Nmethod flushes (20 events):
Event: 183.395 Thread 0x00000284e3ad9f80 flushing  nmethod 0x00000284d4fd5008
Event: 183.395 Thread 0x00000284e3ad9f80 flushing  nmethod 0x00000284d4fe8c08
Event: 183.395 Thread 0x00000284e3ad9f80 flushing  nmethod 0x00000284d50a7488
Event: 183.395 Thread 0x00000284e3ad9f80 flushing  nmethod 0x00000284d50b1088
Event: 183.395 Thread 0x00000284e3ad9f80 flushing  nmethod 0x00000284cd531a08
Event: 183.395 Thread 0x00000284e3ad9f80 flushing  nmethod 0x00000284cdbce208
Event: 183.395 Thread 0x00000284e3ad9f80 flushing  nmethod 0x00000284cdcb4d08
Event: 183.395 Thread 0x00000284e3ad9f80 flushing  nmethod 0x00000284cdcc2d08
Event: 183.395 Thread 0x00000284e3ad9f80 flushing  nmethod 0x00000284cdcc5108
Event: 183.395 Thread 0x00000284e3ad9f80 flushing  nmethod 0x00000284cd261b88
Event: 183.395 Thread 0x00000284e3ad9f80 flushing  nmethod 0x00000284cd296e08
Event: 183.395 Thread 0x00000284e3ad9f80 flushing  nmethod 0x00000284cd531d08
Event: 183.395 Thread 0x00000284e3ad9f80 flushing  nmethod 0x00000284cd745f08
Event: 183.395 Thread 0x00000284e3ad9f80 flushing  nmethod 0x00000284cdc0d588
Event: 183.395 Thread 0x00000284e3ad9f80 flushing  nmethod 0x00000284cdc12b08
Event: 183.395 Thread 0x00000284e3ad9f80 flushing  nmethod 0x00000284cdc52888
Event: 183.395 Thread 0x00000284e3ad9f80 flushing  nmethod 0x00000284cdc58188
Event: 183.395 Thread 0x00000284e3ad9f80 flushing  nmethod 0x00000284d4e94f88
Event: 183.395 Thread 0x00000284e3ad9f80 flushing  nmethod 0x00000284d4ea1608
Event: 183.979 Thread 0x00000284e3ad9f80 flushing  nmethod 0x00000284cd3ec488

Events (20 events):
Event: 181.796 Thread 0x00000284eb09c730 Thread exited: 0x00000284eb09c730
Event: 182.552 Thread 0x00000284ea279200 Thread exited: 0x00000284ea279200
Event: 182.552 Thread 0x00000284ea278a30 Thread exited: 0x00000284ea278a30
Event: 182.993 Thread 0x00000284eb0996d0 Thread exited: 0x00000284eb0996d0
Event: 183.119 Thread 0x00000284e3afdae0 Thread added: 0x00000284eb0986b0
Event: 183.119 Thread 0x00000284e3afdae0 Thread added: 0x00000284eb09c730
Event: 183.119 Thread 0x00000284e3afdae0 Thread added: 0x00000284eb09af00
Event: 183.119 Thread 0x00000284e3afdae0 Thread added: 0x00000284eb098ec0
Event: 183.132 Thread 0x00000284e3afdae0 Thread added: 0x00000284eb09cf40
Event: 183.159 Thread 0x00000284e3afdae0 Thread added: 0x00000284eb0996d0
Event: 183.159 Thread 0x00000284e3afdae0 Thread added: 0x00000284eb09d750
Event: 183.239 Thread 0x00000284eda1f100 Thread added: 0x00000284ed047350
Event: 183.240 Thread 0x00000284eda1f100 Thread added: 0x00000284ed04a230
Event: 183.240 Thread 0x00000284eda1f100 Thread added: 0x00000284ed0482f0
Event: 183.241 Thread 0x00000284eda1f100 Thread added: 0x00000284e890f440
Event: 184.150 Thread 0x00000284ea2772c0 Thread exited: 0x00000284ea2772c0
Event: 184.151 Thread 0x00000284ea276af0 Thread exited: 0x00000284ea276af0
Event: 184.388 Thread 0x00000284eb09af00 Thread exited: 0x00000284eb09af00
Event: 184.388 Thread 0x00000284eb098ec0 Thread exited: 0x00000284eb098ec0
Event: 184.389 Thread 0x00000284eb09c730 Thread exited: 0x00000284eb09c730


Dynamic libraries:
0x00007ff63dcd0000 - 0x00007ff63dce0000 	D:\develop\JDK\bin\java.exe
0x00007fffcd380000 - 0x00007fffcd5e6000 	C:\WINDOWS\SYSTEM32\ntdll.dll
0x00007fffccba0000 - 0x00007fffccc69000 	C:\WINDOWS\System32\KERNEL32.DLL
0x00007fffcaca0000 - 0x00007fffcb09e000 	C:\WINDOWS\System32\KERNELBASE.dll
0x00007fffcab10000 - 0x00007fffcac5c000 	C:\WINDOWS\System32\ucrtbase.dll
0x00007fffc3a90000 - 0x00007fffc3aae000 	D:\develop\JDK\bin\VCRUNTIME140.dll
0x00007fffbbae0000 - 0x00007fffbbaf7000 	D:\develop\JDK\bin\jli.dll
0x00007fffccdc0000 - 0x00007fffccf87000 	C:\WINDOWS\System32\USER32.dll
0x00007fffcac70000 - 0x00007fffcac97000 	C:\WINDOWS\System32\win32u.dll
0x00007fffccc70000 - 0x00007fffccc9b000 	C:\WINDOWS\System32\GDI32.dll
0x00007fffb8850000 - 0x00007fffb8ae2000 	C:\WINDOWS\WinSxS\amd64_microsoft.windows.common-controls_6595b64144ccf1df_6.0.26100.8875_none_3e0d5d42e32fe9dd\COMCTL32.dll
0x00007fffca5a0000 - 0x00007fffca6ca000 	C:\WINDOWS\System32\gdi32full.dll
0x00007fffccf90000 - 0x00007fffcd039000 	C:\WINDOWS\System32\msvcrt.dll
0x00007fffca9d0000 - 0x00007fffcaa73000 	C:\WINDOWS\System32\msvcp_win.dll
0x00007fffccca0000 - 0x00007fffcccd2000 	C:\WINDOWS\System32\IMM32.DLL
0x00007fffbb820000 - 0x00007fffbb82c000 	D:\develop\JDK\bin\vcruntime140_1.dll
0x00007fffb0320000 - 0x00007fffb03ad000 	D:\develop\JDK\bin\msvcp140.dll
0x00007fff39700000 - 0x00007fff3a560000 	D:\develop\JDK\bin\server\jvm.dll
0x00007fffccce0000 - 0x00007fffccd97000 	C:\WINDOWS\System32\ADVAPI32.dll
0x00007fffcbf40000 - 0x00007fffcbfea000 	C:\WINDOWS\System32\sechost.dll
0x00007fffcbc20000 - 0x00007fffcbd38000 	C:\WINDOWS\System32\RPCRT4.dll
0x00007fffcc1b0000 - 0x00007fffcc230000 	C:\WINDOWS\System32\WS2_32.dll
0x00007fffca400000 - 0x00007fffca45e000 	C:\WINDOWS\SYSTEM32\POWRPROF.dll
0x00007fffc0110000 - 0x00007fffc0146000 	C:\WINDOWS\SYSTEM32\WINMM.dll
0x00007fffc0150000 - 0x00007fffc015b000 	C:\WINDOWS\SYSTEM32\VERSION.dll
0x00007fffca3e0000 - 0x00007fffca3f4000 	C:\WINDOWS\SYSTEM32\UMPDC.dll
0x00007fffc9280000 - 0x00007fffc929b000 	C:\WINDOWS\SYSTEM32\kernel.appcore.dll
0x00007fffbb810000 - 0x00007fffbb81a000 	D:\develop\JDK\bin\jimage.dll
0x00007fffc7820000 - 0x00007fffc7a62000 	C:\WINDOWS\SYSTEM32\DBGHELP.DLL
0x00007fffcb820000 - 0x00007fffcbba3000 	C:\WINDOWS\System32\combase.dll
0x00007fffcb740000 - 0x00007fffcb819000 	C:\WINDOWS\System32\OLEAUT32.dll
0x00007fffb36e0000 - 0x00007fffb371b000 	C:\WINDOWS\SYSTEM32\dbgcore.DLL
0x00007fffca910000 - 0x00007fffca9bc000 	C:\WINDOWS\System32\bcryptPrimitives.dll
0x00007fffbb170000 - 0x00007fffbb18f000 	D:\develop\JDK\bin\java.dll
0x00007fffcbd90000 - 0x00007fffcbf29000 	C:\WINDOWS\System32\ole32.dll
0x00007fffcc270000 - 0x00007fffcca02000 	C:\WINDOWS\System32\SHELL32.dll
0x00007fffc8020000 - 0x00007fffc88b2000 	C:\WINDOWS\SYSTEM32\windows.storage.dll
0x00007fffcbff0000 - 0x00007fffcc0e7000 	C:\WINDOWS\System32\SHCORE.dll
0x00007fffcbbb0000 - 0x00007fffcbc17000 	C:\WINDOWS\System32\shlwapi.dll
0x00007fffca4c0000 - 0x00007fffca4e9000 	C:\WINDOWS\SYSTEM32\profapi.dll
0x00007fffbb150000 - 0x00007fffbb162000 	D:\develop\JDK\bin\net.dll
0x00007fffc9830000 - 0x00007fffc989c000 	C:\WINDOWS\system32\mswsock.dll
0x00007fffbaa20000 - 0x00007fffbaa36000 	D:\develop\JDK\bin\nio.dll
0x00007fffb8cf0000 - 0x00007fffb8d07000 	D:\develop\JDK\bin\zip.dll
0x00007fffc8cb0000 - 0x00007fffc8ce3000 	C:\WINDOWS\SYSTEM32\IPHLPAPI.DLL
0x00007fffcbf30000 - 0x00007fffcbf3a000 	C:\WINDOWS\System32\NSI.dll
0x00007fffc66b0000 - 0x00007fffc66be000 	C:\WINDOWS\SYSTEM32\WINNSI.DLL
0x00007fffa71c0000 - 0x00007fffa71d8000 	C:\WINDOWS\system32\napinsp.dll
0x00007fffc8cf0000 - 0x00007fffc8e46000 	C:\WINDOWS\SYSTEM32\DNSAPI.dll
0x00007fffc9610000 - 0x00007fffc961d000 	C:\WINDOWS\SYSTEM32\DSPARSE.dll
0x00007fffa69b0000 - 0x00007fffa69c3000 	C:\WINDOWS\System32\winrnr.dll
0x00007fffa6620000 - 0x00007fffa6642000 	C:\WINDOWS\system32\nlansp_c.dll
0x00007fffc2560000 - 0x00007fffc2576000 	C:\WINDOWS\system32\wshbth.dll
0x00007fffc2c70000 - 0x00007fffc2c7b000 	C:\Windows\System32\rasadhlp.dll
0x00007fffc0a30000 - 0x00007fffc0ab6000 	C:\WINDOWS\System32\fwpuclnt.dll
0x00007fffc9b30000 - 0x00007fffc9b4b000 	C:\WINDOWS\SYSTEM32\CRYPTSP.dll
0x00007fffc91c0000 - 0x00007fffc91f9000 	C:\WINDOWS\system32\rsaenh.dll
0x00007fffc98f0000 - 0x00007fffc9922000 	C:\WINDOWS\SYSTEM32\USERENV.dll
0x00007fffca490000 - 0x00007fffca4ba000 	C:\WINDOWS\SYSTEM32\bcrypt.dll
0x00007fffc9b50000 - 0x00007fffc9b5c000 	C:\WINDOWS\SYSTEM32\CRYPTBASE.dll
0x00007fffb8b30000 - 0x00007fffb8b3e000 	D:\develop\JDK\bin\sunmscapi.dll
0x00007fffca790000 - 0x00007fffca908000 	C:\WINDOWS\System32\CRYPT32.dll
0x00007fffc9d70000 - 0x00007fffc9da0000 	C:\WINDOWS\SYSTEM32\ncrypt.dll
0x00007fffc9d20000 - 0x00007fffc9d5f000 	C:\WINDOWS\SYSTEM32\NTASN1.dll
0x00007fffac520000 - 0x00007fffac528000 	C:\WINDOWS\system32\wshunix.dll
0x00007fffb6ae0000 - 0x00007fffb6ae9000 	D:\develop\JDK\bin\extnet.dll
0x00007ffe6f090000 - 0x00007ffe6fecd000 	C:\Users\÷Á\AppData\Local\Temp\onnxruntime-java884795707263128322\onnxruntime.dll
0x00007fffcb2b0000 - 0x00007fffcb737000 	C:\WINDOWS\System32\SETUPAPI.dll
0x00007fffc7e90000 - 0x00007fffc7fce000 	C:\WINDOWS\SYSTEM32\dxgi.dll
0x00007fffb6ab0000 - 0x00007fffb6ab9000 	C:\WINDOWS\SYSTEM32\MSVCP140_1.dll
0x00007fffb27c0000 - 0x00007fffb27d8000 	C:\Users\÷Á\AppData\Local\Temp\onnxruntime-java884795707263128322\onnxruntime4j_jni.dll
0x00007fffca0c0000 - 0x00007fffca0ef000 	C:\WINDOWS\SYSTEM32\DEVOBJ.dll
0x00007fffca100000 - 0x00007fffca151000 	C:\WINDOWS\SYSTEM32\cfgmgr32.dll
0x00007fffcaa80000 - 0x00007fffcab03000 	C:\WINDOWS\System32\WINTRUST.dll
0x00007fffc9c80000 - 0x00007fffc9c93000 	C:\WINDOWS\SYSTEM32\MSASN1.dll
0x00007fffc6d80000 - 0x00007fffc6dc6000 	C:\WINDOWS\SYSTEM32\dxcore.dll
0x00007fffc2140000 - 0x00007fffc219f000 	C:\WINDOWS\SYSTEM32\directxdatabasehelper.dll
0x00007fffb8ce0000 - 0x00007fffb8cea000 	D:\develop\JDK\bin\management.dll
0x00007fffb8b40000 - 0x00007fffb8b4c000 	D:\develop\JDK\bin\management_ext.dll
0x00007fffcb0b0000 - 0x00007fffcb0b8000 	C:\WINDOWS\System32\PSAPI.DLL
0x00007fff83750000 - 0x00007fff838d4000 	D:\develop\JDK\bin\awt.dll
0x00007fffc6480000 - 0x00007fffc6520000 	C:\WINDOWS\SYSTEM32\apphelp.dll
0x00007fffa0fe0000 - 0x00007fffa1010000 	D:\develop\JDK\bin\javajpeg.dll
0x00000284ec0c0000 - 0x00000284ec0c4000 	C:\Users\÷Á\.javacpp\cache\javacpp-1.5.10-windows-x86_64.jar\org\bytedeco\javacpp\windows-x86_64\api-ms-win-crt-locale-l1-1-0.dll
0x00000284ee490000 - 0x00000284ee495000 	C:\Users\÷Á\.javacpp\cache\javacpp-1.5.10-windows-x86_64.jar\org\bytedeco\javacpp\windows-x86_64\api-ms-win-crt-string-l1-1-0.dll
0x00000284ee4a0000 - 0x00000284ee4a5000 	C:\Users\÷Á\.javacpp\cache\javacpp-1.5.10-windows-x86_64.jar\org\bytedeco\javacpp\windows-x86_64\api-ms-win-crt-stdio-l1-1-0.dll
0x00000284ee4b0000 - 0x00000284ee4b6000 	C:\Users\÷Á\.javacpp\cache\javacpp-1.5.10-windows-x86_64.jar\org\bytedeco\javacpp\windows-x86_64\api-ms-win-crt-math-l1-1-0.dll
0x00000284ee4c0000 - 0x00000284ee4c4000 	C:\Users\÷Á\.javacpp\cache\javacpp-1.5.10-windows-x86_64.jar\org\bytedeco\javacpp\windows-x86_64\api-ms-win-crt-heap-l1-1-0.dll
0x00000284ee4d0000 - 0x00000284ee4d5000 	C:\Users\÷Á\.javacpp\cache\javacpp-1.5.10-windows-x86_64.jar\org\bytedeco\javacpp\windows-x86_64\api-ms-win-crt-runtime-l1-1-0.dll
0x00000284ee4e0000 - 0x00000284ee4e5000 	C:\Users\÷Á\.javacpp\cache\javacpp-1.5.10-windows-x86_64.jar\org\bytedeco\javacpp\windows-x86_64\api-ms-win-crt-convert-l1-1-0.dll
0x00000284ee4f0000 - 0x00000284ee4f4000 	C:\Users\÷Á\.javacpp\cache\javacpp-1.5.10-windows-x86_64.jar\org\bytedeco\javacpp\windows-x86_64\api-ms-win-crt-environment-l1-1-0.dll
0x00000284ee500000 - 0x00000284ee504000 	C:\Users\÷Á\.javacpp\cache\javacpp-1.5.10-windows-x86_64.jar\org\bytedeco\javacpp\windows-x86_64\api-ms-win-crt-time-l1-1-0.dll
0x00000284ee510000 - 0x00000284ee514000 	C:\Users\÷Á\.javacpp\cache\javacpp-1.5.10-windows-x86_64.jar\org\bytedeco\javacpp\windows-x86_64\api-ms-win-crt-filesystem-l1-1-0.dll
0x00000284ee520000 - 0x00000284ee524000 	C:\Users\÷Á\.javacpp\cache\javacpp-1.5.10-windows-x86_64.jar\org\bytedeco\javacpp\windows-x86_64\api-ms-win-crt-utility-l1-1-0.dll
0x00000284eeb60000 - 0x00000284eeb66000 	C:\Users\÷Á\.javacpp\cache\javacpp-1.5.10-windows-x86_64.jar\org\bytedeco\javacpp\windows-x86_64\api-ms-win-crt-multibyte-l1-1-0.dll
0x00000284eeb70000 - 0x00000284eeb74000 	C:\Users\÷Á\.javacpp\cache\javacpp-1.5.10-windows-x86_64.jar\org\bytedeco\javacpp\windows-x86_64\api-ms-win-crt-conio-l1-1-0.dll
0x00000284eeb80000 - 0x00000284eeb91000 	C:\Users\÷Á\.javacpp\cache\javacpp-1.5.10-windows-x86_64.jar\org\bytedeco\javacpp\windows-x86_64\api-ms-win-crt-private-l1-1-0.dll
0x00000284eeba0000 - 0x00000284eeba4000 	C:\Users\÷Á\.javacpp\cache\javacpp-1.5.10-windows-x86_64.jar\org\bytedeco\javacpp\windows-x86_64\api-ms-win-crt-process-l1-1-0.dll
0x00000284eebb0000 - 0x00000284eebb4000 	C:\Users\÷Á\.javacpp\cache\javacpp-1.5.10-windows-x86_64.jar\org\bytedeco\javacpp\windows-x86_64\api-ms-win-core-console-l1-2-0.dll
0x00000284eebc0000 - 0x00000284eebc4000 	C:\Users\÷Á\.javacpp\cache\javacpp-1.5.10-windows-x86_64.jar\org\bytedeco\javacpp\windows-x86_64\api-ms-win-core-string-l1-1-0.dll
0x00000284eebd0000 - 0x00000284eebd4000 	C:\Users\÷Á\.javacpp\cache\javacpp-1.5.10-windows-x86_64.jar\org\bytedeco\javacpp\windows-x86_64\api-ms-win-core-errorhandling-l1-1-0.dll
0x00000284eebe0000 - 0x00000284eebe4000 	C:\Users\÷Á\.javacpp\cache\javacpp-1.5.10-windows-x86_64.jar\org\bytedeco\javacpp\windows-x86_64\api-ms-win-core-timezone-l1-1-0.dll
0x00000284eebf0000 - 0x00000284eebf5000 	C:\Users\÷Á\.javacpp\cache\javacpp-1.5.10-windows-x86_64.jar\org\bytedeco\javacpp\windows-x86_64\api-ms-win-core-file-l1-1-0.dll
0x00000284efde0000 - 0x00000284efde4000 	C:\Users\÷Á\.javacpp\cache\javacpp-1.5.10-windows-x86_64.jar\org\bytedeco\javacpp\windows-x86_64\api-ms-win-core-namedpipe-l1-1-0.dll
0x00000284efdf0000 - 0x00000284efdf4000 	C:\Users\÷Á\.javacpp\cache\javacpp-1.5.10-windows-x86_64.jar\org\bytedeco\javacpp\windows-x86_64\api-ms-win-core-handle-l1-1-0.dll
0x00000284efe00000 - 0x00000284efe04000 	C:\Users\÷Á\.javacpp\cache\javacpp-1.5.10-windows-x86_64.jar\org\bytedeco\javacpp\windows-x86_64\api-ms-win-core-file-l2-1-0.dll
0x00000284efe10000 - 0x00000284efe14000 	C:\Users\÷Á\.javacpp\cache\javacpp-1.5.10-windows-x86_64.jar\org\bytedeco\javacpp\windows-x86_64\api-ms-win-core-heap-l1-1-0.dll
0x00000284efe20000 - 0x00000284efe24000 	C:\Users\÷Á\.javacpp\cache\javacpp-1.5.10-windows-x86_64.jar\org\bytedeco\javacpp\windows-x86_64\api-ms-win-core-libraryloader-l1-1-0.dll
0x00000284efe30000 - 0x00000284efe34000 	C:\Users\÷Á\.javacpp\cache\javacpp-1.5.10-windows-x86_64.jar\org\bytedeco\javacpp\windows-x86_64\api-ms-win-core-synch-l1-1-0.dll
0x00000284f26b0000 - 0x00000284f26b4000 	C:\Users\÷Á\.javacpp\cache\javacpp-1.5.10-windows-x86_64.jar\org\bytedeco\javacpp\windows-x86_64\api-ms-win-core-processthreads-l1-1-0.dll
0x00000284f26c0000 - 0x00000284f26c4000 	C:\Users\÷Á\.javacpp\cache\javacpp-1.5.10-windows-x86_64.jar\org\bytedeco\javacpp\windows-x86_64\api-ms-win-core-processenvironment-l1-1-0.dll
0x00000284f26d0000 - 0x00000284f26d4000 	C:\Users\÷Á\.javacpp\cache\javacpp-1.5.10-windows-x86_64.jar\org\bytedeco\javacpp\windows-x86_64\api-ms-win-core-datetime-l1-1-0.dll
0x00000284f26e0000 - 0x00000284f26e4000 	C:\Users\÷Á\.javacpp\cache\javacpp-1.5.10-windows-x86_64.jar\org\bytedeco\javacpp\windows-x86_64\api-ms-win-core-localization-l1-2-0.dll
0x00000284f26f0000 - 0x00000284f26f4000 	C:\Users\÷Á\.javacpp\cache\javacpp-1.5.10-windows-x86_64.jar\org\bytedeco\javacpp\windows-x86_64\api-ms-win-core-sysinfo-l1-1-0.dll
0x00000284f2700000 - 0x00000284f2704000 	C:\Users\÷Á\.javacpp\cache\javacpp-1.5.10-windows-x86_64.jar\org\bytedeco\javacpp\windows-x86_64\api-ms-win-core-synch-l1-2-0.dll
0x00000284f2710000 - 0x00000284f2714000 	C:\Users\÷Á\.javacpp\cache\javacpp-1.5.10-windows-x86_64.jar\org\bytedeco\javacpp\windows-x86_64\api-ms-win-core-console-l1-1-0.dll
0x00000284f2720000 - 0x00000284f2724000 	C:\Users\÷Á\.javacpp\cache\javacpp-1.5.10-windows-x86_64.jar\org\bytedeco\javacpp\windows-x86_64\api-ms-win-core-debug-l1-1-0.dll
0x00000284f2730000 - 0x00000284f2734000 	C:\Users\÷Á\.javacpp\cache\javacpp-1.5.10-windows-x86_64.jar\org\bytedeco\javacpp\windows-x86_64\api-ms-win-core-rtlsupport-l1-1-0.dll
0x00000284f2740000 - 0x00000284f2744000 	C:\Users\÷Á\.javacpp\cache\javacpp-1.5.10-windows-x86_64.jar\org\bytedeco\javacpp\windows-x86_64\api-ms-win-core-processthreads-l1-1-1.dll
0x00000284f2750000 - 0x00000284f2754000 	C:\Users\÷Á\.javacpp\cache\javacpp-1.5.10-windows-x86_64.jar\org\bytedeco\javacpp\windows-x86_64\api-ms-win-core-file-l1-2-0.dll
0x00000284f2760000 - 0x00000284f2764000 	C:\Users\÷Á\.javacpp\cache\javacpp-1.5.10-windows-x86_64.jar\org\bytedeco\javacpp\windows-x86_64\api-ms-win-core-profile-l1-1-0.dll
0x00000284f2770000 - 0x00000284f2774000 	C:\Users\÷Á\.javacpp\cache\javacpp-1.5.10-windows-x86_64.jar\org\bytedeco\javacpp\windows-x86_64\api-ms-win-core-memory-l1-1-0.dll
0x00000284f2780000 - 0x00000284f2784000 	C:\Users\÷Á\.javacpp\cache\javacpp-1.5.10-windows-x86_64.jar\org\bytedeco\javacpp\windows-x86_64\api-ms-win-core-util-l1-1-0.dll
0x00000284f2790000 - 0x00000284f2794000 	C:\Users\÷Á\.javacpp\cache\javacpp-1.5.10-windows-x86_64.jar\org\bytedeco\javacpp\windows-x86_64\api-ms-win-core-interlocked-l1-1-0.dll
0x00007fff4c8f0000 - 0x00007fff4ca01000 	C:\Users\÷Á\.javacpp\cache\javacpp-1.5.10-windows-x86_64.jar\org\bytedeco\javacpp\windows-x86_64\ucrtbase.dll
0x00007fffb6ac0000 - 0x00007fffb6adb000 	C:\Users\÷Á\.javacpp\cache\javacpp-1.5.10-windows-x86_64.jar\org\bytedeco\javacpp\windows-x86_64\vcruntime140.dll
0x00007fffb6aa0000 - 0x00007fffb6aac000 	C:\Users\÷Á\.javacpp\cache\javacpp-1.5.10-windows-x86_64.jar\org\bytedeco\javacpp\windows-x86_64\vcruntime140_1.dll
0x00007fff98510000 - 0x00007fff9859d000 	C:\Users\÷Á\.javacpp\cache\javacpp-1.5.10-windows-x86_64.jar\org\bytedeco\javacpp\windows-x86_64\msvcp140.dll

JVMTI agents: none

dbghelp: loaded successfully - version: 4.0.5 - missing functions: none
symbol engine: initialized successfully - sym options: 0x614 - pdb path: .;D:\develop\JDK\bin;C:\WINDOWS\SYSTEM32;C:\WINDOWS\WinSxS\amd64_microsoft.windows.common-controls_6595b64144ccf1df_6.0.26100.8875_none_3e0d5d42e32fe9dd;D:\develop\JDK\bin\server;C:\Users\÷Á\AppData\Local\Temp\onnxruntime-java88479570726312832;C:\Users\÷Á\AppData\Local\Temp\onnxruntime-java8847957072631283;C:\Users\÷Á\AppData\Local\Temp\onnxruntime-java884795707263128;C:\Users\÷Á\AppData\Local\Temp\onnxruntime-java88479570726312;C:\Users\÷Á\AppData\Local\Temp\onnxruntime-java8847957072631;C:\Users\÷Á\AppData\Local\Temp\onnxruntime-java884795707263;C:\Users\÷Á\AppData\Local\Temp\onnxruntime-java884795707263128322;C:\Users\÷Á\.javacpp\cache\javacpp-1.5.10-windows-x86_64.jar\org\bytedeco\javacpp\window;C:\Users\÷Á\.javacpp\cache\javacpp-1.5.10-windows-x86_64.jar\org\bytedeco\javacpp\windo;C:\Users\÷Á\.javacpp\cache\javacpp-1.5.10-windows-x86_64.jar\org\bytedeco\javacpp\wind;C:\Users\÷Á\.javacpp\cache\javacpp-1.5.10-windows-x86_64.jar\org\bytedeco\javacpp\win;C:\Users\÷Á\.javacpp\cache\javacpp-1.5.10-windows-x86_64.jar\org\bytedeco\javacpp\wi;C:\Users\÷Á\.javacpp\cache\javacpp-1.5.10-windows-x86_64.jar\org\bytedeco\javacpp\w;C:\Users\÷Á\.javacpp\cache\javacpp-1.5.10-windows-x86_64.jar\org\bytedeco\javacpp\;C:\Users\÷Á\.javacpp\cache\javacpp-1.5.10-windows-x86_64.jar\org\bytedeco\javacpp;C:\Users\÷Á\.javacpp\cache\javacpp-1.5.10-windows-x86_64.jar\org\bytedeco\javacp;C:\Users\÷Á\.javacpp\cache\javacpp-1.5.10-windows-x86_64.jar\org\bytedeco\javac;C:\Users\÷Á\.javacpp\cache\javacpp-1.5.10-windows-x86_64.jar\org\bytedeco\java;C:\Users\÷Á\.javacpp\cache\javacpp-1.5.10-windows-x86_64.jar\org\bytedeco\jav;C:\Users\÷Á\.javacpp\cache\javacpp-1.5.10-windows-x86_64.jar\org\bytedeco\ja;C:\Users\÷Á\.javacpp\cache\javacpp-1.5.10-windows-x86_64.jar\org\bytedeco\j;C:\Users\÷Á\.javacpp\cache\javacpp-1.5.10-windows-x86_64.jar\org\bytedeco\;C:\Users\÷Á\.javacpp\cache\javacpp-1.5.10-windows-x86_64.jar\org\bytedeco;C:\Users\÷Á\.javacpp\cache\javacpp-1.5.10-windows-x86_64.jar\org\bytedec;C:\Users\÷Á\.javacpp\cache\javacpp-1.5.10-windows-x86_64.jar\org\bytede;C:\Users\÷Á\.javacpp\cache\javacpp-1.5.10-windows-x86_64.jar\org\byted;C:\Users\÷Á\.javacpp\cache\javacpp-1.5.10-windows-x86_64.jar\org\byte;C:\Users\÷Á\.javacpp\cache\javacpp-1.5.10-windows-x86_64.jar\org\byt;C:\Users\÷Á\.javacpp\cache\javacpp-1.5.10-windows-x86_64.jar\org\by;C:\Users\÷Á\.javacpp\cache\javacpp-1.5.10-windows-x86_64.jar\org\b;C:\Users\÷Á\.javacpp\cache\javacpp-1.5.10-windows-x86_64.jar\org\;C:\Users\÷Á\.javacpp\cache\javacpp-1.5.10-windows-x86_64.jar\org;C:\Users\÷Á\.javacpp\cache\javacpp-1.5.10-windows-x86_64.jar\or;C:\Users\÷Á\.javacpp\cache\javacpp-1.5.10-windows-x86_64.jar\o;C:\Users\÷Á\.javacpp\cache\javacpp-1.5.10-windows-x86_64.jar\;C:\Users\÷Á\.javacpp\cache\javacpp-1.5.10-windows-x86_64.jar;C:\Users\÷Á\.javacpp\cache\javacpp-1.5.10-windows-x86_64.ja;C:\Users\÷Á\.javacpp\cache\javacpp-1.5.10-windows-x86_64.j;C:\Users\÷Á\.javacpp\cache\javacpp-1.5.10-windows-x86_64.;C:\Users\÷Á\.javacpp\cache\javacpp-1.5.10-windows-x86_64;C:\Users\÷Á\.javacpp\cache\javacpp-1.5.10-windows-x86_6;C:\Users\÷Á\.javacpp\cache\javacpp-1.5.10-windows-x86_;C:\Users\÷Á\.javacpp\cache\javacpp-1.5.10-windows-x86;C:\Users\÷Á\.javacpp\cache\javacpp-1.5.10-windows-x8;C:\Users\÷Á\.javacpp\cache\javacpp-1.5.10-windows-x;C:\Users\÷Á\.javacpp\cache\javacpp-1.5.10-windows-;C:\Users\÷Á\.javacpp\cache\javacpp-1.5.10-windows;C:\Users\÷Á\.javacpp\cache\javacpp-1.5.10-window;C:\Users\÷Á\.javacpp\cache\javacpp-1.5.10-windo;C:\Users\÷Á\.javacpp\cache\javacpp-1.5.10-wind;C:\Users\÷Á\.javacpp\cache\javacpp-1.5.10-win;C:\Users\÷Á\.javacpp\cache\javacpp-1.5.10-wi;C:\Users\÷Á\.javacpp\cache\javacpp-1.5.10-w;C:\Users\÷Á\.javacpp\cache\javacpp-1.5.10-;C:\Users\÷Á\.javacpp\cache\javacpp-1.5.10;C:\Users\÷Á\.javacpp\cache\javacpp-1.5.1;C:\Users\÷Á\.javacpp\cache\javacpp-1.5.10-windows-x86_64.jar\org\bytedeco\javacpp\windows-x86_64;C:\Users\÷Á\.javacpp\cache\openblas-0.3.26-1.5.;C:\Users\÷Á\.javacpp\cache\openblas-0.3.26-1.5;C:\Users\÷Á\.javacpp\cache\openblas-0.3.26-1.;C:\Users\÷Á\.javacpp\cache\openblas-0.3.26-1;C:\Users\÷Á\.javacpp\cache\openblas-0.3.26-1.5.10-windows-x86_64.jar\org\bytedeco\openblas\windows-x86_64;C:\Users\÷Á\.javacpp\cache\opencv-4.9;C:\Users\÷Á\.javacpp\cache\opencv-4.;C:\Users\÷Á\.javacpp\cache\opencv-4;C:\Users\÷Á\.javacpp\cache\opencv-;C:\Users\÷Á\.javacpp\cache\opencv;C:\Users\÷Á\.javacpp\cache\openc

VM Arguments:
java_command: yolo-server/target/yolo-server-1.0.0.jar --yolo.model-path=models/best-ship.onnx --yolo.model-type=ship --dubbo.protocol.port=20880 --server.port=0
java_class_path (initial): yolo-server/target/yolo-server-1.0.0.jar
Launcher Type: SUN_STANDARD

[Global flags]
     intx CICompilerCount                          = 12                                        {product} {ergonomic}
     uint ConcGCThreads                            = 3                                         {product} {ergonomic}
     uint G1ConcRefinementThreads                  = 13                                        {product} {ergonomic}
   size_t G1HeapRegionSize                         = 2097152                                   {product} {ergonomic}
   size_t InitialHeapSize                          = 232783872                                 {product} {ergonomic}
   size_t MarkStackSize                            = 4194304                                   {product} {ergonomic}
   size_t MarkStackSizeMax                         = 536870912                                 {product} {ergonomic}
   size_t MaxHeapSize                              = 3722444800                                {product} {ergonomic}
   size_t MaxNewSize                               = 2233466880                                {product} {ergonomic}
   size_t MinHeapDeltaBytes                        = 2097152                                   {product} {ergonomic}
   size_t MinHeapSize                              = 8388608                                   {product} {ergonomic}
    uintx NonNMethodCodeHeapSize                   = 7602176                                {pd product} {ergonomic}
    uintx NonProfiledCodeHeapSize                  = 122093568                              {pd product} {ergonomic}
    uintx ProfiledCodeHeapSize                     = 121962496                              {pd product} {ergonomic}
    uintx ReservedCodeCacheSize                    = 251658240                              {pd product} {ergonomic}
     bool SegmentedCodeCache                       = true                                      {product} {ergonomic}
   size_t SoftMaxHeapSize                          = 3722444800                             {manageable} {ergonomic}
     bool UseCompressedOops                        = true                           {product lp64_product} {ergonomic}
     bool UseG1GC                                  = true                                      {product} {ergonomic}
     bool UseLargePagesIndividualAllocation        = false                                  {pd product} {ergonomic}

Logging:
Log output configuration:
 #0: stdout all=warning uptime,level,tags foldmultilines=false
 #1: stderr all=off uptime,level,tags foldmultilines=false

Release file:
IMPLEMENTOR="Oracle Corporation" 
JAVA_RUNTIME_VERSION="25.0.3+9-LTS-195" 
JAVA_VERSION="25.0.3" 
JAVA_VERSION_DATE="2026-04-21" 
LIBC="default" 
MODULES="java.base java.compiler java.datatransfer java.xml java.prefs java.desktop java.instrument java.logging java.management java.security.sasl java.naming java.rmi java.management.rmi java.net.http java.scripting java.security.jgss java.transaction.xa java.sql java.sql.rowset java.xml.crypto java.se java.smartcardio jdk.accessibility jdk.internal.jvmstat jdk.attach jdk.charsets jdk.internal.opt jdk.zipfs jdk.compiler jdk.crypto.cryptoki jdk.crypto.ec jdk.crypto.mscapi jdk.dynalink jdk.internal.ed jdk.editpad jdk.internal.vm.ci jdk.graal.compiler jdk.graal.compiler.management jdk.hotspot.agent jdk.httpserver jdk.incubator.vector jdk.internal.le jdk.internal.md jdk.jartool jdk.javadoc jdk.jcmd jdk.management jdk.management.agent jdk.jconsole jdk.jdeps jdk.jdwp.agent jdk.jdi jdk.jfr jdk.jlink jdk.jpackage jdk.jshell jdk.jsobject jdk.jstatd jdk.localedata jdk.management.jfr jdk.naming.dns jdk.naming.rmi jdk.net jdk.nio.mapmode jdk.sctp jdk.security.auth jdk.security.jgss jdk.unsupported jdk.unsupported.desktop jdk.xml.dom" 
OS_ARCH="x86_64" 
OS_NAME="Windows" 
SOURCE=".:git:bf167394bb46 open:git:e57ac4c1e765" 

Environment Variables:
JAVA_HOME=D:\develop\JDK
CLASSPATH=;D:\develop\JDK\lib\dt.jar;D:\develop\JDK\lib\tools.jar;
PATH=C:\Users\÷Á\bin;C:\Program Files\Git\mingw64\bin;C:\Program Files\Git\usr\local\bin;C:\Program Files\Git\usr\bin;C:\Program Files\Git\usr\bin;C:\Program Files\Git\mingw64\bin;C:\Program Files\Git\usr\bin;C:\Users\÷Á\bin;D:\develop\JDK\bin;C:\Program Files (x86)\VMware\VMware Workstation\bin;D:\development\flutter\bin;D:\development\Android\sdk\platform-tools;C:\Program Files\Common Files\Oracle\Java\javapath;C:\Program Files (x86)\Common Files\Intergraph\Grid Analysis SDK\1.0\Program;C:\Program Files\Python310\Scripts;C:\Program Files\Python310;C:\WINDOWS\system32;C:\WINDOWS;C:\WINDOWS\System32\Wbem;C:\WINDOWS\System32\WindowsPowerShell\v1.0;D:\develop\Java\jdk-17.0.1\bin";C:\WINDOWS\System32\OpenSSH;D:\runtime\win64;D:\bin;D:\;”∞≤‚¡ø\zgdll64;C:\;Gridknow\zgdll32;C:\Gridknow\zgdll64;C:\Program Files\dotnet;C:\Program Files (x86)\Microsoft SQL Server\100\Tools\Binn;C:\Program Files\Microsoft SQL Server\100\Tools\Binn;C:\Program Files\Microsoft SQL Server\100\DTS\Binn;C:\WINDOWS\System32\WindowsPowerShell\v1.0;C:\Program Files\ffmpeg\bin;C:\sqlite;C:\Program Files (x86)\Windows Kits\10\Windows Performance Toolkit;C:\Program Files (x86)\NetSarang\Xshell 8;C:\Program Files (x86)\NetSarang\Xftp 8;C:\Program Files\nodejs;D:\dev\python\Scripts;D:\dev\python;C:\Users\÷Á\AppData\Local\Microsoft\WindowsApps;D:\œ¬‘ÿ\Microsoft VS Code\bin;D:\develop\Java\jdk-17.0.1\bin;D:\test\mingw64\bin;C:\Program Files\JetBrains\PyCharm 2020.1\bin;C:\Users\÷Á\AppData\Roaming\npm;C:\mingw64\bin;C:\Program Files\Git\usr\bin;C:\Users\÷Á\.local\bin;C:\Program Files\Docker\Docker\resources\bin;D:\develop\apache-maven-3.9.4-bin\apache-maven-3.9.4\bin;D:\dev\python\Scripts;D:\dev\python;C:\Users\÷Á\AppData\Local\Microsoft\WindowsApps;D:\œ¬‘ÿ\Microsoft VS Code\bin;D:\develop\JDK\bin;D:\test\mingw64\bin;C:\Program Files\JetBrains\PyCharm 2020.1\bin;C:\Users\÷Á\AppData\Roaming\npm;C:\Users\÷Á\AppData\Local\Programs\Ollama;C:\Program Files\Git\usr\bin\vendor_perl;C:\Program Files\Git\usr\bin\core_perl
USERNAME=÷Á
SHELL=C:\Program Files\Git\bin\bash.exe
TERM=xterm-256color
OS=Windows_NT
PROCESSOR_IDENTIFIER=AMD64 Family 25 Model 80 Stepping 0, AuthenticAMD
TMP=C:\Users\÷Á\AppData\Local\Temp
TEMP=C:\Users\÷Á\AppData\Local\Temp




Compilation memory statistics disabled.

Periodic native trim disabled

---------------  S Y S T E M  ---------------

OS:
 Windows 11 , 64 bit Build 26100 (10.0.26100.8875)
OS uptime: 8 days 12:59 hours
Hyper-V role detected

CPU: total 16 (initial active 16) (16 cores per cpu, 2 threads per core) family 25 model 80 stepping 0 microcode 0xa50000b, cx8, cmov, fxsr, ht, mmx, 3dnowpref, sse, sse2, sse3, ssse3, sse4a, sse4.1, sse4.2, popcnt, lzcnt, tsc, tscinvbit, avx, avx2, aes, erms, clmul, bmi1, bmi2, adx, sha, fma, vzeroupper, clflush, clflushopt, clwb, hv, rdtscp, rdpid, fsrm, f16c, cet_ss
Processor Information for the first 16 processors :
  Max Mhz: 3201, Current Mhz: 3201, Mhz Limit: 3201

Memory: 4k page, system-wide physical 14198M (962M free)
TotalPageFile size 42611M (AvailPageFile size 119M)
current process WorkingSet (physical memory assigned to process): 667M, peak: 690M
current process commit charge ("private bytes"): 4682M, peak: 4729M

vm_info: Java HotSpot(TM) 64-Bit Server VM (25.0.3+9-LTS-195) for windows-amd64 JRE (25.0.3+9-LTS-195), built on 2026-03-11T00:20:00Z with MS VC++ 17.13 (VS2022)

END.
