#
# A fatal error has been detected by the Java Runtime Environment:
#
#  EXCEPTION_ACCESS_VIOLATION (0xc0000005) at pc=0x00007ffe55197555, pid=16996, tid=13328
#
# JRE version: Java(TM) SE Runtime Environment (25.0.3+9) (build 25.0.3+9-LTS-195)
# Java VM: Java HotSpot(TM) 64-Bit Server VM (25.0.3+9-LTS-195, mixed mode, sharing, tiered, compressed oops, compressed class ptrs, g1 gc, windows-amd64)
# Problematic frame:
# C  0x00007ffe55197555
#
# No core dump will be written. Minidumps are not enabled by default on client versions of Windows
#
# If you would like to submit a bug report, please visit:
#   https://bugreport.java.com/bugreport/crash.jsp
# The crash happened outside the Java Virtual Machine in native code.
# See problematic frame for where to report the bug.
#

---------------  S U M M A R Y ------------

Command Line: -Donnxruntime.lib.path= -Xmx2g yolo-server/target/yolo-server-1.0.0.jar --yolo.model-path=models/best-ship.onnx --dubbo.protocol.port=8002 --yolo.model-type=plane --server.port=0

Host: AMD Ryzen 7 5800H with Radeon Graphics         , 16 cores, 13G,  Windows 11 , 64 bit Build 26100 (10.0.26100.8875)
Time: Sun Jul 26 22:44:06 2026 elapsed time: 305.425168 seconds (0d 0h 5m 5s)

---------------  T H R E A D  ---------------

Current thread (0x00000213d4616810):  JavaThread "DubboServerHandler-192.168.174.1:8002-thread-10" daemon [_thread_in_native, id=13328, stack(0x0000009e03900000,0x0000009e03a00000) (1024K)]

Stack: [0x0000009e03900000,0x0000009e03a00000],  sp=0x0000009e039fc560,  free space=1009k
Native frames: (J=compiled Java code, j=interpreted, Vv=VM code, C=native code)
C  0x00007ffe55197555  (no source info available)
C  0x00007ffe5042d7e1  (no source info available)
C  0x00007ffe5051bf09  (no source info available)
C  0x00007ffe50698b83  (no source info available)
C  0x00007ffe6dee55b6  (no source info available)
C  0x00000213c197d193  (no source info available)

The last pc belongs to native method entry point (kind = native) (printed below).
Java frames: (J=compiled Java code, j=interpreted, Vv=VM code)
j  org.bytedeco.opencv.global.opencv_imgproc.minAreaRect(Lorg/bytedeco/opencv/opencv_core/Mat;)Lorg/bytedeco/opencv/opencv_core/RotatedRect;+0
j  com.yolo.inference.YoloInferenceEngine.cornersToRotatedRect(FFFFFFFF)Lorg/bytedeco/opencv/opencv_core/RotatedRect;+84
j  com.yolo.inference.YoloInferenceEngine.applyNMS(Ljava/util/List;F)Ljava/util/List;+112
j  com.yolo.inference.YoloInferenceEngine.detect(Ljava/awt/image/BufferedImage;Lcom/yolo/inference/DetectionOptions;)Ljava/util/List;+37
j  com.yolo.server.ModelInferenceServiceImpl.detect(Lcom/yolo/proto/ModelDetectRequest;)Lcom/yolo/proto/ModelDetectResponse;+66
j  com.yolo.server.ModelInferenceServiceImplDubboWrap0.invokeMethod(Ljava/lang/Object;Ljava/lang/String;[Ljava/lang/Class;[Ljava/lang/Object;)Ljava/lang/Object;+48
j  org.apache.dubbo.rpc.proxy.javassist.JavassistProxyFactory$1.doInvoke(Ljava/lang/Object;Ljava/lang/String;[Ljava/lang/Class;[Ljava/lang/Object;)Ljava/lang/Object;+9
j  org.apache.dubbo.rpc.proxy.AbstractProxyInvoker.invoke(Lorg/apache/dubbo/rpc/Invocation;)Lorg/apache/dubbo/rpc/Result;+75
j  org.apache.dubbo.config.invoker.DelegateProviderMetaDataInvoker.invoke(Lorg/apache/dubbo/rpc/Invocation;)Lorg/apache/dubbo/rpc/Result;+5
j  org.apache.dubbo.rpc.protocol.InvokerWrapper.invoke(Lorg/apache/dubbo/rpc/Invocation;)Lorg/apache/dubbo/rpc/Result;+5
j  org.apache.dubbo.rpc.filter.ClassLoaderCallbackFilter.invoke(Lorg/apache/dubbo/rpc/Invoker;Lorg/apache/dubbo/rpc/Invocation;)Lorg/apache/dubbo/rpc/Result;+2
j  org.apache.dubbo.rpc.cluster.filter.FilterChainBuilder$CopyOfFilterChainNode.invoke(Lorg/apache/dubbo/rpc/Invocation;)Lorg/apache/dubbo/rpc/Result;+19
j  org.apache.dubbo.rpc.protocol.tri.rest.filter.RestFilterAdapter.invoke(Lorg/apache/dubbo/rpc/Invoker;Lorg/apache/dubbo/rpc/Invocation;)Lorg/apache/dubbo/rpc/Result;+53
j  org.apache.dubbo.rpc.cluster.filter.FilterChainBuilder$CopyOfFilterChainNode.invoke(Lorg/apache/dubbo/rpc/Invocation;)Lorg/apache/dubbo/rpc/Result;+19
j  org.apache.dubbo.rpc.protocol.tri.h12.HttpContextCallbackFilter.invoke(Lorg/apache/dubbo/rpc/Invoker;Lorg/apache/dubbo/rpc/Invocation;)Lorg/apache/dubbo/rpc/Result;+2
j  org.apache.dubbo.rpc.cluster.filter.FilterChainBuilder$CopyOfFilterChainNode.invoke(Lorg/apache/dubbo/rpc/Invocation;)Lorg/apache/dubbo/rpc/Result;+19
j  org.apache.dubbo.rpc.protocol.dubbo.filter.TraceFilter.invoke(Lorg/apache/dubbo/rpc/Invoker;Lorg/apache/dubbo/rpc/Invocation;)Lorg/apache/dubbo/rpc/Result;+6
j  org.apache.dubbo.rpc.cluster.filter.FilterChainBuilder$CopyOfFilterChainNode.invoke(Lorg/apache/dubbo/rpc/Invocation;)Lorg/apache/dubbo/rpc/Result;+19
j  org.apache.dubbo.rpc.filter.TimeoutFilter.invoke(Lorg/apache/dubbo/rpc/Invoker;Lorg/apache/dubbo/rpc/Invocation;)Lorg/apache/dubbo/rpc/Result;+2
j  org.apache.dubbo.rpc.cluster.filter.FilterChainBuilder$CopyOfFilterChainNode.invoke(Lorg/apache/dubbo/rpc/Invocation;)Lorg/apache/dubbo/rpc/Result;+19
j  org.apache.dubbo.monitor.support.MonitorFilter.invoke(Lorg/apache/dubbo/rpc/Invoker;Lorg/apache/dubbo/rpc/Invocation;)Lorg/apache/dubbo/rpc/Result;+80
j  org.apache.dubbo.rpc.cluster.filter.FilterChainBuilder$CopyOfFilterChainNode.invoke(Lorg/apache/dubbo/rpc/Invocation;)Lorg/apache/dubbo/rpc/Result;+19
j  org.apache.dubbo.rpc.filter.ExceptionFilter.invoke(Lorg/apache/dubbo/rpc/Invoker;Lorg/apache/dubbo/rpc/Invocation;)Lorg/apache/dubbo/rpc/Result;+2
j  org.apache.dubbo.rpc.cluster.filter.FilterChainBuilder$CopyOfFilterChainNode.invoke(Lorg/apache/dubbo/rpc/Invocation;)Lorg/apache/dubbo/rpc/Result;+19
j  org.apache.dubbo.rpc.filter.AccessLogFilter.invoke(Lorg/apache/dubbo/rpc/Invoker;Lorg/apache/dubbo/rpc/Invocation;)Lorg/apache/dubbo/rpc/Result;+84
j  org.apache.dubbo.rpc.cluster.filter.FilterChainBuilder$CopyOfFilterChainNode.invoke(Lorg/apache/dubbo/rpc/Invocation;)Lorg/apache/dubbo/rpc/Result;+19
j  org.apache.dubbo.rpc.filter.GenericFilter.invoke(Lorg/apache/dubbo/rpc/Invoker;Lorg/apache/dubbo/rpc/Invocation;)Lorg/apache/dubbo/rpc/Result;+1030
j  org.apache.dubbo.rpc.cluster.filter.FilterChainBuilder$CopyOfFilterChainNode.invoke(Lorg/apache/dubbo/rpc/Invocation;)Lorg/apache/dubbo/rpc/Result;+19
j  org.apache.dubbo.rpc.protocol.tri.h12.HttpContextFilter.invoke(Lorg/apache/dubbo/rpc/Invoker;Lorg/apache/dubbo/rpc/Invocation;)Lorg/apache/dubbo/rpc/Result;+108
j  org.apache.dubbo.rpc.cluster.filter.FilterChainBuilder$CopyOfFilterChainNode.invoke(Lorg/apache/dubbo/rpc/Invocation;)Lorg/apache/dubbo/rpc/Result;+19
j  org.apache.dubbo.rpc.filter.ClassLoaderFilter.invoke(Lorg/apache/dubbo/rpc/Invoker;Lorg/apache/dubbo/rpc/Invocation;)Lorg/apache/dubbo/rpc/Result;+77
j  org.apache.dubbo.rpc.cluster.filter.FilterChainBuilder$CopyOfFilterChainNode.invoke(Lorg/apache/dubbo/rpc/Invocation;)Lorg/apache/dubbo/rpc/Result;+19
j  org.apache.dubbo.rpc.filter.EchoFilter.invoke(Lorg/apache/dubbo/rpc/Invoker;Lorg/apache/dubbo/rpc/Invocation;)Lorg/apache/dubbo/rpc/Result;+49
j  org.apache.dubbo.rpc.cluster.filter.FilterChainBuilder$CopyOfFilterChainNode.invoke(Lorg/apache/dubbo/rpc/Invocation;)Lorg/apache/dubbo/rpc/Result;+19
j  org.apache.dubbo.metrics.filter.MetricsFilter.invoke(Lorg/apache/dubbo/rpc/Invoker;Lorg/apache/dubbo/rpc/Invocation;Z)Lorg/apache/dubbo/rpc/Result;+85
j  org.apache.dubbo.metrics.filter.MetricsProviderFilter.invoke(Lorg/apache/dubbo/rpc/Invoker;Lorg/apache/dubbo/rpc/Invocation;)Lorg/apache/dubbo/rpc/Result;+4
j  org.apache.dubbo.rpc.cluster.filter.FilterChainBuilder$CopyOfFilterChainNode.invoke(Lorg/apache/dubbo/rpc/Invocation;)Lorg/apache/dubbo/rpc/Result;+19
j  org.apache.dubbo.tracing.filter.ObservationReceiverFilter.invoke(Lorg/apache/dubbo/rpc/Invoker;Lorg/apache/dubbo/rpc/Invocation;)Lorg/apache/dubbo/rpc/Result;+9
j  org.apache.dubbo.rpc.cluster.filter.FilterChainBuilder$CopyOfFilterChainNode.invoke(Lorg/apache/dubbo/rpc/Invocation;)Lorg/apache/dubbo/rpc/Result;+19
j  org.apache.dubbo.rpc.filter.ProfilerServerFilter.invoke(Lorg/apache/dubbo/rpc/Invoker;Lorg/apache/dubbo/rpc/Invocation;)Lorg/apache/dubbo/rpc/Result;+71
j  org.apache.dubbo.rpc.cluster.filter.FilterChainBuilder$CopyOfFilterChainNode.invoke(Lorg/apache/dubbo/rpc/Invocation;)Lorg/apache/dubbo/rpc/Result;+19
j  org.apache.dubbo.rpc.filter.ContextFilter.invoke(Lorg/apache/dubbo/rpc/Invoker;Lorg/apache/dubbo/rpc/Invocation;)Lorg/apache/dubbo/rpc/Result;+303
j  org.apache.dubbo.rpc.cluster.filter.FilterChainBuilder$CopyOfFilterChainNode.invoke(Lorg/apache/dubbo/rpc/Invocation;)Lorg/apache/dubbo/rpc/Result;+19
j  org.apache.dubbo.rpc.cluster.filter.FilterChainBuilder$CallbackRegistrationInvoker.invoke(Lorg/apache/dubbo/rpc/Invocation;)Lorg/apache/dubbo/rpc/Result;+5
j  org.apache.dubbo.rpc.protocol.tri.h12.AbstractServerCallListener.invoke()V+104
j  org.apache.dubbo.rpc.protocol.tri.h12.UnaryServerCallListener.onComplete()V+1
j  org.apache.dubbo.rpc.protocol.tri.h12.http2.GenericHttp2ServerTransportListener$Http2StreamingDecodeListener.onClose()V+4
j  org.apache.dubbo.remoting.http12.message.DefaultListeningDecoder.close()V+4
j  org.apache.dubbo.remoting.http12.message.StreamingDecoder$DefaultFragmentListener.onClose()V+4
j  org.apache.dubbo.remoting.http12.message.LengthFieldStreamingDecoder.deliver()V+156
j  org.apache.dubbo.remoting.http12.message.LengthFieldStreamingDecoder.close()V+6
j  org.apache.dubbo.rpc.protocol.tri.h12.http2.GenericHttp2ServerTransportListener.onDataCompletion(Lorg/apache/dubbo/remoting/http12/h2/Http2InputMessage;)V+13
j  org.apache.dubbo.rpc.protocol.tri.h12.http2.GenericHttp2ServerTransportListener.onDataCompletion(Lorg/apache/dubbo/remoting/http12/HttpInputMessage;)V+5
j  org.apache.dubbo.rpc.protocol.tri.h12.AbstractServerTransportListener.doOnData(Lorg/apache/dubbo/remoting/http12/HttpInputMessage;)V+30
j  org.apache.dubbo.rpc.protocol.tri.h12.AbstractServerTransportListener.lambda$onData$1(Lorg/apache/dubbo/remoting/http12/HttpInputMessage;)V+2
j  org.apache.dubbo.rpc.protocol.tri.h12.AbstractServerTransportListener$$Lambda+0x000000002a7a5bf0.run()V+8
j  org.apache.dubbo.common.threadpool.serial.SerializingExecutor.run()V+22
J 7872 c1 java.util.concurrent.ThreadPoolExecutor.runWorker(Ljava/util/concurrent/ThreadPoolExecutor$Worker;)V java.base@25.0.3 (187 bytes) @ 0x00000213baf8a4ac [0x00000213baf89780+0x0000000000000d2c]
J 7871 c1 java.util.concurrent.ThreadPoolExecutor$Worker.run()V java.base@25.0.3 (9 bytes) @ 0x00000213baf8da8c [0x00000213baf8d980+0x000000000000010c]
j  org.apache.dubbo.common.threadlocal.InternalRunnable.run()V+4
J 7773 c1 java.lang.Thread.run()V java.base@25.0.3 (23 bytes) @ 0x00000213ba65237c [0x00000213ba652100+0x000000000000027c]
v  ~StubRoutines::call_stub 0x00000213c19712ed

siginfo: EXCEPTION_ACCESS_VIOLATION (0xc0000005), reading address 0xffffffffffffffff


Registers:
RAX=0x0000000000000001, RBX=0x0000009e039fcb00, RCX=0x8c023100aee8ec91, RDX=0x00000213d5d71c60
RSP=0x0000009e039fc560, RBP=0x0000009e039fc6e0, RSI=0x00000213d5d71c60, RDI=0x0000000000000000
R8 =0x00000000ffffffff, R9 =0x0000000000000201, R10=0x0000000000000000, R11=0x000000000000002e
R12=0xffffffffffffffff, R13=0x00000213d3dc25c0, R14=0x0000009e039fd740, R15=0x00000213d4616810
RIP=0x00007ffe55197555, EFLAGS=0x0000000000010282

XMM[0]=0x0000000000000000 0x0000000000000000
XMM[1]=0x0000000000000000 0x0000000000000000
XMM[2]=0x0000000000000000 0x0000000000000000
XMM[3]=0x0000000000000000 0x0000000000000000
XMM[4]=0x0000000000000000 0x0000000000000000
XMM[5]=0x0000000000000000 0x0000000000000000
XMM[6]=0x8000000000000000 0x8000000000000000
XMM[7]=0x3eb8800000000000 0x0000000000000000
XMM[8]=0x0000000000000000 0x66fcaae27c97227f
XMM[9]=0x0000000000000000 0x7f4881efce3f33b1
XMM[10]=0x0000000000000000 0xded560a593f5871c
XMM[11]=0x0000000000000000 0xd83f67ac0458f0de
XMM[12]=0x0000000000000000 0x000000002c198932
XMM[13]=0x0000000000000000 0x0000000000000000
XMM[14]=0x0000000000000000 0x0000000000000000
XMM[15]=0x0000000000000000 0x0000000000000000
  MXCSR=0x00001fa0


Register to memory mapping:

RAX=0x0000000000000001 is an unknown value
RBX=0x0000009e039fcb00 is pointing into the stack for thread: 0x00000213d4616810
RCX=0x8c023100aee8ec91 is an unknown value
RDX=0x00000213d5d71c60 points into unknown readable memory: 0x00000213d92a6280 | 80 62 2a d9 13 02 00 00
RSP=0x0000009e039fc560 is pointing into the stack for thread: 0x00000213d4616810
RBP=0x0000009e039fc6e0 is pointing into the stack for thread: 0x00000213d4616810
RSI=0x00000213d5d71c60 points into unknown readable memory: 0x00000213d92a6280 | 80 62 2a d9 13 02 00 00
RDI=0x0 is null
R8 =
[error occurred during error reporting (printing register info), id 0xc0000005, EXCEPTION_ACCESS_VIOLATION (0xc0000005) at pc=0x00007fff38b8f590]
R9 =0x0000000000000201 is an unknown value
R10=0x0 is null
R11=0x000000000000002e is an unknown value
R12=0xffffffffffffffff is an unknown value
R13=0x00000213d3dc25c0 is pointing into metadata
R14=0x0000009e039fd740 is pointing into the stack for thread: 0x00000213d4616810
R15=0x00000213d4616810 is a thread

Top of Stack: (sp=0x0000009e039fc560)
0x0000009e039fc560:   0000009effffffff 0000009e00000001   ................
0x0000009e039fc570:   00000cee15370012 00007fffcb06350c   ..7......5......
0x0000009e039fc580:   0000000000240040 00007fffcd4faed8   @.$.......O.....
0x0000009e039fc590:   0000009e039fd670 00007ffe5042d7e1   p.........BP....
0x0000009e039fc5a0:   0000009e039fcb00 00000000ffffffff   ................
0x0000009e039fc5b0:   00000213d3dc25c0 0000000000000000   .%..............
0x0000009e039fc5c0:   0000009e00000000 0000009e039fd4f0   ................
0x0000009e039fc5d0:   0000009e039fd670 00007ffe5051bf09   p.........QP....
0x0000009e039fc5e0:   0000000000000000 0000009e039fcb00   ................
0x0000009e039fc5f0:   0000009e039fd4f0 00007fffcd3f9be1   ..........?.....
0x0000009e039fc600:   00000213cf990001 00000213cf990000   ................
0x0000009e039fc610:   000000b800000000 00000213cf9900b8   ................
0x0000009e039fc620:   0000000000240001 0000000300000004   ..$.............
0x0000009e039fc630:   00000213cf990000 00007fffcd3f96aa   ..........?.....
0x0000009e039fc640:   0000021300000001 0000000000000000   ................
0x0000009e039fc650:   00000cee153705e2 0000009e039fc680   ..7.............
0x0000009e039fc660:   0000000000000030 0000009e039fd4f0   0...............
0x0000009e039fc670:   0000000000000000 0000000000000000   ................
0x0000009e039fc680:   00000213cf9900b8 00000213cf9900b8   ................
0x0000009e039fc690:   00000213cf990400 00000000000b0000   ................
0x0000009e039fc6a0:   00007fff00000001 00000001039fc818   ................
0x0000009e039fc6b0:   0000000000001c00 0000000000000001   ................
0x0000009e039fc6c0:   00000cee15370612 00000000000000c8   ..7.............
0x0000009e039fc6d0:   00007fff00000000 00000213d7cc6f20   ........ o......
0x0000009e039fc6e0:   00007ffe6de70000 0000000000042504   ...m.....%......
0x0000009e039fc6f0:   0000000000000000 00007ffe6df423d0   .........#.m....
0x0000009e039fc700:   00000213af8e2b01 00007ffe6df423d0   .+.......#.m....
0x0000009e039fc710:   0000009e039fc820 00007fffcd3ede03    .........>.....
0x0000009e039fc720:   00007fffcd4fae80 0000000000000346   ..O.....F.......
0x0000009e039fc730:   0000009e039fc810 0000009e039fc778   ........x.......
0x0000009e039fc740:   00007fffcd4fab50 00000213d7cc6f20   P.O..... o......
0x0000009e039fc750:   00000213cf990510 000000007ffe0385   ................

Instructions: (pc=0x00007ffe55197555)
  0x00007ffe55197455:   00 ff 42 44 89 52 0c 45 89 11 4c 89 52 10 4c 89
  0x00007ffe55197465:   52 18 4c 89 52 20 4c 89 52 28 4c 89 52 30 4c 89
  0x00007ffe55197475:   52 38 49 8b c0 48 8b 4c 24 50 48 33 cc e8 69 38
  0x00007ffe55197485:   21 00 48 83 c4 68 c3 48 8d 15 0d 12 27 00 48 8d
  0x00007ffe55197495:   4c 24 30 e8 13 c2 ec ff 90 c7 44 24 20 62 02 00
  0x00007ffe551974a5:   00 4c 8d 0d 73 0d 27 00 4c 8d 05 bc 10 27 00 48
  0x00007ffe551974b5:   8d 54 24 30 b9 29 ff ff ff e8 8d c0 13 00 cc cc
  0x00007ffe551974c5:   cc cc cc cc cc cc cc cc cc cc cc 48 89 5c 24 08
  0x00007ffe551974d5:   48 89 74 24 10 57 48 83 ec 30 8b 02 48 8b d9 89
  0x00007ffe551974e5:   01 33 ff 8b 42 04 48 8b f2 89 41 04 48 83 c1 08
  0x00007ffe551974f5:   8b 42 08 89 01 8b 42 0c 89 43 0c 48 8b 42 10 48
  0x00007ffe55197505:   89 43 10 48 8b 42 18 48 89 43 18 48 8b 42 20 48
  0x00007ffe55197515:   89 43 20 48 8b 42 28 48 89 43 28 48 8b 42 30 48
  0x00007ffe55197525:   89 43 30 48 8b 42 38 48 89 43 38 48 8d 43 50 48
  0x00007ffe55197535:   89 43 48 48 89 4b 40 48 89 38 48 8b 43 48 48 89
  0x00007ffe55197545:   78 08 48 8b 4b 38 48 85 c9 74 0a b8 01 00 00 00
=>0x00007ffe55197555:   f0 0f c1 41 14 83 7a 04 02 7f 31 48 8b 42 48 48
  0x00007ffe55197565:   8b 4b 48 48 8b 00 48 89 01 48 8b 42 48 48 8b 4b
  0x00007ffe55197575:   48 48 8b 40 08 48 89 41 08 48 8b c3 48 8b 5c 24
  0x00007ffe55197585:   40 48 8b 74 24 48 48 83 c4 30 5f c3 89 7b 04 45
  0x00007ffe55197595:   33 c9 8b 52 04 45 33 c0 48 8b cb 40 88 7c 24 20
  0x00007ffe551975a5:   e8 f6 5a 00 00 39 7b 04 7e 44 48 8b d7 4c 8b c7
  0x00007ffe551975b5:   66 66 66 0f 1f 84 00 00 00 00 00 48 8b 46 40 4d
  0x00007ffe551975c5:   8d 40 04 48 8b 4b 40 48 8d 52 08 ff c7 41 8b 44
  0x00007ffe551975d5:   00 fc 41 89 44 08 fc 48 8b 46 48 48 8b 4b 48 48
  0x00007ffe551975e5:   8b 44 02 f8 48 89 44 0a f8 3b 7b 04 7c cd 48 8b
  0x00007ffe551975f5:   74 24 48 48 8b c3 48 8b 5c 24 40 48 83 c4 30 5f
  0x00007ffe55197605:   c3 cc cc cc cc cc cc cc cc cc cc 48 89 5c 24 10
  0x00007ffe55197615:   48 89 6c 24 18 48 89 74 24 20 57 48 83 ec 60 48
  0x00007ffe55197625:   8b 05 4d 12 36 00 48 33 c4 48 89 44 24 50 4c 8b
  0x00007ffe55197635:   d2 48 8b d9 8b 02 89 01 c7 41 04 02 00 00 00 48
  0x00007ffe55197645:   8d 79 08 41 8b 40 0c 89 07 41 8b 40 08 89 41 0c


Stack slot to memory mapping:

stack at sp + 0 slots: 0x0000009effffffff is an unknown value
stack at sp + 1 slots: 0x0000009e00000001 is pointing into the stack for thread: 0x00000213d78953a0
stack at sp + 2 slots: 0x00000cee15370012 is an unknown value
stack at sp + 3 slots: 0x00007fffcb06350c KERNELBASE.dll
stack at sp + 4 slots: 0x0000000000240040 is an unknown value
stack at sp + 5 slots: 0x00007fffcd4faed8 ntdll.dll
stack at sp + 6 slots: 0x0000009e039fd670 is pointing into the stack for thread: 0x00000213d4616810
stack at sp + 7 slots: 0x00007ffe5042d7e1 points into unknown readable memory: eb 0f 44 8b c6 48 8b

Lock stack of current Java thread (top to bottom):


Compiled method (c1) 310561 7872   !   3       java.util.concurrent.ThreadPoolExecutor::runWorker (187 bytes)
 total in heap  [0x00000213baf89688,0x00000213baf8b278] = 7152
 main code      [0x00000213baf89780,0x00000213baf8b1a8] = 6696
 stub code      [0x00000213baf8b1a8,0x00000213baf8b278] = 208
 mutable data [0x00000213d8120250,0x00000213d81204a8] = 600
 relocation     [0x00000213d8120250,0x00000213d8120428] = 472
 metadata       [0x00000213d8120428,0x00000213d81204a8] = 128
 immutable data [0x00000213dd0d3290,0x00000213dd0d3a40] = 1968
 dependencies   [0x00000213dd0d3290,0x00000213dd0d32c0] = 48
 nul chk table  [0x00000213dd0d32c0,0x00000213dd0d32f8] = 56
 handler table  [0x00000213dd0d32f8,0x00000213dd0d34b8] = 448
 scopes pcs     [0x00000213dd0d34b8,0x00000213dd0d3738] = 640
 scopes data    [0x00000213dd0d3738,0x00000213dd0d3a40] = 776

[Constant Pool (empty)]

[MachCode]
[Instructions begin]
  0x00000213baf89780: 660f 1f84 | 0000 0000 | 0066 0f1f | 8400 0000 | 0000 448b | 5208 443b 

  0x00000213baf89798: ;   {runtime_call Shared Runtime ic_miss_blob}
  0x00000213baf89798: 5008 0f85 | 4053 a306 
[Verified Entry Point]
  0x00000213baf897a0: 8984 2400 | 80ff ff55 | 4881 ecf0 | 0000 0090 | 4181 7f20 | 1d00 0000 

  0x00000213baf897b8: ;   {runtime_call Stub::method_entry_barrier}
  0x00000213baf897b8: 7405 e841 | aaa1 0648 | 8994 2498 | 0000 004c | 8984 24a0 

  0x00000213baf897cc: ;   {metadata(method data for {method} {0x00000213d02787b0} 'runWorker' '(Ljava/util/concurrent/ThreadPoolExecutor$Worker;)V' in 'java/util/concurrent/ThreadPoolExecutor')}
  0x00000213baf897cc: 0000 0048 | be68 a758 | d313 0200 | 008b be90 | 0000 0083 | c702 89be | 9000 0000 | 81e7 fe07 
  0x00000213baf897ec: 0000 85ff | 0f84 b316 

  0x00000213baf897f4: ;   {metadata(method data for {method} {0x00000213d02787b0} 'runWorker' '(Ljava/util/concurrent/ThreadPoolExecutor$Worker;)V' in 'java/util/concurrent/ThreadPoolExecutor')}
  0x00000213baf897f4: 0000 48be | 68a7 58d3 | 1302 0000 | 4883 86d8 | 0000 0001 | 498b b710 | 0400 0048 | 8b36 4889 
  0x00000213baf89814: b424 a800 | 0000 418b | 7828 410f | be5f 4885 | db0f 85a4 | 1600 0041 | c740 2800 | 0000 0049 
  0x00000213baf89834: ;   {metadata(method data for {method} {0x00000213d02787b0} 'runWorker' '(Ljava/util/concurrent/ThreadPoolExecutor$Worker;)V' in 'java/util/concurrent/ThreadPoolExecutor')}
  0x00000213baf89834: 8bd8 48b8 | 68a7 58d3 | 1302 0000 | 8b5b 0841 | ba00 0000 | 2949 03da | 483b 98f0 | 0000 0075 
  0x00000213baf89854: 0d48 8380 | f800 0000 | 01e9 6000 | 0000 483b | 9800 0100 | 0075 0d48 | 8380 0801 | 0000 01e9 
  0x00000213baf89874: 4a00 0000 | 4883 b8f0 | 0000 0000 | 7517 4889 | 98f0 0000 | 0048 c780 | f800 0000 | 0100 0000 
  0x00000213baf89894: e929 0000 | 0048 83b8 | 0001 0000 | 0075 1748 | 8998 0001 | 0000 48c7 | 8008 0100 | 0001 0000 
  0x00000213baf898b4: 00e9 0800 | 0000 4883 | 80e8 0000 

  0x00000213baf898c0: ;   {metadata(method data for {method} {0x00000213d03eb900} 'unlock' '()V' in 'java/util/concurrent/ThreadPoolExecutor$Worker')}
  0x00000213baf898c0: 0001 48bb | 583f bfd1 | 1302 0000 | 8b83 9000 | 0000 83c0 | 0289 8390 | 0000 0025 | feff 1f00 
  0x00000213baf898e0: 85c0 0f84 | 0316 0000 

  0x00000213baf898e8: ;   {metadata(method data for {method} {0x00000213d03eb900} 'unlock' '()V' in 'java/util/concurrent/ThreadPoolExecutor$Worker')}
  0x00000213baf898e8: 498b d848 | b858 3fbf | d113 0200 | 008b 5b08 | 41ba 0000 | 0029 4903 | da48 3b98 | e000 0000 
  0x00000213baf89908: 750d 4883 | 80e8 0000 | 0001 e960 | 0000 0048 | 3b98 f000 | 0000 750d | 4883 80f8 | 0000 0001 
  0x00000213baf89928: e94a 0000 | 0048 83b8 | e000 0000 | 0075 1748 | 8998 e000 | 0000 48c7 | 80e8 0000 | 0001 0000 
  0x00000213baf89948: 00e9 2900 | 0000 4883 | b8f0 0000 | 0000 7517 | 4889 98f0 | 0000 0048 | c780 f800 | 0000 0100 
  0x00000213baf89968: 0000 e908 | 0000 0048 | 8380 d800 

  0x00000213baf89974: ;   {metadata(method data for {method} {0x00000000292d24b8} 'release' '(I)Z' in 'java/util/concurrent/locks/AbstractQueuedSynchronizer')}
  0x00000213baf89974: 0000 0148 | bb28 7722 | d013 0200 | 008b 8390 | 0000 0083 | c002 8983 | 9000 0000 | 25fe ff1f 
  0x00000213baf89994: 0085 c00f | 846f 1500 | 0049 8bd8 

  0x00000213baf899a0: ;   {metadata(method data for {method} {0x00000000292d24b8} 'release' '(I)Z' in 'java/util/concurrent/locks/AbstractQueuedSynchronizer')}
  0x00000213baf899a0: 48b8 2877 | 22d0 1302 | 0000 4883 | 80f8 0000 

  0x00000213baf899b0: ;   {metadata(method data for {method} {0x00000213d03eb6f0} 'tryRelease' '(I)Z' in 'java/util/concurrent/ThreadPoolExecutor$Worker')}
  0x00000213baf899b0: 0001 48bb | a040 bfd1 | 1302 0000 | 8b83 9000 | 0000 83c0 | 0289 8390 | 0000 0025 | feff 1f00 
  0x00000213baf899d0: 85c0 0f84 | 5515 0000 

  0x00000213baf899d8: ;   {metadata(method data for {method} {0x00000213d03eb6f0} 'tryRelease' '(I)Z' in 'java/util/concurrent/ThreadPoolExecutor$Worker')}
  0x00000213baf899d8: 498b d848 | b8a0 40bf | d113 0200 | 008b 5b08 | 41ba 0000 | 0029 4903 | da48 3b98 | e000 0000 
  0x00000213baf899f8: 750d 4883 | 80e8 0000 | 0001 e960 | 0000 0048 | 3b98 f000 | 0000 750d | 4883 80f8 | 0000 0001 
  0x00000213baf89a18: e94a 0000 | 0048 83b8 | e000 0000 | 0075 1748 | 8998 e000 | 0000 48c7 | 80e8 0000 | 0001 0000 
  0x00000213baf89a38: 00e9 2900 | 0000 4883 | b8f0 0000 | 0000 7517 | 4889 98f0 | 0000 0048 | c780 f800 | 0000 0100 
  0x00000213baf89a58: 0000 e908 | 0000 0048 | 8380 d800 | 0000 0141 | 0fbe 5f48 | 85db 0f85 | da14 0000 | 41c7 400c 
  0x00000213baf89a78: 0000 0000 

  0x00000213baf89a7c: ;   {metadata(method data for {method} {0x00000213d03eb6f0} 'tryRelease' '(I)Z' in 'java/util/concurrent/ThreadPoolExecutor$Worker')}
  0x00000213baf89a7c: 498b d848 | b8a0 40bf | d113 0200 | 008b 5b08 | 41ba 0000 | 0029 4903 | da48 3b98 | 1001 0000 
  0x00000213baf89a9c: 750d 4883 | 8018 0100 | 0001 e960 | 0000 0048 | 3b98 2001 | 0000 750d | 4883 8028 | 0100 0001 
  0x00000213baf89abc: e94a 0000 | 0048 83b8 | 1001 0000 | 0075 1748 | 8998 1001 | 0000 48c7 | 8018 0100 | 0001 0000 
  0x00000213baf89adc: 00e9 2900 | 0000 4883 | b820 0100 | 0000 7517 | 4889 9820 | 0100 0048 | c780 2801 | 0000 0100 
  0x00000213baf89afc: 0000 e908 | 0000 0048 | 8380 0801 | 0000 01bb | 0000 0000 | 4189 5818 | f083 4424 

  0x00000213baf89b18: ;   {metadata(method data for {method} {0x00000000292d24b8} 'release' '(I)Z' in 'java/util/concurrent/locks/AbstractQueuedSynchronizer')}
  0x00000213baf89b18: c000 48bb | 2877 22d0 | 1302 0000 | ff83 1801 | 0000 4889 | bc24 9000 | 0000 418b 

  0x00000213baf89b34: ;   {metadata(method data for {method} {0x00000000292d24b8} 'release' '(I)Z' in 'java/util/concurrent/locks/AbstractQueuedSynchronizer')}
  0x00000213baf89b34: 5810 48b8 | 2877 22d0 | 1302 0000 | 4883 8028 | 0100 0001 | 488b d30f 

  0x00000213baf89b4c: ;   {static_call}
  0x00000213baf89b4c: 1f40 00e8 

  0x00000213baf89b50: ; ImmutableOopMap {[144]=Oop [152]=Oop [160]=Oop [168]=Oop }
                      ;*invokestatic signalNext {reexecute=0 rethrow=0 return_oop=0}
                      ; - java.util.concurrent.locks.AbstractQueuedSynchronizer::release@12 (line 1100)
                      ; - java.util.concurrent.ThreadPoolExecutor$Worker::unlock@2 (line 642)
                      ; - java.util.concurrent.ThreadPoolExecutor::runWorker@15 (line 1073)
  0x00000213baf89b50: ac8e 4407 

  0x00000213baf89b54: ;   {post_call_nop}
  0x00000213baf89b54: 0f1f 8400 | cc04 0000 | 488b bc24 | 9000 0000 | 0f1f 4000 | 488b 9424 | 9800 0000 

  0x00000213baf89b70: ;   {metadata(method data for {method} {0x00000213d02787b0} 'runWorker' '(Ljava/util/concurrent/ThreadPoolExecutor$Worker;)V' in 'java/util/concurrent/ThreadPoolExecutor')}
  0x00000213baf89b70: 4885 ff48 | bb68 a758 | d313 0200 | 00b8 1801 | 0000 7505 | b828 0100 | 0048 8b0c | 0348 8d49 
  0x00000213baf89b90: 0148 890c | 030f 8557 | 0000 0048 

  0x00000213baf89b9c: ;   {metadata(method data for {method} {0x00000213d02787b0} 'runWorker' '(Ljava/util/concurrent/ThreadPoolExecutor$Worker;)V' in 'java/util/concurrent/ThreadPoolExecutor')}
  0x00000213baf89b9c: 8bfa 48bb | 68a7 58d3 | 1302 0000 | 4883 8338 | 0100 0001 | 488b fa48 

  0x00000213baf89bb4: ;   {optimized virtual_call}
  0x00000213baf89bb4: 8bd7 90e8 

  0x00000213baf89bb8: ; ImmutableOopMap {[152]=Oop [160]=Oop [168]=Oop }
                      ;*invokevirtual getTask {reexecute=0 rethrow=0 return_oop=0}
                      ; - java.util.concurrent.ThreadPoolExecutor::runWorker@26 (line 1076)
  0x00000213baf89bb8: 6419 90ff 

  0x00000213baf89bbc: ;   {post_call_nop}
  0x00000213baf89bbc: 0f1f 8400 | 3405 0001 

  0x00000213baf89bc4: ;   {metadata(method data for {method} {0x00000213d02787b0} 'runWorker' '(Ljava/util/concurrent/ThreadPoolExecutor$Worker;)V' in 'java/util/concurrent/ThreadPoolExecutor')}
  0x00000213baf89bc4: 4885 c049 | b868 a758 | d313 0200 | 00ba 6801 | 0000 7405 | ba78 0100 | 0049 8b34 | 1048 8d76 
  0x00000213baf89be4: 0149 8934 | 100f 8459 | 0d00 0048 | 8bf8 4889 | bc24 b000 | 0000 4c8b | 8424 a000 

  0x00000213baf89c00: ;   {metadata(method data for {method} {0x00000213d02787b0} 'runWorker' '(Ljava/util/concurrent/ThreadPoolExecutor$Worker;)V' in 'java/util/concurrent/ThreadPoolExecutor')}
  0x00000213baf89c00: 0000 48be | 68a7 58d3 | 1302 0000 | 458b 4008 | 41ba 0000 | 0029 4d03 | c24c 3b86 | 9001 0000 
  0x00000213baf89c20: 750d 4883 | 8698 0100 | 0001 e960 | 0000 004c | 3b86 a001 | 0000 750d | 4883 86a8 | 0100 0001 
  0x00000213baf89c40: e94a 0000 | 0048 83be | 9001 0000 | 0075 174c | 8986 9001 | 0000 48c7 | 8698 0100 | 0001 0000 
  0x00000213baf89c60: 00e9 2900 | 0000 4883 | bea0 0100 | 0000 7517 | 4c89 86a0 | 0100 0048 | c786 a801 | 0000 0100 
  0x00000213baf89c80: 0000 e908 | 0000 0048 | 8386 8801 

  0x00000213baf89c8c: ;   {metadata(method data for {method} {0x00000213d03eb7a0} 'lock' '()V' in 'java/util/concurrent/ThreadPoolExecutor$Worker')}
  0x00000213baf89c8c: 0000 0149 | b880 7051 | d213 0200 | 0041 8bb0 | 9000 0000 | 83c6 0241 | 89b0 9000 | 0000 81e6 
  0x00000213baf89cac: feff 1f00 | 85f6 0f84 | b212 0000 | 4c8b 8424 | a000 0000 

  0x00000213baf89cc0: ;   {metadata(method data for {method} {0x00000213d03eb7a0} 'lock' '()V' in 'java/util/concurrent/ThreadPoolExecutor$Worker')}
  0x00000213baf89cc0: 48be 8070 | 51d2 1302 | 0000 458b | 4008 41ba | 0000 0029 | 4d03 c24c | 3b86 e000 | 0000 750d 
  0x00000213baf89ce0: 4883 86e8 | 0000 0001 | e960 0000 | 004c 3b86 | f000 0000 | 750d 4883 | 86f8 0000 | 0001 e94a 
  0x00000213baf89d00: 0000 0048 | 83be e000 | 0000 0075 | 174c 8986 | e000 0000 | 48c7 86e8 | 0000 0001 | 0000 00e9 
  0x00000213baf89d20: 2900 0000 | 4883 bef0 | 0000 0000 | 7517 4c89 | 86f0 0000 | 0048 c786 | f800 0000 | 0100 0000 
  0x00000213baf89d40: e908 0000 | 0048 8386 | d800 0000 | 0141 b801 | 0000 0048 | 8b94 24a0 | 0000 000f 

  0x00000213baf89d5c: ;   {optimized virtual_call}
  0x00000213baf89d5c: 1f40 00e8 

  0x00000213baf89d60: ; ImmutableOopMap {[152]=Oop [160]=Oop [168]=Oop [176]=Oop }
                      ;*invokevirtual acquire {reexecute=0 rethrow=0 return_oop=0}
                      ; - java.util.concurrent.ThreadPoolExecutor$Worker::lock@2 (line 640)
                      ; - java.util.concurrent.ThreadPoolExecutor::runWorker@35 (line 1077)
  0x00000213baf89d60: bcc3 7bff 

  0x00000213baf89d64: ;   {post_call_nop}
  0x00000213baf89d64: 0f1f 8400 | dc06 0002 | 488b 9424 | 9800 0000 | 8b72 2c48 | 3b06 488b 

  0x00000213baf89d7c: ;   {metadata(method data for {method} {0x00000213d02787b0} 'runWorker' '(Ljava/util/concurrent/ThreadPoolExecutor$Worker;)V' in 'java/util/concurrent/ThreadPoolExecutor')}
  0x00000213baf89d7c: fe48 bb68 | a758 d313 | 0200 008b | 7f08 41ba | 0000 0029 | 4903 fa48 | 3bbb c001 | 0000 750d 
  0x00000213baf89d9c: 4883 83c8 | 0100 0001 | e960 0000 | 0048 3bbb | d001 0000 | 750d 4883 | 83d8 0100 | 0001 e94a 
  0x00000213baf89dbc: 0000 0048 | 83bb c001 | 0000 0075 | 1748 89bb | c001 0000 | 48c7 83c8 | 0100 0001 | 0000 00e9 
  0x00000213baf89ddc: 2900 0000 | 4883 bbd0 | 0100 0000 | 7517 4889 | bbd0 0100 | 0048 c783 | d801 0000 | 0100 0000 
  0x00000213baf89dfc: e908 0000 | 0048 8383 | b801 0000 | 018b 760c 

  0x00000213baf89e0c: ;   {metadata(method data for {method} {0x00000213d02787b0} 'runWorker' '(Ljava/util/concurrent/ThreadPoolExecutor$Worker;)V' in 'java/util/concurrent/ThreadPoolExecutor')}
  0x00000213baf89e0c: 48bf 68a7 | 58d3 1302 | 0000 4883 | 87e8 0100 

  0x00000213baf89e1c: ;   {metadata(method data for {method} {0x00000213d02771d8} 'runStateAtLeast' '(II)Z' in 'java/util/concurrent/ThreadPoolExecutor')}
  0x00000213baf89e1c: 0001 48bf | c06e d4d0 | 1302 0000 | 8b9f 9000 | 0000 83c3 | 0289 9f90 | 0000 0081 | e3fe ff1f 
  0x00000213baf89e3c: 0085 db0f | 844b 1100 | 0081 fe00 

  0x00000213baf89e48: ;   {metadata(method data for {method} {0x00000213d02771d8} 'runStateAtLeast' '(II)Z' in 'java/util/concurrent/ThreadPoolExecutor')}
  0x00000213baf89e48: 0000 2048 | bec0 6ed4 | d013 0200 | 00bf d800 | 0000 7c05 | bfe8 0000 | 0048 8b1c | 3e48 8d5b 
  0x00000213baf89e68: 0148 891c | 3e0f 8c1a 

  0x00000213baf89e70: ;   {metadata(method data for {method} {0x00000213d02771d8} 'runStateAtLeast' '(II)Z' in 'java/util/concurrent/ThreadPoolExecutor')}
  0x00000213baf89e70: 0000 0048 | bec0 6ed4 | d013 0200 | 00ff 86f8 | 0000 00be | 0100 0000 | e905 0000 | 00be 0000 
  0x00000213baf89e90: 0000 83e6 

  0x00000213baf89e94: ;   {metadata(method data for {method} {0x00000213d02787b0} 'runWorker' '(Ljava/util/concurrent/ThreadPoolExecutor$Worker;)V' in 'java/util/concurrent/ThreadPoolExecutor')}
  0x00000213baf89e94: 0185 f648 | be68 a758 | d313 0200 | 00bf f801 | 0000 7505 | bf08 0200 | 0048 8b1c | 3e48 8d5b 
  0x00000213baf89eb4: 0148 891c | 3e0f 85ff 

  0x00000213baf89ebc: ;   {metadata(method data for {method} {0x00000213d02787b0} 'runWorker' '(Ljava/util/concurrent/ThreadPoolExecutor$Worker;)V' in 'java/util/concurrent/ThreadPoolExecutor')}
  0x00000213baf89ebc: 0200 0048 | be68 a758 | d313 0200 | 0048 8386 | 1802 0000 

  0x00000213baf89ed0: ;   {metadata(method data for {method} {0x00000000294a3658} 'interrupted' '()Z' in 'java/lang/Thread')}
  0x00000213baf89ed0: 0148 bee8 | 70d4 d013 | 0200 008b | be90 0000 | 0083 c702 | 89be 9000 | 0000 81e7 | feff 1f00 
  0x00000213baf89ef0: 85ff 0f84 | b910 0000 

  0x00000213baf89ef8: ;   {metadata(method data for {method} {0x00000000294a3658} 'interrupted' '()Z' in 'java/lang/Thread')}
  0x00000213baf89ef8: 48be e870 | d4d0 1302 | 0000 4883 | 86d8 0000 | 0001 498b | b710 0400 | 0048 8b36 

  0x00000213baf89f14: ; implicit exception: dispatches to 0x00000213baf8afd2
  0x00000213baf89f14: 483b 0648 

  0x00000213baf89f18: ;   {metadata(method data for {method} {0x00000000294a3658} 'interrupted' '()Z' in 'java/lang/Thread')}
  0x00000213baf89f18: 8bfe 48bb | e870 d4d0 | 1302 0000 | 8b7f 0841 | ba00 0000 | 2949 03fa | 483b bbf0 | 0000 0075 
  0x00000213baf89f38: 0d48 8383 | f800 0000 | 01e9 6000 | 0000 483b | bb00 0100 | 0075 0d48 | 8383 0801 | 0000 01e9 
  0x00000213baf89f58: 4a00 0000 | 4883 bbf0 | 0000 0000 | 7517 4889 | bbf0 0000 | 0048 c783 | f800 0000 | 0100 0000 
  0x00000213baf89f78: e929 0000 | 0048 83bb | 0001 0000 | 0075 1748 | 89bb 0001 | 0000 48c7 | 8308 0100 | 0001 0000 
  0x00000213baf89f98: 00e9 0800 | 0000 4883 | 83e8 0000 

  0x00000213baf89fa4: ;   {metadata(method data for {method} {0x0000000029191170} 'getAndClearInterrupt' '()Z' in 'java/lang/Thread')}
  0x00000213baf89fa4: 0001 48bf | 3872 d4d0 | 1302 0000 | 8b9f 9000 | 0000 83c3 | 0289 9f90 | 0000 0081 | e3fe ff1f 
  0x00000213baf89fc4: 0085 db0f | 840a 1000 | 000f be7e 

  0x00000213baf89fd0: ;   {metadata(method data for {method} {0x0000000029191170} 'getAndClearInterrupt' '()Z' in 'java/lang/Thread')}
  0x00000213baf89fd0: 3a85 ff48 | bb38 72d4 | d013 0200 | 00b8 d800 | 0000 7405 | b8e8 0000 | 0048 8b0c | 0348 8d49 
  0x00000213baf89ff0: 0148 890c | 030f 8440 | 0000 0089 | bc24 b800 | 0000 bb00 | 0000 0088 | 5e3a f083 | 4424 c000 
  0x00000213baf8a010: ;   {metadata(method data for {method} {0x0000000029191170} 'getAndClearInterrupt' '()Z' in 'java/lang/Thread')}
  0x00000213baf8a010: 48be 3872 | d4d0 1302 | 0000 4883 | 86f8 0000 | 0001 0f1f 

  0x00000213baf8a024: ;   {static_call}
  0x00000213baf8a024: 4400 00e8 

  0x00000213baf8a028: ; ImmutableOopMap {[152]=Oop [160]=Oop [168]=Oop [176]=Oop }
                      ;*invokestatic clearInterruptEvent {reexecute=0 rethrow=0 return_oop=0}
                      ; - java.lang.Thread::getAndClearInterrupt@14 (line 1663)
                      ; - java.lang.Thread::interrupted@3 (line 1625)
                      ; - java.util.concurrent.ThreadPoolExecutor::runWorker@53 (line 1083)
  0x00000213baf8a028: b453 a306 

  0x00000213baf8a02c: ;   {post_call_nop}
  0x00000213baf8a02c: 0f1f 8400 | a409 0003 | 8bbc 24b8 | 0000 0083 | e701 83e7 

  0x00000213baf8a040: ;   {metadata(method data for {method} {0x00000213d02787b0} 'runWorker' '(Ljava/util/concurrent/ThreadPoolExecutor$Worker;)V' in 'java/util/concurrent/ThreadPoolExecutor')}
  0x00000213baf8a040: 0185 ff48 | ba68 a758 | d313 0200 | 00be 2802 | 0000 7405 | be38 0200 | 0048 8b3c | 3248 8d7f 
  0x00000213baf8a060: 0148 893c | 320f 84c1 | 0200 0048 | 8b94 2498 | 0000 008b | 722c 483b | 0648 8bfe 

  0x00000213baf8a07c: ;   {metadata(method data for {method} {0x00000213d02787b0} 'runWorker' '(Ljava/util/concurrent/ThreadPoolExecutor$Worker;)V' in 'java/util/concurrent/ThreadPoolExecutor')}
  0x00000213baf8a07c: 48bb 68a7 | 58d3 1302 | 0000 8b7f | 0841 ba00 | 0000 2949 | 03fa 483b | bb50 0200 | 0075 0d48 
  0x00000213baf8a09c: 8383 5802 | 0000 01e9 | 6000 0000 | 483b bb60 | 0200 0075 | 0d48 8383 | 6802 0000 | 01e9 4a00 
  0x00000213baf8a0bc: 0000 4883 | bb50 0200 | 0000 7517 | 4889 bb50 | 0200 0048 | c783 5802 | 0000 0100 | 0000 e929 
  0x00000213baf8a0dc: 0000 0048 | 83bb 6002 | 0000 0075 | 1748 89bb | 6002 0000 | 48c7 8368 | 0200 0001 | 0000 00e9 
  0x00000213baf8a0fc: 0800 0000 | 4883 8348 | 0200 0001 

  0x00000213baf8a108: ;   {metadata(method data for {method} {0x00000213d02787b0} 'runWorker' '(Ljava/util/concurrent/ThreadPoolExecutor$Worker;)V' in 'java/util/concurrent/ThreadPoolExecutor')}
  0x00000213baf8a108: 8b76 0c48 | bf68 a758 | d313 0200 | 0048 8387 | 7802 0000 

  0x00000213baf8a11c: ;   {metadata(method data for {method} {0x00000213d02771d8} 'runStateAtLeast' '(II)Z' in 'java/util/concurrent/ThreadPoolExecutor')}
  0x00000213baf8a11c: 0148 bfc0 | 6ed4 d013 | 0200 008b | 9f90 0000 | 0083 c302 | 899f 9000 | 0000 81e3 | feff 1f00 
  0x00000213baf8a13c: 85db 0f84 | b90e 0000 | 81fe 0000 

  0x00000213baf8a148: ;   {metadata(method data for {method} {0x00000213d02771d8} 'runStateAtLeast' '(II)Z' in 'java/util/concurrent/ThreadPoolExecutor')}
  0x00000213baf8a148: 0020 48be | c06e d4d0 | 1302 0000 | bfd8 0000 | 007c 05bf | e800 0000 | 488b 1c3e | 488d 5b01 
  0x00000213baf8a168: 4889 1c3e | 0f8c 1a00 

  0x00000213baf8a170: ;   {metadata(method data for {method} {0x00000213d02771d8} 'runStateAtLeast' '(II)Z' in 'java/util/concurrent/ThreadPoolExecutor')}
  0x00000213baf8a170: 0000 48be | c06e d4d0 | 1302 0000 | ff86 f800 | 0000 be01 | 0000 00e9 | 0500 0000 | be00 0000 
  0x00000213baf8a190: 0083 e601 

  0x00000213baf8a194: ;   {metadata(method data for {method} {0x00000213d02787b0} 'runWorker' '(Ljava/util/concurrent/ThreadPoolExecutor$Worker;)V' in 'java/util/concurrent/ThreadPoolExecutor')}
  0x00000213baf8a194: 85f6 48be | 68a7 58d3 | 1302 0000 | bf88 0200 | 0074 05bf | 9802 0000 | 488b 1c3e | 488d 5b01 
  0x00000213baf8a1b4: 4889 1c3e | 0f84 6e01 | 0000 488b | b424 a800 | 0000 483b | 0648 8bfe 

  0x00000213baf8a1cc: ;   {metadata(method data for {method} {0x00000213d02787b0} 'runWorker' '(Ljava/util/concurrent/ThreadPoolExecutor$Worker;)V' in 'java/util/concurrent/ThreadPoolExecutor')}
  0x00000213baf8a1cc: 48bb 68a7 | 58d3 1302 | 0000 8b7f | 0841 ba00 | 0000 2949 | 03fa 483b | bbb0 0200 | 0075 0d48 
  0x00000213baf8a1ec: 8383 b802 | 0000 01e9 | 6000 0000 | 483b bbc0 | 0200 0075 | 0d48 8383 | c802 0000 | 01e9 4a00 
  0x00000213baf8a20c: 0000 4883 | bbb0 0200 | 0000 7517 | 4889 bbb0 | 0200 0048 | c783 b802 | 0000 0100 | 0000 e929 
  0x00000213baf8a22c: 0000 0048 | 83bb c002 | 0000 0075 | 1748 89bb | c002 0000 | 48c7 83c8 | 0200 0001 | 0000 00e9 
  0x00000213baf8a24c: 0800 0000 | 4883 83a8 | 0200 0001 | 0fbe 7e3a | 83e7 0185 

  0x00000213baf8a260: ;   {metadata(method data for {method} {0x00000213d02787b0} 'runWorker' '(Ljava/util/concurrent/ThreadPoolExecutor$Worker;)V' in 'java/util/concurrent/ThreadPoolExecutor')}
  0x00000213baf8a260: ff48 bf68 | a758 d313 | 0200 00bb | d802 0000 | 7505 bbe8 | 0200 0048 | 8b04 1f48 | 8d40 0148 
  0x00000213baf8a280: 8904 1f0f | 85a3 0000 | 0048 8bfe 

  0x00000213baf8a28c: ;   {metadata(method data for {method} {0x00000213d02787b0} 'runWorker' '(Ljava/util/concurrent/ThreadPoolExecutor$Worker;)V' in 'java/util/concurrent/ThreadPoolExecutor')}
  0x00000213baf8a28c: 48bb 68a7 | 58d3 1302 | 0000 8b7f | 0841 ba00 | 0000 2949 | 03fa 483b | bb00 0300 | 0075 0d48 
  0x00000213baf8a2ac: 8383 0803 | 0000 01e9 | 6000 0000 | 483b bb10 | 0300 0075 | 0d48 8383 | 1803 0000 | 01e9 4a00 
  0x00000213baf8a2cc: 0000 4883 | bb00 0300 | 0000 7517 | 4889 bb00 | 0300 0048 | c783 0803 | 0000 0100 | 0000 e929 
  0x00000213baf8a2ec: 0000 0048 | 83bb 1003 | 0000 0075 | 1748 89bb | 1003 0000 | 48c7 8318 | 0300 0001 | 0000 00e9 
  0x00000213baf8a30c: 0800 0000 | 4883 83f8 | 0200 0001 | 488b d60f 

  0x00000213baf8a31c: ;   {optimized virtual_call}
  0x00000213baf8a31c: 1f40 00e8 

  0x00000213baf8a320: ; ImmutableOopMap {[152]=Oop [160]=Oop [168]=Oop [176]=Oop }
                      ;*invokevirtual interrupt {reexecute=0 rethrow=0 return_oop=0}
                      ; - java.util.concurrent.ThreadPoolExecutor::runWorker@82 (line 1086)
  0x00000213baf8a320: bc4a a306 

  0x00000213baf8a324: ;   {post_call_nop}
  0x00000213baf8a324: 0f1f 8400 | 9c0c 0004 | 488b 9424 | 9800 0000 

  0x00000213baf8a334: ;   {metadata(method data for {method} {0x00000213d02787b0} 'runWorker' '(Ljava/util/concurrent/ThreadPoolExecutor$Worker;)V' in 'java/util/concurrent/ThreadPoolExecutor')}
  0x00000213baf8a334: 49b8 68a7 | 58d3 1302 | 0000 8b52 | 0841 ba00 | 0000 2949 | 03d2 493b | 9030 0300 | 0075 0d49 
  0x00000213baf8a354: 8380 3803 | 0000 01e9 | 6000 0000 | 493b 9040 | 0300 0075 | 0d49 8380 | 4803 0000 | 01e9 4a00 
  0x00000213baf8a374: 0000 4983 | b830 0300 | 0000 7517 | 4989 9030 | 0300 0049 | c780 3803 | 0000 0100 | 0000 e929 
  0x00000213baf8a394: 0000 0049 | 83b8 4003 | 0000 0075 | 1749 8990 | 4003 0000 | 49c7 8048 | 0300 0001 | 0000 00e9 
  0x00000213baf8a3b4: 0800 0000 | 4983 8028 | 0300 0001 | 4c8b 8424 | a800 0000 | 4c8b 8c24 | b000 0000 | 488b 9424 
  0x00000213baf8a3d4: 9800 0000 | 0f1f 4400 | 0048 b8b0 | 17bb d713 

  0x00000213baf8a3e4: ;   {virtual_call}
  0x00000213baf8a3e4: 0200 00e8 

  0x00000213baf8a3e8: ; ImmutableOopMap {[152]=Oop [160]=Oop [168]=Oop [176]=Oop }
                      ;*invokevirtual beforeExecute {reexecute=0 rethrow=0 return_oop=0}
                      ; - java.util.concurrent.ThreadPoolExecutor::runWorker@88 (line 1088)
  0x00000213baf8a3e8: 16b1 4707 

  0x00000213baf8a3ec: ;   {post_call_nop}
  0x00000213baf8a3ec: 0f1f 8400 | 640d 0005 | 488b bc24 | b000 0000 

  0x00000213baf8a3fc: ; implicit exception: dispatches to 0x00000213baf8b023
  0x00000213baf8a3fc: 483b 0748 

  0x00000213baf8a400: ;   {metadata(method data for {method} {0x00000213d02787b0} 'runWorker' '(Ljava/util/concurrent/ThreadPoolExecutor$Worker;)V' in 'java/util/concurrent/ThreadPoolExecutor')}
  0x00000213baf8a400: 8bd7 48be | 68a7 58d3 | 1302 0000 | 8b52 0841 | ba00 0000 | 2949 03d2 | 483b 9660 | 0300 0075 
  0x00000213baf8a420: 0d48 8386 | 6803 0000 | 01e9 6000 | 0000 483b | 9670 0300 | 0075 0d48 | 8386 7803 | 0000 01e9 
  0x00000213baf8a440: 4a00 0000 | 4883 be60 | 0300 0000 | 7517 4889 | 9660 0300 | 0048 c786 | 6803 0000 | 0100 0000 
  0x00000213baf8a460: e929 0000 | 0048 83be | 7003 0000 | 0075 1748 | 8996 7003 | 0000 48c7 | 8678 0300 | 0001 0000 
  0x00000213baf8a480: 00e9 0800 | 0000 4883 | 8658 0300 | 0001 488b | d748 89bc | 24b0 0000 | 000f 1f40 | 0048 b8d8 
  0x00000213baf8a4a0: 17bb d713 

  0x00000213baf8a4a4: ;   {virtual_call}
  0x00000213baf8a4a4: 0200 00e8 

  0x00000213baf8a4a8: ; ImmutableOopMap {[152]=Oop [160]=Oop [168]=Oop [176]=Oop }
                      ;*invokeinterface run {reexecute=0 rethrow=0 return_oop=0}
                      ; - java.util.concurrent.ThreadPoolExecutor::runWorker@92 (line 1090)
  0x00000213baf8a4a8: 4ca3 c306 

  0x00000213baf8a4ac: ;   {post_call_nop}
  0x00000213baf8a4ac: 0f1f 8400 | 240e 0006 | 488b 9424 | 9800 0000 

  0x00000213baf8a4bc: ;   {metadata(method data for {method} {0x00000213d02787b0} 'runWorker' '(Ljava/util/concurrent/ThreadPoolExecutor$Worker;)V' in 'java/util/concurrent/ThreadPoolExecutor')}
  0x00000213baf8a4bc: 49b8 68a7 | 58d3 1302 | 0000 8b52 | 0841 ba00 | 0000 2949 | 03d2 493b | 9090 0300 | 0075 0d49 
  0x00000213baf8a4dc: 8380 9803 | 0000 01e9 | 6000 0000 | 493b 90a0 | 0300 0075 | 0d49 8380 | a803 0000 | 01e9 4a00 
  0x00000213baf8a4fc: 0000 4983 | b890 0300 | 0000 7517 | 4989 9090 | 0300 0049 | c780 9803 | 0000 0100 | 0000 e929 
  0x00000213baf8a51c: 0000 0049 | 83b8 a003 | 0000 0075 | 1749 8990 | a003 0000 | 49c7 80a8 | 0300 0001 | 0000 00e9 
  0x00000213baf8a53c: 0800 0000 | 4983 8088 | 0300 0001 | 4c8b 8424 | b000 0000 

  0x00000213baf8a550: ;   {oop(nullptr)}
  0x00000213baf8a550: 49b9 0000 | 0000 0000 | 0000 488b | 9424 9800 | 0000 6666 | 9048 b800 | 18bb d713 

  0x00000213baf8a56c: ;   {virtual_call}
  0x00000213baf8a56c: 0200 00e8 

  0x00000213baf8a570: ; ImmutableOopMap {[152]=Oop [160]=Oop [168]=Oop [176]=Oop }
                      ;*invokevirtual afterExecute {reexecute=0 rethrow=0 return_oop=0}
                      ; - java.util.concurrent.ThreadPoolExecutor::runWorker@100 (line 1091)
  0x00000213baf8a570: 8eb5 4707 

  0x00000213baf8a574: ;   {post_call_nop}
  0x00000213baf8a574: 0f1f 8400 | ec0e 0007 

  0x00000213baf8a57c: ;   {metadata(method data for {method} {0x00000213d02787b0} 'runWorker' '(Ljava/util/concurrent/ThreadPoolExecutor$Worker;)V' in 'java/util/concurrent/ThreadPoolExecutor')}
  0x00000213baf8a57c: 48ba 68a7 | 58d3 1302 | 0000 ff82 | b803 0000 | 4c8b 8424 | a000 0000 | c4c1 7b10 | 4020 c4e1 
  0x00000213baf8a59c: f97e c241 | ba01 0000 | 0049 03d2 | 4889 9424 | c000 0000 | c5fb 1084 | 24c0 0000 | 00c4 c17b 
  0x00000213baf8a5bc: 1140 20f0 | 8344 24c0 | 0049 8bd0 

  0x00000213baf8a5c8: ;   {metadata(method data for {method} {0x00000213d02787b0} 'runWorker' '(Ljava/util/concurrent/ThreadPoolExecutor$Worker;)V' in 'java/util/concurrent/ThreadPoolExecutor')}
  0x00000213baf8a5c8: 48be 68a7 | 58d3 1302 | 0000 8b52 | 0841 ba00 | 0000 2949 | 03d2 483b | 9608 0400 | 0075 0d48 
  0x00000213baf8a5e8: 8386 1004 | 0000 01e9 | 6000 0000 | 483b 9618 | 0400 0075 | 0d48 8386 | 2004 0000 | 01e9 4a00 
  0x00000213baf8a608: 0000 4883 | be08 0400 | 0000 7517 | 4889 9608 | 0400 0048 | c786 1004 | 0000 0100 | 0000 e929 
  0x00000213baf8a628: 0000 0048 | 83be 1804 | 0000 0075 | 1748 8996 | 1804 0000 | 48c7 8620 | 0400 0001 | 0000 00e9 
  0x00000213baf8a648: 0800 0000 | 4883 8600 | 0400 0001 

  0x00000213baf8a654: ;   {metadata(method data for {method} {0x00000213d03eb900} 'unlock' '()V' in 'java/util/concurrent/ThreadPoolExecutor$Worker')}
  0x00000213baf8a654: 48ba 583f | bfd1 1302 | 0000 8bb2 | 9000 0000 | 83c6 0289 | b290 0000 | 0081 e6fe | ff1f 0085 
  0x00000213baf8a674: f60f 84ad | 0900 0049 

  0x00000213baf8a67c: ;   {metadata(method data for {method} {0x00000213d03eb900} 'unlock' '()V' in 'java/util/concurrent/ThreadPoolExecutor$Worker')}
  0x00000213baf8a67c: 8bd0 48be | 583f bfd1 | 1302 0000 | 8b52 0841 | ba00 0000 | 2949 03d2 | 483b 96e0 | 0000 0075 
  0x00000213baf8a69c: 0d48 8386 | e800 0000 | 01e9 6000 | 0000 483b | 96f0 0000 | 0075 0d48 | 8386 f800 | 0000 01e9 
  0x00000213baf8a6bc: 4a00 0000 | 4883 bee0 | 0000 0000 | 7517 4889 | 96e0 0000 | 0048 c786 | e800 0000 | 0100 0000 
  0x00000213baf8a6dc: e929 0000 | 0048 83be | f000 0000 | 0075 1748 | 8996 f000 | 0000 48c7 | 86f8 0000 | 0001 0000 
  0x00000213baf8a6fc: 00e9 0800 | 0000 4883 | 86d8 0000 

  0x00000213baf8a708: ;   {metadata(method data for {method} {0x00000000292d24b8} 'release' '(I)Z' in 'java/util/concurrent/locks/AbstractQueuedSynchronizer')}
  0x00000213baf8a708: 0001 48ba | 2877 22d0 | 1302 0000 | 8bb2 9000 | 0000 83c6 | 0289 b290 | 0000 0081 | e6fe ff1f 
  0x00000213baf8a728: 0085 f60f | 8418 0900 | 0049 8bd0 

  0x00000213baf8a734: ;   {metadata(method data for {method} {0x00000000292d24b8} 'release' '(I)Z' in 'java/util/concurrent/locks/AbstractQueuedSynchronizer')}
  0x00000213baf8a734: 48be 2877 | 22d0 1302 | 0000 4883 | 86f8 0000 

  0x00000213baf8a744: ;   {metadata(method data for {method} {0x00000213d03eb6f0} 'tryRelease' '(I)Z' in 'java/util/concurrent/ThreadPoolExecutor$Worker')}
  0x00000213baf8a744: 0001 48ba | a040 bfd1 | 1302 0000 | 8bb2 9000 | 0000 83c6 | 0289 b290 | 0000 0081 | e6fe ff1f 
  0x00000213baf8a764: 0085 f60f | 84fd 0800 | 0049 8bd0 

  0x00000213baf8a770: ;   {metadata(method data for {method} {0x00000213d03eb6f0} 'tryRelease' '(I)Z' in 'java/util/concurrent/ThreadPoolExecutor$Worker')}
  0x00000213baf8a770: 48be a040 | bfd1 1302 | 0000 8b52 | 0841 ba00 | 0000 2949 | 03d2 483b | 96e0 0000 | 0075 0d48 
  0x00000213baf8a790: 8386 e800 | 0000 01e9 | 6000 0000 | 483b 96f0 | 0000 0075 | 0d48 8386 | f800 0000 | 01e9 4a00 
  0x00000213baf8a7b0: 0000 4883 | bee0 0000 | 0000 7517 | 4889 96e0 | 0000 0048 | c786 e800 | 0000 0100 | 0000 e929 
  0x00000213baf8a7d0: 0000 0048 | 83be f000 | 0000 0075 | 1748 8996 | f000 0000 | 48c7 86f8 | 0000 0001 | 0000 00e9 
  0x00000213baf8a7f0: 0800 0000 | 4883 86d8 | 0000 0001 | 410f be57 | 4885 d20f | 8582 0800 | 0041 c740 | 0c00 0000 
  0x00000213baf8a810: 0049 8bd0 

  0x00000213baf8a814: ;   {metadata(method data for {method} {0x00000213d03eb6f0} 'tryRelease' '(I)Z' in 'java/util/concurrent/ThreadPoolExecutor$Worker')}
  0x00000213baf8a814: 48be a040 | bfd1 1302 | 0000 8b52 | 0841 ba00 | 0000 2949 | 03d2 483b | 9610 0100 | 0075 0d48 
  0x00000213baf8a834: 8386 1801 | 0000 01e9 | 6000 0000 | 483b 9620 | 0100 0075 | 0d48 8386 | 2801 0000 | 01e9 4a00 
  0x00000213baf8a854: 0000 4883 | be10 0100 | 0000 7517 | 4889 9610 | 0100 0048 | c786 1801 | 0000 0100 | 0000 e929 
  0x00000213baf8a874: 0000 0048 | 83be 2001 | 0000 0075 | 1748 8996 | 2001 0000 | 48c7 8628 | 0100 0001 | 0000 00e9 
  0x00000213baf8a894: 0800 0000 | 4883 8608 | 0100 0001 | ba00 0000 | 0041 8950 | 18f0 8344 

  0x00000213baf8a8ac: ;   {metadata(method data for {method} {0x00000000292d24b8} 'release' '(I)Z' in 'java/util/concurrent/locks/AbstractQueuedSynchronizer')}
  0x00000213baf8a8ac: 24c0 0048 | ba28 7722 | d013 0200 | 00ff 8218 | 0100 0041 

  0x00000213baf8a8c0: ;   {metadata(method data for {method} {0x00000000292d24b8} 'release' '(I)Z' in 'java/util/concurrent/locks/AbstractQueuedSynchronizer')}
  0x00000213baf8a8c0: 8b50 1048 | be28 7722 | d013 0200 | 0048 8386 | 2801 0000 

  0x00000213baf8a8d4: ;   {static_call}
  0x00000213baf8a8d4: 0166 90e8 

  0x00000213baf8a8d8: ; ImmutableOopMap {[152]=Oop [160]=Oop [168]=Oop }
                      ;*invokestatic signalNext {reexecute=0 rethrow=0 return_oop=0}
                      ; - java.util.concurrent.locks.AbstractQueuedSynchronizer::release@12 (line 1100)
                      ; - java.util.concurrent.ThreadPoolExecutor$Worker::unlock@2 (line 642)
                      ; - java.util.concurrent.ThreadPoolExecutor::runWorker@131 (line 1099)
  0x00000213baf8a8d8: 2481 4407 

  0x00000213baf8a8dc: ;   {post_call_nop}
  0x00000213baf8a8dc: 0f1f 8400 | 5412 0008 

  0x00000213baf8a8e4: ;   {metadata(method data for {method} {0x00000213d02787b0} 'runWorker' '(Ljava/util/concurrent/ThreadPoolExecutor$Worker;)V' in 'java/util/concurrent/ThreadPoolExecutor')}
  0x00000213baf8a8e4: 49b8 68a7 | 58d3 1302 | 0000 41ff | 8030 0400 

  0x00000213baf8a8f4: ;   {metadata(method data for {method} {0x00000213d02787b0} 'runWorker' '(Ljava/util/concurrent/ThreadPoolExecutor$Worker;)V' in 'java/util/concurrent/ThreadPoolExecutor')}
  0x00000213baf8a8f4: 0049 b868 | a758 d313 | 0200 0045 | 8b88 9400 | 0000 4183 | c102 4589 | 8894 0000 | 0041 81e1 
  0x00000213baf8a914: fe3f 0000 | 4585 c90f | 8486 0700 | 004d 8b57 

  0x00000213baf8a924: ; ImmutableOopMap {[152]=Oop [160]=Oop [168]=Oop }
                      ;*goto {reexecute=1 rethrow=0 return_oop=0}
                      ; - (reexecute) java.util.concurrent.ThreadPoolExecutor::runWorker@158 (line 1100)
                      ;   {poll}
  0x00000213baf8a924: 3041 8502 

  0x00000213baf8a928: ;   {metadata(method data for {method} {0x00000213d02787b0} 'runWorker' '(Ljava/util/concurrent/ThreadPoolExecutor$Worker;)V' in 'java/util/concurrent/ThreadPoolExecutor')}
  0x00000213baf8a928: 49b8 68a7 | 58d3 1302 | 0000 41ff | 8078 0400 

  0x00000213baf8a938: ;   {oop(nullptr)}
  0x00000213baf8a938: 0048 bf00 | 0000 0000 | 0000 00e9 | 20f2 ffff | 488b 9424 | 9800 0000 

  0x00000213baf8a950: ;   {metadata(method data for {method} {0x00000213d02787b0} 'runWorker' '(Ljava/util/concurrent/ThreadPoolExecutor$Worker;)V' in 'java/util/concurrent/ThreadPoolExecutor')}
  0x00000213baf8a950: 49b8 68a7 | 58d3 1302 | 0000 4983 | 8090 0400 | 0001 4c8b | 8424 a000 | 0000 41b9 | 0000 0000 
  0x00000213baf8a970: 488b 9424 | 9800 0000 | 0f1f 8000 

  0x00000213baf8a97c: ;   {optimized virtual_call}
  0x00000213baf8a97c: 0000 00e8 

  0x00000213baf8a980: ; ImmutableOopMap {}
                      ;*invokevirtual processWorkerExit {reexecute=0 rethrow=0 return_oop=0}
                      ; - java.util.concurrent.ThreadPoolExecutor::runWorker@168 (line 1104)
  0x00000213baf8a980: 9608 0000 

  0x00000213baf8a984: ;   {post_call_nop}
  0x00000213baf8a984: 0f1f 8400 | fc12 000a 

  0x00000213baf8a98c: ;   {metadata(method data for {method} {0x00000213d02787b0} 'runWorker' '(Ljava/util/concurrent/ThreadPoolExecutor$Worker;)V' in 'java/util/concurrent/ThreadPoolExecutor')}
  0x00000213baf8a98c: 48b8 68a7 | 58d3 1302 | 0000 ff80 | c004 0000 | 4881 c4f0 | 0000 005d 

  0x00000213baf8a9a4: ;   {poll_return}
  0x00000213baf8a9a4: 493b 6728 | 0f87 1a07 | 0000 c349 | 8b87 8805 | 0000 4d33 | d24d 8997 | 8805 0000 | 4d33 d24d 
  0x00000213baf8a9c4: 8997 9005 | 0000 488b | 9424 9800 

  0x00000213baf8a9d0: ;   {metadata(method data for {method} {0x00000213d02787b0} 'runWorker' '(Ljava/util/concurrent/ThreadPoolExecutor$Worker;)V' in 'java/util/concurrent/ThreadPoolExecutor')}
  0x00000213baf8a9d0: 0000 49b8 | 68a7 58d3 | 1302 0000 | 8b52 0841 | ba00 0000 | 2949 03d2 | 493b 90d8 | 0300 0075 
  0x00000213baf8a9f0: 0d49 8380 | e003 0000 | 01e9 6000 | 0000 493b | 90e8 0300 | 0075 0d49 | 8380 f003 | 0000 01e9 
  0x00000213baf8aa10: 4a00 0000 | 4983 b8d8 | 0300 0000 | 7517 4989 | 90d8 0300 | 0049 c780 | e003 0000 | 0100 0000 
  0x00000213baf8aa30: e929 0000 | 0049 83b8 | e803 0000 | 0075 1749 | 8990 e803 | 0000 49c7 | 80f0 0300 | 0001 0000 
  0x00000213baf8aa50: 00e9 0800 | 0000 4983 | 80d0 0300 | 0001 4c8b | c74c 8bc8 | 488b 9424 | 9800 0000 | 4889 8424 
  0x00000213baf8aa70: c800 0000 | 9048 b828 | 18bb d713 

  0x00000213baf8aa7c: ;   {virtual_call}
  0x00000213baf8aa7c: 0200 00e8 

  0x00000213baf8aa80: ; ImmutableOopMap {[152]=Oop [160]=Oop [200]=Oop }
                      ;*invokevirtual afterExecute {reexecute=0 rethrow=0 return_oop=0}
                      ; - java.util.concurrent.ThreadPoolExecutor::runWorker@112 (line 1093)
  0x00000213baf8aa80: 5c46 a306 

  0x00000213baf8aa84: ;   {post_call_nop}
  0x00000213baf8aa84: 0f1f 8400 | fc13 000b | 488b 8424 

  0x00000213baf8aa90: ; ImmutableOopMap {rax=Oop [152]=Oop [160]=Oop }
                      ;*athrow {reexecute=1 rethrow=0 return_oop=0}
                      ; - (reexecute) java.util.concurrent.ThreadPoolExecutor::runWorker@117 (line 1094)
  0x00000213baf8aa90: c800 0000 

  0x00000213baf8aa94: ;   {section_word}
  0x00000213baf8aa94: 48ba 94aa | f8ba 1302 

  0x00000213baf8aa9c: ;   {runtime_call C1 Runtime handle_exception_blob}
  0x00000213baf8aa9c: 0000 e83d | f2af 0690 | 498b 8788 | 0500 004d | 33d2 4d89 | 9788 0500 | 004d 33d2 | 4d89 9790 
  0x00000213baf8aabc: 0500 004c | 8b84 24a0 | 0000 00c4 | c17b 1040 | 20c4 e1f9 | 7ec2 41ba | 0100 0000 | 4903 d248 
  0x00000213baf8aadc: 8994 24d0 | 0000 00c5 | fb10 8424 | d000 0000 | c4c1 7b11 | 4020 f083 | 4424 c000 

  0x00000213baf8aaf8: ;   {metadata(method data for {method} {0x00000213d02787b0} 'runWorker' '(Ljava/util/concurrent/ThreadPoolExecutor$Worker;)V' in 'java/util/concurrent/ThreadPoolExecutor')}
  0x00000213baf8aaf8: 498b d048 | be68 a758 | d313 0200 | 008b 5208 | 41ba 0000 | 0029 4903 | d248 3b96 | 5004 0000 
  0x00000213baf8ab18: 750d 4883 | 8658 0400 | 0001 e960 | 0000 0048 | 3b96 6004 | 0000 750d | 4883 8668 | 0400 0001 
  0x00000213baf8ab38: e94a 0000 | 0048 83be | 5004 0000 | 0075 1748 | 8996 5004 | 0000 48c7 | 8658 0400 | 0001 0000 
  0x00000213baf8ab58: 00e9 2900 | 0000 4883 | be60 0400 | 0000 7517 | 4889 9660 | 0400 0048 | c786 6804 | 0000 0100 
  0x00000213baf8ab78: 0000 e908 | 0000 0048 | 8386 4804 

  0x00000213baf8ab84: ;   {metadata(method data for {method} {0x00000213d03eb900} 'unlock' '()V' in 'java/util/concurrent/ThreadPoolExecutor$Worker')}
  0x00000213baf8ab84: 0000 0148 | ba58 3fbf | d113 0200 | 008b b290 | 0000 0083 | c602 89b2 | 9000 0000 | 81e6 feff 
  0x00000213baf8aba4: 1f00 85f6 | 0f84 3005 | 0000 498b 

  0x00000213baf8abb0: ;   {metadata(method data for {method} {0x00000213d03eb900} 'unlock' '()V' in 'java/util/concurrent/ThreadPoolExecutor$Worker')}
  0x00000213baf8abb0: d048 be58 | 3fbf d113 | 0200 008b | 5208 41ba | 0000 0029 | 4903 d248 | 3b96 e000 | 0000 750d 
  0x00000213baf8abd0: 4883 86e8 | 0000 0001 | e960 0000 | 0048 3b96 | f000 0000 | 750d 4883 | 86f8 0000 | 0001 e94a 
  0x00000213baf8abf0: 0000 0048 | 83be e000 | 0000 0075 | 1748 8996 | e000 0000 | 48c7 86e8 | 0000 0001 | 0000 00e9 
  0x00000213baf8ac10: 2900 0000 | 4883 bef0 | 0000 0000 | 7517 4889 | 96f0 0000 | 0048 c786 | f800 0000 | 0100 0000 
  0x00000213baf8ac30: e908 0000 | 0048 8386 | d800 0000 

  0x00000213baf8ac3c: ;   {metadata(method data for {method} {0x00000000292d24b8} 'release' '(I)Z' in 'java/util/concurrent/locks/AbstractQueuedSynchronizer')}
  0x00000213baf8ac3c: 0148 ba28 | 7722 d013 | 0200 008b | b290 0000 | 0083 c602 | 89b2 9000 | 0000 81e6 | feff 1f00 
  0x00000213baf8ac5c: 85f6 0f84 | 9b04 0000 

  0x00000213baf8ac64: ;   {metadata(method data for {method} {0x00000000292d24b8} 'release' '(I)Z' in 'java/util/concurrent/locks/AbstractQueuedSynchronizer')}
  0x00000213baf8ac64: 498b d048 | be28 7722 | d013 0200 | 0048 8386 | f800 0000 

  0x00000213baf8ac78: ;   {metadata(method data for {method} {0x00000213d03eb6f0} 'tryRelease' '(I)Z' in 'java/util/concurrent/ThreadPoolExecutor$Worker')}
  0x00000213baf8ac78: 0148 baa0 | 40bf d113 | 0200 008b | b290 0000 | 0083 c602 | 89b2 9000 | 0000 81e6 | feff 1f00 
  0x00000213baf8ac98: 85f6 0f84 | 8004 0000 

  0x00000213baf8aca0: ;   {metadata(method data for {method} {0x00000213d03eb6f0} 'tryRelease' '(I)Z' in 'java/util/concurrent/ThreadPoolExecutor$Worker')}
  0x00000213baf8aca0: 498b d048 | bea0 40bf | d113 0200 | 008b 5208 | 41ba 0000 | 0029 4903 | d248 3b96 | e000 0000 
  0x00000213baf8acc0: 750d 4883 | 86e8 0000 | 0001 e960 | 0000 0048 | 3b96 f000 | 0000 750d | 4883 86f8 | 0000 0001 
  0x00000213baf8ace0: e94a 0000 | 0048 83be | e000 0000 | 0075 1748 | 8996 e000 | 0000 48c7 | 86e8 0000 | 0001 0000 
  0x00000213baf8ad00: 00e9 2900 | 0000 4883 | bef0 0000 | 0000 7517 | 4889 96f0 | 0000 0048 | c786 f800 | 0000 0100 
  0x00000213baf8ad20: 0000 e908 | 0000 0048 | 8386 d800 | 0000 0141 | 0fbe 5748 | 85d2 0f85 | 0504 0000 | 41c7 400c 
  0x00000213baf8ad40: 0000 0000 

  0x00000213baf8ad44: ;   {metadata(method data for {method} {0x00000213d03eb6f0} 'tryRelease' '(I)Z' in 'java/util/concurrent/ThreadPoolExecutor$Worker')}
  0x00000213baf8ad44: 498b d048 | bea0 40bf | d113 0200 | 008b 5208 | 41ba 0000 | 0029 4903 | d248 3b96 | 1001 0000 
  0x00000213baf8ad64: 750d 4883 | 8618 0100 | 0001 e960 | 0000 0048 | 3b96 2001 | 0000 750d | 4883 8628 | 0100 0001 
  0x00000213baf8ad84: e94a 0000 | 0048 83be | 1001 0000 | 0075 1748 | 8996 1001 | 0000 48c7 | 8618 0100 | 0001 0000 
  0x00000213baf8ada4: 00e9 2900 | 0000 4883 | be20 0100 | 0000 7517 | 4889 9620 | 0100 0048 | c786 2801 | 0000 0100 
  0x00000213baf8adc4: 0000 e908 | 0000 0048 | 8386 0801 | 0000 01ba | 0000 0000 | 4189 5018 | f083 4424 

  0x00000213baf8ade0: ;   {metadata(method data for {method} {0x00000000292d24b8} 'release' '(I)Z' in 'java/util/concurrent/locks/AbstractQueuedSynchronizer')}
  0x00000213baf8ade0: c000 48ba | 2877 22d0 | 1302 0000 | ff82 1801 | 0000 4889 | 8424 d800 | 0000 418b 

  0x00000213baf8adfc: ;   {metadata(method data for {method} {0x00000000292d24b8} 'release' '(I)Z' in 'java/util/concurrent/locks/AbstractQueuedSynchronizer')}
  0x00000213baf8adfc: 5010 48be | 2877 22d0 | 1302 0000 | 4883 8628 | 0100 0001 | 0f1f 8000 

  0x00000213baf8ae14: ;   {static_call}
  0x00000213baf8ae14: 0000 00e8 

  0x00000213baf8ae18: ; ImmutableOopMap {[152]=Oop [160]=Oop [216]=Oop }
                      ;*invokestatic signalNext {reexecute=0 rethrow=0 return_oop=0}
                      ; - java.util.concurrent.locks.AbstractQueuedSynchronizer::release@12 (line 1100)
                      ; - java.util.concurrent.ThreadPoolExecutor$Worker::unlock@2 (line 642)
                      ; - java.util.concurrent.ThreadPoolExecutor::runWorker@152 (line 1099)
  0x00000213baf8ae18: c445 a306 

  0x00000213baf8ae1c: ;   {post_call_nop}
  0x00000213baf8ae1c: 0f1f 8400 | 9417 000d | 488b 8424 

  0x00000213baf8ae28: ; ImmutableOopMap {rax=Oop [152]=Oop [160]=Oop }
                      ;*athrow {reexecute=1 rethrow=0 return_oop=0}
                      ; - (reexecute) java.util.concurrent.ThreadPoolExecutor::runWorker@157 (line 1100)
  0x00000213baf8ae28: d800 0000 

  0x00000213baf8ae2c: ;   {section_word}
  0x00000213baf8ae2c: 48ba 2cae | f8ba 1302 

  0x00000213baf8ae34: ;   {runtime_call C1 Runtime handle_exception_blob}
  0x00000213baf8ae34: 0000 e8a5 | eeaf 0690 | 498b 8788 | 0500 004d | 33d2 4d89 | 9788 0500 | 004d 33d2 | 4d89 9790 
  0x00000213baf8ae54: 0500 0048 | 8984 24e0 | 0000 004c | 8b84 24a0 | 0000 0048 | 8b94 2498 | 0000 004c 

  0x00000213baf8ae70: ;   {metadata(method data for {method} {0x00000213d02787b0} 'runWorker' '(Ljava/util/concurrent/ThreadPoolExecutor$Worker;)V' in 'java/util/concurrent/ThreadPoolExecutor')}
  0x00000213baf8ae70: 8bca 48be | 68a7 58d3 | 1302 0000 | 4883 86d8 | 0400 0001 | 41b9 0100 | 0000 0f1f 

  0x00000213baf8ae8c: ;   {optimized virtual_call}
  0x00000213baf8ae8c: 4400 00e8 

  0x00000213baf8ae90: ; ImmutableOopMap {[224]=Oop }
                      ;*invokevirtual processWorkerExit {reexecute=0 rethrow=0 return_oop=0}
                      ; - java.util.concurrent.ThreadPoolExecutor::runWorker@180 (line 1104)
  0x00000213baf8ae90: 4c3f a306 

  0x00000213baf8ae94: ;   {post_call_nop}
  0x00000213baf8ae94: 0f1f 8400 | 0c18 000f | 488b 8424 | e000 0000 | e9eb 0200 

  0x00000213baf8aea8: ;   {metadata({method} {0x00000213d02787b0} 'runWorker' '(Ljava/util/concurrent/ThreadPoolExecutor$Worker;)V' in 'java/util/concurrent/ThreadPoolExecutor')}
  0x00000213baf8aea8: 0049 baa8 | 8727 d013 | 0200 004c | 8954 2408 | 48c7 0424 | ffff ffff 

  0x00000213baf8aec0: ;   {runtime_call C1 Runtime counter_overflow_blob}
  0x00000213baf8aec0: e89b 38b0 

  0x00000213baf8aec4: ; ImmutableOopMap {rdx=Oop r8=Oop [152]=Oop [160]=Oop }
                      ;*synchronization entry
                      ; - java.util.concurrent.ThreadPoolExecutor::runWorker@-1 (line 1070)
  0x00000213baf8aec4: 06e9 2ce9 

  0x00000213baf8aec8: ;   {runtime_call C1 Runtime throw_null_pointer_exception_blob}
  0x00000213baf8aec8: ffff e811 

  0x00000213baf8aecc: ; ImmutableOopMap {rdx=Oop r8=Oop rsi=Oop [152]=Oop [160]=Oop [168]=Oop }
                      ;*getfield firstTask {reexecute=1 rethrow=0 return_oop=0}
                      ; - (reexecute) java.util.concurrent.ThreadPoolExecutor::runWorker@5 (line 1071)
  0x00000213baf8aecc: d3af 0641 | 8b58 2848 | 83fb 000f | 844e e9ff | ff48 891c 

  0x00000213baf8aee0: ;   {runtime_call g1_pre_barrier_slow}
  0x00000213baf8aee0: 24e8 7a3e | b006 e940 

  0x00000213baf8aee8: ;   {metadata({method} {0x00000213d03eb900} 'unlock' '()V' in 'java/util/concurrent/ThreadPoolExecutor$Worker')}
  0x00000213baf8aee8: e9ff ff49 | baf8 b83e | d013 0200 | 004c 8954 | 2408 48c7 | 0424 ffff 

  0x00000213baf8af00: ;   {runtime_call C1 Runtime counter_overflow_blob}
  0x00000213baf8af00: ffff e859 

  0x00000213baf8af04: ; ImmutableOopMap {rdx=Oop r8=Oop rsi=Oop rdi=Oop [152]=Oop [160]=Oop [168]=Oop }
                      ;*synchronization entry
                      ; - java.util.concurrent.ThreadPoolExecutor$Worker::unlock@-1 (line 642)
                      ; - java.util.concurrent.ThreadPoolExecutor::runWorker@15 (line 1073)
  0x00000213baf8af04: 38b0 06e9 | dce9 ffff 

  0x00000213baf8af0c: ;   {metadata({method} {0x00000000292d24b8} 'release' '(I)Z' in 'java/util/concurrent/locks/AbstractQueuedSynchronizer')}
  0x00000213baf8af0c: 49ba b024 | 2d29 0000 | 0000 4c89 | 5424 0848 | c704 24ff 

  0x00000213baf8af20: ;   {runtime_call C1 Runtime counter_overflow_blob}
  0x00000213baf8af20: ffff ffe8 

  0x00000213baf8af24: ; ImmutableOopMap {rdx=Oop r8=Oop rsi=Oop rdi=Oop [152]=Oop [160]=Oop [168]=Oop }
                      ;*synchronization entry
                      ; - java.util.concurrent.locks.AbstractQueuedSynchronizer::release@-1 (line 1099)
                      ; - java.util.concurrent.ThreadPoolExecutor$Worker::unlock@2 (line 642)
                      ; - java.util.concurrent.ThreadPoolExecutor::runWorker@15 (line 1073)
  0x00000213baf8af24: 3838 b006 | e970 eaff 

  0x00000213baf8af2c: ;   {metadata({method} {0x00000213d03eb6f0} 'tryRelease' '(I)Z' in 'java/util/concurrent/ThreadPoolExecutor$Worker')}
  0x00000213baf8af2c: ff49 bae8 | b63e d013 | 0200 004c | 8954 2408 | 48c7 0424 | ffff ffff 

  0x00000213baf8af44: ;   {runtime_call C1 Runtime counter_overflow_blob}
  0x00000213baf8af44: e817 38b0 

  0x00000213baf8af48: ; ImmutableOopMap {rdx=Oop r8=Oop rsi=Oop rdi=Oop [152]=Oop [160]=Oop [168]=Oop }
                      ;*synchronization entry
                      ; - java.util.concurrent.ThreadPoolExecutor$Worker::tryRelease@-1 (line 635)
                      ; - java.util.concurrent.locks.AbstractQueuedSynchronizer::release@2 (line 1099)
                      ; - java.util.concurrent.ThreadPoolExecutor$Worker::unlock@2 (line 642)
                      ; - java.util.concurrent.ThreadPoolExecutor::runWorker@15 (line 1073)
  0x00000213baf8af48: 06e9 8aea | ffff 418b | 580c 4883 | fb00 0f84 | 18eb ffff | 4889 1c24 

  0x00000213baf8af60: ;   {runtime_call g1_pre_barrier_slow}
  0x00000213baf8af60: e8fb 3db0 | 06e9 0aeb 

  0x00000213baf8af68: ;   {metadata({method} {0x00000213d03eb7a0} 'lock' '()V' in 'java/util/concurrent/ThreadPoolExecutor$Worker')}
  0x00000213baf8af68: ffff 49ba | 98b7 3ed0 | 1302 0000 | 4c89 5424 | 0848 c704 | 24ff ffff 

  0x00000213baf8af80: ;   {runtime_call C1 Runtime counter_overflow_blob}
  0x00000213baf8af80: ffe8 da37 

  0x00000213baf8af84: ; ImmutableOopMap {[152]=Oop [160]=Oop [168]=Oop [176]=Oop }
                      ;*synchronization entry
                      ; - java.util.concurrent.ThreadPoolExecutor$Worker::lock@-1 (line 640)
                      ; - java.util.concurrent.ThreadPoolExecutor::runWorker@35 (line 1077)
  0x00000213baf8af84: b006 e92d 

  0x00000213baf8af88: ;   {runtime_call C1 Runtime throw_null_pointer_exception_blob}
  0x00000213baf8af88: edff ffe8 

  0x00000213baf8af8c: ; ImmutableOopMap {rdx=Oop rsi=Oop [152]=Oop [160]=Oop [168]=Oop [176]=Oop }
                      ;*invokevirtual get {reexecute=0 rethrow=0 return_oop=0}
                      ; - java.util.concurrent.ThreadPoolExecutor::runWorker@42 (line 1082)
  0x00000213baf8af8c: 50d2 af06 

  0x00000213baf8af90: ;   {metadata({method} {0x00000213d02771d8} 'runStateAtLeast' '(II)Z' in 'java/util/concurrent/ThreadPoolExecutor')}
  0x00000213baf8af90: 49ba d071 | 27d0 1302 | 0000 4c89 | 5424 0848 | c704 24ff 

  0x00000213baf8afa4: ;   {runtime_call C1 Runtime counter_overflow_blob}
  0x00000213baf8afa4: ffff ffe8 

  0x00000213baf8afa8: ; ImmutableOopMap {rdx=Oop [152]=Oop [160]=Oop [168]=Oop [176]=Oop }
                      ;*synchronization entry
                      ; - java.util.concurrent.ThreadPoolExecutor::runStateAtLeast@-1 (line 408)
                      ; - java.util.concurrent.ThreadPoolExecutor::runWorker@47 (line 1082)
  0x00000213baf8afa8: b437 b006 | e994 eeff 

  0x00000213baf8afb0: ;   {metadata({method} {0x00000000294a3658} 'interrupted' '()Z' in 'java/lang/Thread')}
  0x00000213baf8afb0: ff49 ba50 | 364a 2900 | 0000 004c | 8954 2408 | 48c7 0424 | ffff ffff 

  0x00000213baf8afc8: ;   {runtime_call C1 Runtime counter_overflow_blob}
  0x00000213baf8afc8: e893 37b0 

  0x00000213baf8afcc: ; ImmutableOopMap {rdx=Oop [152]=Oop [160]=Oop [168]=Oop [176]=Oop }
                      ;*synchronization entry
                      ; - java.lang.Thread::interrupted@-1 (line 1625)
                      ; - java.util.concurrent.ThreadPoolExecutor::runWorker@53 (line 1083)
  0x00000213baf8afcc: 06e9 26ef 

  0x00000213baf8afd0: ;   {runtime_call C1 Runtime throw_null_pointer_exception_blob}
  0x00000213baf8afd0: ffff e809 

  0x00000213baf8afd4: ; ImmutableOopMap {rdx=Oop rsi=Oop [152]=Oop [160]=Oop [168]=Oop [176]=Oop }
                      ;*invokevirtual getAndClearInterrupt {reexecute=0 rethrow=0 return_oop=0}
                      ; - java.lang.Thread::interrupted@3 (line 1625)
                      ; - java.util.concurrent.ThreadPoolExecutor::runWorker@53 (line 1083)
                      ;   {metadata({method} {0x0000000029191170} 'getAndClearInterrupt' '()Z' in 'java/lang/Thread')}
  0x00000213baf8afd4: d2af 0649 | ba68 1119 | 2900 0000 | 004c 8954 | 2408 48c7 | 0424 ffff 

  0x00000213baf8afec: ;   {runtime_call C1 Runtime counter_overflow_blob}
  0x00000213baf8afec: ffff e86d 

  0x00000213baf8aff0: ; ImmutableOopMap {rdx=Oop rsi=Oop [152]=Oop [160]=Oop [168]=Oop [176]=Oop }
                      ;*synchronization entry
                      ; - java.lang.Thread::getAndClearInterrupt@-1 (line 1657)
                      ; - java.lang.Thread::interrupted@3 (line 1625)
                      ; - java.util.concurrent.ThreadPoolExecutor::runWorker@53 (line 1083)
  0x00000213baf8aff0: 37b0 06e9 | d5ef ffff 

  0x00000213baf8aff8: ;   {runtime_call C1 Runtime throw_null_pointer_exception_blob}
  0x00000213baf8aff8: e8e3 d1af 

  0x00000213baf8affc: ; ImmutableOopMap {rdx=Oop rsi=Oop [152]=Oop [160]=Oop [168]=Oop [176]=Oop }
                      ;*invokevirtual get {reexecute=0 rethrow=0 return_oop=0}
                      ; - java.util.concurrent.ThreadPoolExecutor::runWorker@63 (line 1084)
                      ;   {metadata({method} {0x00000213d02771d8} 'runStateAtLeast' '(II)Z' in 'java/util/concurrent/ThreadPoolExecutor')}
  0x00000213baf8affc: 0649 bad0 | 7127 d013 | 0200 004c | 8954 2408 | 48c7 0424 | ffff ffff 

  0x00000213baf8b014: ;   {runtime_call C1 Runtime counter_overflow_blob}
  0x00000213baf8b014: e847 37b0 

  0x00000213baf8b018: ; ImmutableOopMap {rdx=Oop [152]=Oop [160]=Oop [168]=Oop [176]=Oop }
                      ;*synchronization entry
                      ; - java.util.concurrent.ThreadPoolExecutor::runStateAtLeast@-1 (line 408)
                      ; - java.util.concurrent.ThreadPoolExecutor::runWorker@68 (line 1084)
  0x00000213baf8b018: 06e9 26f1 

  0x00000213baf8b01c: ;   {runtime_call C1 Runtime throw_null_pointer_exception_blob}
  0x00000213baf8b01c: ffff e8bd 

  0x00000213baf8b020: ; ImmutableOopMap {rdx=Oop rsi=Oop [152]=Oop [160]=Oop [168]=Oop [176]=Oop }
                      ;*invokevirtual isInterrupted {reexecute=0 rethrow=0 return_oop=0}
                      ; - java.util.concurrent.ThreadPoolExecutor::runWorker@75 (line 1085)
                      ;   {runtime_call C1 Runtime throw_null_pointer_exception_blob}
  0x00000213baf8b020: d1af 06e8 

  0x00000213baf8b024: ; ImmutableOopMap {rdi=Oop [152]=Oop [160]=Oop [168]=Oop }
                      ;*invokeinterface run {reexecute=0 rethrow=0 return_oop=0}
                      ; - java.util.concurrent.ThreadPoolExecutor::runWorker@92 (line 1090)
  0x00000213baf8b024: b8d1 af06 

  0x00000213baf8b028: ;   {metadata({method} {0x00000213d03eb900} 'unlock' '()V' in 'java/util/concurrent/ThreadPoolExecutor$Worker')}
  0x00000213baf8b028: 49ba f8b8 | 3ed0 1302 | 0000 4c89 | 5424 0848 | c704 24ff 

  0x00000213baf8b03c: ;   {runtime_call C1 Runtime counter_overflow_blob}
  0x00000213baf8b03c: ffff ffe8 

  0x00000213baf8b040: ; ImmutableOopMap {r8=Oop [152]=Oop [160]=Oop [168]=Oop }
                      ;*synchronization entry
                      ; - java.util.concurrent.ThreadPoolExecutor$Worker::unlock@-1 (line 642)
                      ; - java.util.concurrent.ThreadPoolExecutor::runWorker@131 (line 1099)
  0x00000213baf8b040: 1c37 b006 | e932 f6ff 

  0x00000213baf8b048: ;   {metadata({method} {0x00000000292d24b8} 'release' '(I)Z' in 'java/util/concurrent/locks/AbstractQueuedSynchronizer')}
  0x00000213baf8b048: ff49 bab0 | 242d 2900 | 0000 004c | 8954 2408 | 48c7 0424 | ffff ffff 

  0x00000213baf8b060: ;   {runtime_call C1 Runtime counter_overflow_blob}
  0x00000213baf8b060: e8fb 36b0 

  0x00000213baf8b064: ; ImmutableOopMap {r8=Oop [152]=Oop [160]=Oop [168]=Oop }
                      ;*synchronization entry
                      ; - java.util.concurrent.locks.AbstractQueuedSynchronizer::release@-1 (line 1099)
                      ; - java.util.concurrent.ThreadPoolExecutor$Worker::unlock@2 (line 642)
                      ; - java.util.concurrent.ThreadPoolExecutor::runWorker@131 (line 1099)
  0x00000213baf8b064: 06e9 c7f6 

  0x00000213baf8b068: ;   {metadata({method} {0x00000213d03eb6f0} 'tryRelease' '(I)Z' in 'java/util/concurrent/ThreadPoolExecutor$Worker')}
  0x00000213baf8b068: ffff 49ba | e8b6 3ed0 | 1302 0000 | 4c89 5424 | 0848 c704 | 24ff ffff 

  0x00000213baf8b080: ;   {runtime_call C1 Runtime counter_overflow_blob}
  0x00000213baf8b080: ffe8 da36 

  0x00000213baf8b084: ; ImmutableOopMap {r8=Oop [152]=Oop [160]=Oop [168]=Oop }
                      ;*synchronization entry
                      ; - java.util.concurrent.ThreadPoolExecutor$Worker::tryRelease@-1 (line 635)
                      ; - java.util.concurrent.locks.AbstractQueuedSynchronizer::release@2 (line 1099)
                      ; - java.util.concurrent.ThreadPoolExecutor$Worker::unlock@2 (line 642)
                      ; - java.util.concurrent.ThreadPoolExecutor::runWorker@131 (line 1099)
  0x00000213baf8b084: b006 e9e2 | f6ff ff41 | 8b50 0c48 | 83fa 000f | 8470 f7ff | ff48 8914 

  0x00000213baf8b09c: ;   {runtime_call g1_pre_barrier_slow}
  0x00000213baf8b09c: 24e8 be3c | b006 e962 

  0x00000213baf8b0a4: ;   {metadata({method} {0x00000213d02787b0} 'runWorker' '(Ljava/util/concurrent/ThreadPoolExecutor$Worker;)V' in 'java/util/concurrent/ThreadPoolExecutor')}
  0x00000213baf8b0a4: f7ff ff49 | baa8 8727 | d013 0200 | 004c 8954 | 2408 48c7 | 0424 9e00 

  0x00000213baf8b0bc: ;   {runtime_call C1 Runtime counter_overflow_blob}
  0x00000213baf8b0bc: 0000 e89d 

  0x00000213baf8b0c0: ; ImmutableOopMap {[152]=Oop [160]=Oop [168]=Oop }
                      ;*goto {reexecute=1 rethrow=0 return_oop=0}
                      ; - (reexecute) java.util.concurrent.ThreadPoolExecutor::runWorker@158 (line 1100)
  0x00000213baf8b0c0: 36b0 06e9 | 59f8 ffff 

  0x00000213baf8b0c8: ;   {internal_word}
  0x00000213baf8b0c8: 49ba a4a9 | f8ba 1302 | 0000 4d89 | 97e0 0400 

  0x00000213baf8b0d8: ;   {runtime_call SafepointBlob}
  0x00000213baf8b0d8: 00e9 825e 

  0x00000213baf8b0dc: ;   {metadata({method} {0x00000213d03eb900} 'unlock' '()V' in 'java/util/concurrent/ThreadPoolExecutor$Worker')}
  0x00000213baf8b0dc: a306 49ba | f8b8 3ed0 | 1302 0000 | 4c89 5424 | 0848 c704 | 24ff ffff 

  0x00000213baf8b0f4: ;   {runtime_call C1 Runtime counter_overflow_blob}
  0x00000213baf8b0f4: ffe8 6636 

  0x00000213baf8b0f8: ; ImmutableOopMap {rax=Oop r8=Oop [152]=Oop [160]=Oop }
                      ;*synchronization entry
                      ; - java.util.concurrent.ThreadPoolExecutor$Worker::unlock@-1 (line 642)
                      ; - java.util.concurrent.ThreadPoolExecutor::runWorker@152 (line 1099)
  0x00000213baf8b0f8: b006 e9af 

  0x00000213baf8b0fc: ;   {metadata({method} {0x00000000292d24b8} 'release' '(I)Z' in 'java/util/concurrent/locks/AbstractQueuedSynchronizer')}
  0x00000213baf8b0fc: faff ff49 | bab0 242d | 2900 0000 | 004c 8954 | 2408 48c7 | 0424 ffff 

  0x00000213baf8b114: ;   {runtime_call C1 Runtime counter_overflow_blob}
  0x00000213baf8b114: ffff e845 

  0x00000213baf8b118: ; ImmutableOopMap {rax=Oop r8=Oop [152]=Oop [160]=Oop }
                      ;*synchronization entry
                      ; - java.util.concurrent.locks.AbstractQueuedSynchronizer::release@-1 (line 1099)
                      ; - java.util.concurrent.ThreadPoolExecutor$Worker::unlock@2 (line 642)
                      ; - java.util.concurrent.ThreadPoolExecutor::runWorker@152 (line 1099)
  0x00000213baf8b118: 36b0 06e9 | 44fb ffff 

  0x00000213baf8b120: ;   {metadata({method} {0x00000213d03eb6f0} 'tryRelease' '(I)Z' in 'java/util/concurrent/ThreadPoolExecutor$Worker')}
  0x00000213baf8b120: 49ba e8b6 | 3ed0 1302 | 0000 4c89 | 5424 0848 | c704 24ff 

  0x00000213baf8b134: ;   {runtime_call C1 Runtime counter_overflow_blob}
  0x00000213baf8b134: ffff ffe8 

  0x00000213baf8b138: ; ImmutableOopMap {rax=Oop r8=Oop [152]=Oop [160]=Oop }
                      ;*synchronization entry
                      ; - java.util.concurrent.ThreadPoolExecutor$Worker::tryRelease@-1 (line 635)
                      ; - java.util.concurrent.locks.AbstractQueuedSynchronizer::release@2 (line 1099)
                      ; - java.util.concurrent.ThreadPoolExecutor$Worker::unlock@2 (line 642)
                      ; - java.util.concurrent.ThreadPoolExecutor::runWorker@152 (line 1099)
  0x00000213baf8b138: 2436 b006 | e95f fbff | ff41 8b50 | 0c48 83fa | 000f 84ed | fbff ff48 

  0x00000213baf8b150: ;   {runtime_call g1_pre_barrier_slow}
  0x00000213baf8b150: 8914 24e8 | 083c b006 | e9df fbff | ff48 8bbc | 24b0 0000 | 00e9 45f8 | ffff 488b | bc24 b000 
  0x00000213baf8b170: 0000 e938 | f8ff ff49 | 8b87 8805 | 0000 49c7 | 8788 0500 | 0000 0000 | 0049 c787 | 9005 0000 
  0x00000213baf8b190: 0000 0000 | 4881 c4f0 | 0000 005d 

  0x00000213baf8b19c: ;   {runtime_call C1 Runtime unwind_exception_blob}
  0x00000213baf8b19c: e93f c1af | 06f4 f4f4 | f4f4 f4f4 
[Stub Code]
  0x00000213baf8b1a8: ;   {other}
  0x00000213baf8b1a8: 0f1f 4400 

  0x00000213baf8b1ac: ;   {static_stub}
  0x00000213baf8b1ac: 0048 bb00 | 0000 0000 

  0x00000213baf8b1b4: ;   {runtime_call nmethod}
  0x00000213baf8b1b4: 0000 00e9 | fbff ffff 

  0x00000213baf8b1bc: ;   {static_stub}
  0x00000213baf8b1bc: 9048 bb00 | 0000 0000 

  0x00000213baf8b1c4: ;   {runtime_call nmethod}
  0x00000213baf8b1c4: 0000 00e9 | fbff ffff 

  0x00000213baf8b1cc: ;   {static_stub}
  0x00000213baf8b1cc: 9048 bb00 | 0000 0000 

  0x00000213baf8b1d4: ;   {runtime_call nmethod}
  0x00000213baf8b1d4: 0000 00e9 | fbff ffff 

  0x00000213baf8b1dc: ;   {static_stub}
  0x00000213baf8b1dc: 9048 bb00 | 0000 0000 

  0x00000213baf8b1e4: ;   {runtime_call nmethod}
  0x00000213baf8b1e4: 0000 00e9 | fbff ffff 

  0x00000213baf8b1ec: ;   {static_stub}
  0x00000213baf8b1ec: 9048 bb00 | 0000 0000 

  0x00000213baf8b1f4: ;   {runtime_call nmethod}
  0x00000213baf8b1f4: 0000 00e9 | fbff ffff 

  0x00000213baf8b1fc: ;   {static_stub}
  0x00000213baf8b1fc: 48bb 0000 | 0000 0000 

  0x00000213baf8b204: ;   {runtime_call nmethod}
  0x00000213baf8b204: 0000 e9fb 

  0x00000213baf8b208: ;   {static_stub}
  0x00000213baf8b208: ffff ff48 | bb00 0000 | 0000 0000 

  0x00000213baf8b214: ;   {runtime_call nmethod}
  0x00000213baf8b214: 00e9 fbff 

  0x00000213baf8b218: ;   {static_stub}
  0x00000213baf8b218: ffff 48bb | 8083 27d0 | 1302 0000 

  0x00000213baf8b224: ;   {runtime_call I2C/C2I adapters}
  0x00000213baf8b224: e991 08a3 

  0x00000213baf8b228: ;   {static_stub}
  0x00000213baf8b228: 0648 bb00 | 0000 0000 

  0x00000213baf8b230: ;   {runtime_call nmethod}
  0x00000213baf8b230: 0000 00e9 | fbff ffff 

  0x00000213baf8b238: ;   {static_stub}
  0x00000213baf8b238: 48bb 0000 | 0000 0000 

  0x00000213baf8b240: ;   {runtime_call nmethod}
  0x00000213baf8b240: 0000 e9fb 

  0x00000213baf8b244: ;   {runtime_call C1 Runtime handle_exception_from_callee_blob}
  0x00000213baf8b244: ffff ffe8 | 94ed af06 

  0x00000213baf8b24c: ;   {external_word}
  0x00000213baf8b24c: 48b9 6818 | 2939 ff7f | 0000 4883 

  0x00000213baf8b258: ;   {runtime_call}
  0x00000213baf8b258: e4f0 48b8 | c09c ec38 | ff7f 0000 

  0x00000213baf8b264: ;   {section_word}
  0x00000213baf8b264: ffd0 f449 | ba67 b2f8 | ba13 0200 

  0x00000213baf8b270: ;   {runtime_call DeoptimizationBlob}
  0x00000213baf8b270: 0041 52e9 | e85f a306 
[/MachCode]


Compiled method (c1) 310826 7871       3       java.util.concurrent.ThreadPoolExecutor$Worker::run (9 bytes)
 total in heap  [0x00000213baf8d888,0x00000213baf8db48] = 704
 main code      [0x00000213baf8d980,0x00000213baf8db08] = 392
 stub code      [0x00000213baf8db08,0x00000213baf8db48] = 64
 mutable data [0x00000213e541bb30,0x00000213e541bb78] = 72
 relocation     [0x00000213e541bb30,0x00000213e541bb70] = 64
 metadata       [0x00000213e541bb70,0x00000213e541bb78] = 8
 immutable data [0x00000213d7663b70,0x00000213d7663bf0] = 128
 dependencies   [0x00000213d7663b70,0x00000213d7663b78] = 8
 nul chk table  [0x00000213d7663b78,0x00000213d7663b88] = 16
 scopes pcs     [0x00000213d7663b88,0x00000213d7663bd8] = 80
 scopes data    [0x00000213d7663bd8,0x00000213d7663bf0] = 24

[Constant Pool (empty)]

[MachCode]
[Instructions begin]
  0x00000213baf8d980: 660f 1f84 | 0000 0000 | 0066 0f1f | 8400 0000 | 0000 448b | 5208 443b 

  0x00000213baf8d998: ;   {runtime_call Shared Runtime ic_miss_blob}
  0x00000213baf8d998: 5008 0f85 | 4011 a306 
[Verified Entry Point]
  0x00000213baf8d9a0: 8984 2400 | 80ff ff55 | 4883 ec20 | 4181 7f20 | 1d00 0000 

  0x00000213baf8d9b4: ;   {runtime_call Stub::method_entry_barrier}
  0x00000213baf8d9b4: 7405 e845 

  0x00000213baf8d9b8: ;   {metadata(method data for {method} {0x00000213d03eb498} 'run' '()V' in 'java/util/concurrent/ThreadPoolExecutor$Worker')}
  0x00000213baf8d9b8: 68a1 0649 | b8d0 b958 | d313 0200 | 0041 8bb0 | 9000 0000 | 83c6 0241 | 89b0 9000 | 0000 81e6 
  0x00000213baf8d9d8: fe07 0000 | 85f6 0f84 | c000 0000 | 8b72 2c48 | 3b06 4c8b 

  0x00000213baf8d9ec: ;   {metadata(method data for {method} {0x00000213d03eb498} 'run' '()V' in 'java/util/concurrent/ThreadPoolExecutor$Worker')}
  0x00000213baf8d9ec: c648 bfd0 | b958 d313 | 0200 0045 | 8b40 0841 | ba00 0000 | 294d 03c2 | 4c3b 87e0 | 0000 0075 
  0x00000213baf8da0c: 0d48 8387 | e800 0000 | 01e9 6000 | 0000 4c3b | 87f0 0000 | 0075 0d48 | 8387 f800 | 0000 01e9 
  0x00000213baf8da2c: 4a00 0000 | 4883 bfe0 | 0000 0000 | 7517 4c89 | 87e0 0000 | 0048 c787 | e800 0000 | 0100 0000 
  0x00000213baf8da4c: e929 0000 | 0048 83bf | f000 0000 | 0075 174c | 8987 f000 | 0000 48c7 | 87f8 0000 | 0001 0000 
  0x00000213baf8da6c: 00e9 0800 | 0000 4883 | 87d8 0000 | 0001 4c8b | c248 8bd6 | 0f1f 8000 

  0x00000213baf8da84: ;   {optimized virtual_call}
  0x00000213baf8da84: 0000 00e8 

  0x00000213baf8da88: ; ImmutableOopMap {}
                      ;*invokevirtual runWorker {reexecute=0 rethrow=0 return_oop=0}
                      ; - java.util.concurrent.ThreadPoolExecutor$Worker::run@5 (line 614)
  0x00000213baf8da88: 14bd ffff 

  0x00000213baf8da8c: ;   {post_call_nop}
  0x00000213baf8da8c: 0f1f 8400 | 0402 0000 | 4883 c420 

  0x00000213baf8da98: ;   {poll_return}
  0x00000213baf8da98: 5d49 3b67 | 280f 8727 | 0000 00c3 

  0x00000213baf8daa4: ;   {metadata({method} {0x00000213d03eb498} 'run' '()V' in 'java/util/concurrent/ThreadPoolExecutor$Worker')}
  0x00000213baf8daa4: 49ba 90b4 | 3ed0 1302 | 0000 4c89 | 5424 0848 | c704 24ff 

  0x00000213baf8dab8: ;   {runtime_call C1 Runtime counter_overflow_blob}
  0x00000213baf8dab8: ffff ffe8 

  0x00000213baf8dabc: ; ImmutableOopMap {rdx=Oop }
                      ;*synchronization entry
                      ; - java.util.concurrent.ThreadPoolExecutor$Worker::run@-1 (line 614)
  0x00000213baf8dabc: a00c b006 | e91f ffff 

  0x00000213baf8dac4: ;   {runtime_call C1 Runtime throw_null_pointer_exception_blob}
  0x00000213baf8dac4: ffe8 16a7 

  0x00000213baf8dac8: ; ImmutableOopMap {rdx=Oop rsi=Oop }
                      ;*invokevirtual runWorker {reexecute=0 rethrow=0 return_oop=0}
                      ; - java.util.concurrent.ThreadPoolExecutor$Worker::run@5 (line 614)
                      ;   {internal_word}
  0x00000213baf8dac8: af06 49ba | 99da f8ba | 1302 0000 | 4d89 97e0 

  0x00000213baf8dad8: ;   {runtime_call SafepointBlob}
  0x00000213baf8dad8: 0400 00e9 | 8034 a306 | 498b 8788 | 0500 0049 | c787 8805 | 0000 0000 | 0000 49c7 | 8790 0500 
  0x00000213baf8daf8: 0000 0000 | 0048 83c4 

  0x00000213baf8db00: ;   {runtime_call C1 Runtime unwind_exception_blob}
  0x00000213baf8db00: 205d e9d9 | 97af 06f4 
[Stub Code]
  0x00000213baf8db08: ;   {static_stub}
  0x00000213baf8db08: 48bb 0000 | 0000 0000 

  0x00000213baf8db10: ;   {runtime_call nmethod}
  0x00000213baf8db10: 0000 e9fb 

  0x00000213baf8db14: ;   {runtime_call C1 Runtime handle_exception_from_callee_blob}
  0x00000213baf8db14: ffff ffe8 | c4c4 af06 

  0x00000213baf8db1c: ;   {external_word}
  0x00000213baf8db1c: 48b9 6818 | 2939 ff7f | 0000 4883 

  0x00000213baf8db28: ;   {runtime_call}
  0x00000213baf8db28: e4f0 48b8 | c09c ec38 | ff7f 0000 

  0x00000213baf8db34: ;   {section_word}
  0x00000213baf8db34: ffd0 f449 | ba37 dbf8 | ba13 0200 

  0x00000213baf8db40: ;   {runtime_call DeoptimizationBlob}
  0x00000213baf8db40: 0041 52e9 | 1837 a306 
[/MachCode]


Compiled method (c1) 310847 7773       3       java.lang.Thread::run (23 bytes)
 total in heap  [0x00000213ba652008,0x00000213ba6524f8] = 1264
 main code      [0x00000213ba652100,0x00000213ba6524a0] = 928
 stub code      [0x00000213ba6524a0,0x00000213ba6524f8] = 88
 mutable data [0x00000213d4174280,0x00000213d4174318] = 152
 relocation     [0x00000213d4174280,0x00000213d41742f0] = 112
 metadata       [0x00000213d41742f0,0x00000213d4174318] = 40
 immutable data [0x00000213d5cf1410,0x00000213d5cf1570] = 352
 dependencies   [0x00000213d5cf1410,0x00000213d5cf1420] = 16
 nul chk table  [0x00000213d5cf1420,0x00000213d5cf1440] = 32
 scopes pcs     [0x00000213d5cf1440,0x00000213d5cf14f0] = 176
 scopes data    [0x00000213d5cf14f0,0x00000213d5cf1570] = 128

[Constant Pool (empty)]

[MachCode]
[Instructions begin]
  0x00000213ba652100: 660f 1f84 | 0000 0000 | 0066 0f1f | 8400 0000 | 0000 448b | 5208 443b 

  0x00000213ba652118: ;   {runtime_call Shared Runtime ic_miss_blob}
  0x00000213ba652118: 5008 0f85 | c0c9 3607 
[Verified Entry Point]
  0x00000213ba652120: 8984 2400 | 80ff ff55 | 4883 ec50 | 4181 7f20 | 1d00 0000 

  0x00000213ba652134: ;   {runtime_call Stub::method_entry_barrier}
  0x00000213ba652134: 7405 e8c5 

  0x00000213ba652138: ;   {metadata(method data for {method} {0x0000000029191000} 'run' '()V' in 'java/lang/Thread')}
  0x00000213ba652138: 2035 0748 | bea0 2758 | d313 0200 | 008b be90 | 0000 0083 | c702 89be | 9000 0000 | 81e7 fe07 
  0x00000213ba652158: 0000 85ff | 0f84 6b02 | 0000 8b72 | 448b 7624 

  0x00000213ba652168: ;   {metadata(method data for {method} {0x0000000029191000} 'run' '()V' in 'java/lang/Thread')}
  0x00000213ba652168: 4885 f648 | bfa0 2758 | d313 0200 | 00bb d800 | 0000 7405 | bbe8 0000 | 0048 8b04 | 1f48 8d40 
  0x00000213ba652188: 0148 8904 | 1f0f 842a | 0200 0048 | 8974 2438 

  0x00000213ba652198: ;   {metadata(method data for {method} {0x0000000029191000} 'run' '()V' in 'java/lang/Thread')}
  0x00000213ba652198: 48bf a027 | 58d3 1302 | 0000 4883 | 87f8 0000 

  0x00000213ba6521a8: ;   {metadata(method data for {method} {0x00000000294a39f8} 'scopedValueBindings' '()Ljava/lang/Object;' in 'java/lang/Thread')}
  0x00000213ba6521a8: 0001 48bf | 1829 58d3 | 1302 0000 | 8b9f 9000 | 0000 83c3 | 0289 9f90 | 0000 0081 | e3fe ff1f 
  0x00000213ba6521c8: 0085 db0f | 8422 0200 

  0x00000213ba6521d0: ;   {metadata(method data for {method} {0x00000000294a39f8} 'scopedValueBindings' '()Ljava/lang/Object;' in 'java/lang/Thread')}
  0x00000213ba6521d0: 0048 bf18 | 2958 d313 | 0200 0048 | 8387 d800 | 0000 0149 | 8bbf 1004 | 0000 488b | 3f8b 7f50 
  0x00000213ba6521f0: ;   {metadata(method data for {method} {0x0000000029191000} 'run' '()V' in 'java/lang/Thread')}
  0x00000213ba6521f0: 48bb a027 | 58d3 1302 | 0000 8b52 | 0841 ba00 | 0000 2949 | 03d2 483b | 9310 0100 | 0075 0d48 
  0x00000213ba652210: 8383 1801 | 0000 01e9 | 6000 0000 | 483b 9320 | 0100 0075 | 0d48 8383 | 2801 0000 | 01e9 4a00 
  0x00000213ba652230: 0000 4883 | bb10 0100 | 0000 7517 | 4889 9310 | 0100 0048 | c783 1801 | 0000 0100 | 0000 e929 
  0x00000213ba652250: 0000 0048 | 83bb 2001 | 0000 0075 | 1748 8993 | 2001 0000 | 48c7 8328 | 0100 0001 | 0000 00e9 
  0x00000213ba652270: 0800 0000 | 4883 8308 | 0100 0001 

  0x00000213ba65227c: ;   {metadata(method data for {method} {0x00000000294a4168} 'runWith' '(Ljava/lang/Object;Ljava/lang/Runnable;)V' in 'java/lang/Thread')}
  0x00000213ba65227c: 48ba 382a | 58d3 1302 | 0000 8b9a | 9000 0000 | 83c3 0289 | 9a90 0000 | 0081 e3fe | ff1f 0085 
  0x00000213ba65229c: db0f 8476 

  0x00000213ba6522a0: ;   {metadata(method data for {method} {0x00000000294a4168} 'runWith' '(Ljava/lang/Object;Ljava/lang/Runnable;)V' in 'java/lang/Thread')}
  0x00000213ba6522a0: 0100 0048 | ba38 2a58 | d313 0200 | 0048 8382 | d800 0000 | 0148 8bd7 | 4889 7c24 

  0x00000213ba6522bc: ;   {static_call}
  0x00000213ba6522bc: 4066 90e8 

  0x00000213ba6522c0: ; ImmutableOopMap {[56]=Oop [64]=Oop }
                      ;*invokestatic ensureMaterializedForStackWalk {reexecute=0 rethrow=0 return_oop=0}
                      ; - java.lang.Thread::runWith@1 (line 1486)
                      ; - java.lang.Thread::run@19 (line 1474)
  0x00000213ba6522c0: 4ce6 d707 

  0x00000213ba6522c4: ;   {post_call_nop}
  0x00000213ba6522c4: 0f1f 8400 | bc02 0000 | 488b 7424 | 3848 3b06 

  0x00000213ba6522d4: ;   {metadata(method data for {method} {0x00000000294a4168} 'runWith' '(Ljava/lang/Object;Ljava/lang/Runnable;)V' in 'java/lang/Thread')}
  0x00000213ba6522d4: 488b d648 | bf38 2a58 | d313 0200 | 008b 5208 | 41ba 0000 | 0029 4903 | d248 3b97 | f000 0000 
  0x00000213ba6522f4: 750d 4883 | 87f8 0000 | 0001 e960 | 0000 0048 | 3b97 0001 | 0000 750d | 4883 8708 | 0100 0001 
  0x00000213ba652314: e94a 0000 | 0048 83bf | f000 0000 | 0075 1748 | 8997 f000 | 0000 48c7 | 87f8 0000 | 0001 0000 
  0x00000213ba652334: 00e9 2900 | 0000 4883 | bf00 0100 | 0000 7517 | 4889 9700 | 0100 0048 | c787 0801 | 0000 0100 
  0x00000213ba652354: 0000 e908 | 0000 0048 | 8387 e800 | 0000 0148 | 8bd6 0f1f | 8000 0000 | 0048 b810 | 510d d713 
  0x00000213ba652374: ;   {virtual_call}
  0x00000213ba652374: 0200 00e8 

  0x00000213ba652378: ; ImmutableOopMap {[64]=Oop }
                      ;*invokeinterface run {reexecute=0 rethrow=0 return_oop=0}
                      ; - java.lang.Thread::runWith@5 (line 1487)
                      ; - java.lang.Thread::run@19 (line 1474)
  0x00000213ba652378: 7c24 5707 

  0x00000213ba65237c: ;   {post_call_nop}
  0x00000213ba65237c: 0f1f 8400 | 7403 0001 

  0x00000213ba652384: ;   {metadata(method data for {method} {0x00000000294a4168} 'runWith' '(Ljava/lang/Object;Ljava/lang/Runnable;)V' in 'java/lang/Thread')}
  0x00000213ba652384: 48be 382a | 58d3 1302 | 0000 4883 | 8618 0100 

  0x00000213ba652394: ;   {metadata(method data for {method} {0x00000000291b7b60} 'reachabilityFence' '(Ljava/lang/Object;)V' in 'java/lang/ref/Reference')}
  0x00000213ba652394: 0001 48be | 9807 07d0 | 1302 0000 | 8bbe 9000 | 0000 83c7 | 0289 be90 | 0000 0081 | e7fe ff1f 
  0x00000213ba6523b4: 0085 ff0f | 8482 0000 | 0048 83c4 

  0x00000213ba6523c0: ;   {poll_return}
  0x00000213ba6523c0: 505d 493b | 6728 0f87 | 9400 0000 

  0x00000213ba6523cc: ;   {metadata({method} {0x0000000029191000} 'run' '()V' in 'java/lang/Thread')}
  0x00000213ba6523cc: c349 baf8 | 0f19 2900 | 0000 004c | 8954 2408 | 48c7 0424 | ffff ffff 

  0x00000213ba6523e4: ;   {runtime_call C1 Runtime counter_overflow_blob}
  0x00000213ba6523e4: e877 c343 

  0x00000213ba6523e8: ; ImmutableOopMap {rdx=Oop }
                      ;*synchronization entry
                      ; - java.lang.Thread::run@-1 (line 1471)
  0x00000213ba6523e8: 07e9 74fd 

  0x00000213ba6523ec: ;   {runtime_call C1 Runtime throw_null_pointer_exception_blob}
  0x00000213ba6523ec: ffff e8ed 

  0x00000213ba6523f0: ; ImmutableOopMap {rdx=Oop }
                      ;*getfield task {reexecute=1 rethrow=0 return_oop=0}
                      ; - (reexecute) java.lang.Thread::run@4 (line 1471)
                      ;   {metadata({method} {0x00000000294a39f8} 'scopedValueBindings' '()Ljava/lang/Object;' in 'java/lang/Thread')}
  0x00000213ba6523f0: 5d43 0749 | baf0 394a | 2900 0000 | 004c 8954 | 2408 48c7 | 0424 ffff 

  0x00000213ba652408: ;   {runtime_call C1 Runtime counter_overflow_blob}
  0x00000213ba652408: ffff e851 

  0x00000213ba65240c: ; ImmutableOopMap {rdx=Oop [56]=Oop }
                      ;*synchronization entry
                      ; - java.lang.Thread::scopedValueBindings@-1 (line 311)
                      ; - java.lang.Thread::run@12 (line 1473)
  0x00000213ba65240c: c343 07e9 | bdfd ffff 

  0x00000213ba652414: ;   {runtime_call C1 Runtime throw_null_pointer_exception_blob}
  0x00000213ba652414: e8c7 5d43 

  0x00000213ba652418: ; ImmutableOopMap {rdx=Oop [56]=Oop }
                      ;*getfield scopedValueBindings {reexecute=1 rethrow=0 return_oop=0}
                      ; - (reexecute) java.lang.Thread::scopedValueBindings@3 (line 311)
                      ; - java.lang.Thread::run@12 (line 1473)
                      ;   {metadata({method} {0x00000000294a4168} 'runWith' '(Ljava/lang/Object;Ljava/lang/Runnable;)V' in 'java/lang/Thread')}
  0x00000213ba652418: 0749 ba60 | 414a 2900 | 0000 004c | 8954 2408 | 48c7 0424 | ffff ffff 

  0x00000213ba652430: ;   {runtime_call C1 Runtime counter_overflow_blob}
  0x00000213ba652430: e82b c343 

  0x00000213ba652434: ; ImmutableOopMap {rdi=Oop [56]=Oop }
                      ;*synchronization entry
                      ; - java.lang.Thread::runWith@-1 (line 1486)
                      ; - java.lang.Thread::run@19 (line 1474)
  0x00000213ba652434: 07e9 69fe 

  0x00000213ba652438: ;   {runtime_call C1 Runtime throw_null_pointer_exception_blob}
  0x00000213ba652438: ffff e8a1 

  0x00000213ba65243c: ; ImmutableOopMap {rsi=Oop [64]=Oop }
                      ;*invokeinterface run {reexecute=0 rethrow=0 return_oop=0}
                      ; - java.lang.Thread::runWith@5 (line 1487)
                      ; - java.lang.Thread::run@19 (line 1474)
                      ;   {metadata({method} {0x00000000291b7b60} 'reachabilityFence' '(Ljava/lang/Object;)V' in 'java/lang/ref/Reference')}
  0x00000213ba65243c: 5d43 0749 | ba58 7b1b | 2900 0000 | 004c 8954 | 2408 48c7 | 0424 ffff 

  0x00000213ba652454: ;   {runtime_call C1 Runtime counter_overflow_blob}
  0x00000213ba652454: ffff e805 

  0x00000213ba652458: ; ImmutableOopMap {}
                      ;*synchronization entry
                      ; - java.lang.ref.Reference::reachabilityFence@-1 (line 669)
                      ; - java.lang.Thread::runWith@11 (line 1488)
                      ; - java.lang.Thread::run@19 (line 1474)
  0x00000213ba652458: c343 07e9 | 5dff ffff 

  0x00000213ba652460: ;   {internal_word}
  0x00000213ba652460: 49ba c223 | 65ba 1302 | 0000 4d89 | 97e0 0400 

  0x00000213ba652470: ;   {runtime_call SafepointBlob}
  0x00000213ba652470: 00e9 eaea | 3607 498b | 8788 0500 | 0049 c787 | 8805 0000 | 0000 0000 | 49c7 8790 | 0500 0000 
  0x00000213ba652490: 0000 0048 | 83c4 505d 

  0x00000213ba652498: ;   {runtime_call C1 Runtime unwind_exception_blob}
  0x00000213ba652498: e943 4e43 | 07f4 f4f4 
[Stub Code]
  0x00000213ba6524a0: ;   {other}
  0x00000213ba6524a0: 0f1f 4400 

  0x00000213ba6524a4: ;   {static_stub}
  0x00000213ba6524a4: 0048 bb00 | 0000 0000 

  0x00000213ba6524ac: ;   {runtime_call nmethod}
  0x00000213ba6524ac: 0000 00e9 | fbff ffff 

  0x00000213ba6524b4: ;   {static_stub}
  0x00000213ba6524b4: 48bb 0000 | 0000 0000 

  0x00000213ba6524bc: ;   {runtime_call nmethod}
  0x00000213ba6524bc: 0000 e9fb 

  0x00000213ba6524c0: ;   {runtime_call C1 Runtime handle_exception_from_callee_blob}
  0x00000213ba6524c0: ffff ffe8 | 187b 4307 

  0x00000213ba6524c8: ;   {external_word}
  0x00000213ba6524c8: 48b9 6818 | 2939 ff7f | 0000 4883 

  0x00000213ba6524d4: ;   {runtime_call}
  0x00000213ba6524d4: e4f0 48b8 | c09c ec38 | ff7f 0000 

  0x00000213ba6524e0: ;   {section_word}
  0x00000213ba6524e0: ffd0 f449 | bae3 2465 | ba13 0200 

  0x00000213ba6524ec: ;   {runtime_call DeoptimizationBlob}
  0x00000213ba6524ec: 0041 52e9 | 6ced 3607 | f4f4 f4f4 
[/MachCode]


---------------  P R O C E S S  ---------------

Threads class SMR info:
_java_thread_list=0x00000213d4191e60, length=117, elements={
0x00000213cf11e770, 0x00000213cf10f680, 0x00000213b1d22190, 0x00000213cf115390,
0x00000213cf1124b0, 0x00000213cf111ce0, 0x00000213cf124210, 0x00000213cf131a20,
0x00000213cf116330, 0x00000213cf118a40, 0x00000213cf1172d0, 0x00000213d69c76d0,
0x00000213d69c5f60, 0x00000213d69c7ea0, 0x00000213d69c4fc0, 0x00000213d6fdeba0,
0x00000213d6fdb4f0, 0x00000213d6fdcc60, 0x00000213d6fdbcc0, 0x00000213d6fe0310,
0x00000213d6fe12b0, 0x00000213d6fe1a80, 0x00000213d6fddc00, 0x00000213d6706430,
0x00000213cf774120, 0x00000213d6dc3cc0, 0x00000213d6dc5430, 0x00000213d6dc8ae0,
0x00000213d6dc5c00, 0x00000213d6dc63d0, 0x00000213d6dc6ba0, 0x00000213d6dc7370,
0x00000213d81b2160, 0x00000213d81b11c0, 0x00000213d83167d0, 0x00000213d831c590,
0x00000213dcbd66b0, 0x00000213dcbd7650, 0x00000213dcbd85f0, 0x00000213dcbd8dc0,
0x00000213dcbd9590, 0x00000213dcbdc470, 0x00000213dcbdcc40, 0x00000213dcbdd410,
0x00000213dcbd9d60, 0x00000213dcbddbe0, 0x00000213dcbe1290, 0x00000213dcbdeb80,
0x00000213dd0d4a00, 0x00000213d4615870, 0x00000213d4616040, 0x00000213d461a690,
0x00000213d461b630, 0x00000213d46196f0, 0x00000213d4618f20, 0x00000213d460eb10,
0x00000213d4617f80, 0x00000213d461cda0, 0x00000213d461fc80, 0x00000213d4620450,
0x00000213d7895b70, 0x00000213d7894400, 0x00000213d78953a0, 0x00000213d789e040,
0x00000213d78a45d0, 0x00000213d7893c30, 0x00000213d78a3e00, 0x00000213d78a0f20,
0x00000213d78a8c20, 0x00000213d78a0750, 0x00000213d78a5d40, 0x00000213d78a74b0,
0x00000213d789ff80, 0x00000213d78acaa0, 0x00000213d789a1c0, 0x00000213d78af1b0,
0x00000213d78b18c0, 0x00000213d78b0920, 0x00000213d78a9bc0, 0x00000213d78ae9e0,
0x00000213d789efe0, 0x00000213d461d570, 0x00000213d4622b60, 0x00000213d4628150,
0x00000213d4625270, 0x00000213d462cf70, 0x00000213d462a090, 0x00000213d462df10,
0x00000213dd0d6170, 0x00000213dd0d51d0, 0x00000213d46119f0, 0x00000213d4613160,
0x00000213d4610a50, 0x00000213d4614100, 0x00000213d4616810, 0x00000213d46177b0,
0x00000213d46213f0, 0x00000213d46242d0, 0x00000213cf778f40, 0x00000213cf779710,
0x00000213d54657e0, 0x00000213d5467ef0, 0x00000213dcbdfb20, 0x00000213dcbe1a60,
0x00000213d43bd690, 0x00000213d43c24b0, 0x00000213dd0d3a60, 0x00000213dd0d59a0,
0x00000213d46150a0, 0x00000213d46271b0, 0x00000213d46290f0, 0x00000213d59fcaf0,
0x00000213d59fe320, 0x00000213d5a01380, 0x00000213cf773180, 0x00000213cf773950,
0x00000213d7896b10
}

Java Threads: ( => current thread )
  0x00000213cf11e770 JavaThread "Reference Handler"          daemon [_thread_blocked, id=37000, stack(0x0000009e77d00000,0x0000009e77e00000) (1024K)]
  0x00000213cf10f680 JavaThread "Finalizer"                  daemon [_thread_blocked, id=32944, stack(0x0000009e77e00000,0x0000009e77f00000) (1024K)]
  0x00000213b1d22190 JavaThread "Signal Dispatcher"          daemon [_thread_blocked, id=42396, stack(0x0000009e77f00000,0x0000009e78000000) (1024K)]
  0x00000213cf115390 JavaThread "Attach Listener"            daemon [_thread_blocked, id=36568, stack(0x0000009e78000000,0x0000009e78100000) (1024K)]
  0x00000213cf1124b0 JavaThread "Service Thread"             daemon [_thread_blocked, id=19296, stack(0x0000009e78100000,0x0000009e78200000) (1024K)]
  0x00000213cf111ce0 JavaThread "Monitor Deflation Thread"   daemon [_thread_blocked, id=33896, stack(0x0000009e78200000,0x0000009e78300000) (1024K)]
  0x00000213cf124210 JavaThread "C2 CompilerThread0"         daemon [_thread_blocked, id=28604, stack(0x0000009e78300000,0x0000009e78400000) (1024K)]
  0x00000213cf131a20 JavaThread "C1 CompilerThread0"         daemon [_thread_blocked, id=16784, stack(0x0000009e78400000,0x0000009e78500000) (1024K)]
  0x00000213cf116330 JavaThread "Notification Thread"        daemon [_thread_blocked, id=19492, stack(0x0000009e78500000,0x0000009e78600000) (1024K)]
  0x00000213cf118a40 JavaThread "Common-Cleaner"             daemon [_thread_blocked, id=12040, stack(0x0000009e78600000,0x0000009e78700000) (1024K)]
  0x00000213cf1172d0 JavaThread "Cleaner-0"                  daemon [_thread_blocked, id=38740, stack(0x0000009e78900000,0x0000009e78a00000) (1024K)]
  0x00000213d69c76d0 JavaThread "com.alibaba.nacos.client.logging.0" daemon [_thread_blocked, id=25848, stack(0x0000009e79f00000,0x0000009e7a000000) (1024K)]
  0x00000213d69c5f60 JavaThread "AsyncAppender-Worker-ASYNC-CONFIG" daemon [_thread_blocked, id=17508, stack(0x0000009e7a100000,0x0000009e7a200000) (1024K)]
  0x00000213d69c7ea0 JavaThread "AsyncAppender-Worker-ASYNC-NAMING" daemon [_thread_blocked, id=12672, stack(0x0000009e7a200000,0x0000009e7a300000) (1024K)]
  0x00000213d69c4fc0 JavaThread "AsyncAppender-Worker-ASYNC-REMOTE" daemon [_thread_blocked, id=21312, stack(0x0000009e7a300000,0x0000009e7a400000) (1024K)]
  0x00000213d6fdeba0 JavaThread "com.alibaba.nacos.client.auth.ram.identify.watcher.0" daemon [_thread_blocked, id=9416, stack(0x0000009e78d00000,0x0000009e78e00000) (1024K)]
  0x00000213d6fdb4f0 JavaThread "com.alibaba.nacos.client.Worker.0" daemon [_thread_blocked, id=37744, stack(0x0000009e7a500000,0x0000009e7a600000) (1024K)]
  0x00000213d6fdcc60 JavaThread "com.alibaba.nacos.client.Worker.1" daemon [_thread_blocked, id=30856, stack(0x0000009e7a600000,0x0000009e7a700000) (1024K)]
  0x00000213d6fdbcc0 JavaThread "com.alibaba.nacos.client.Worker.2" daemon [_thread_blocked, id=22436, stack(0x0000009e7a700000,0x0000009e7a800000) (1024K)]
  0x00000213d6fe0310 JavaThread "nacos.publisher-com.alibaba.nacos.common.notify.SlowEvent" daemon [_thread_blocked, id=444, stack(0x0000009e7a800000,0x0000009e7a900000) (1024K)]
  0x00000213d6fe12b0 JavaThread "com.alibaba.nacos.client.remote.worker.0" daemon [_thread_blocked, id=18144, stack(0x0000009e7a900000,0x0000009e7aa00000) (1024K)]
  0x00000213d6fe1a80 JavaThread "com.alibaba.nacos.client.remote.worker.1" daemon [_thread_blocked, id=6080, stack(0x0000009e7aa00000,0x0000009e7ab00000) (1024K)]
  0x00000213d6fddc00 JavaThread "grpc-nio-worker-ELG-1-1"    daemon [_thread_in_native, id=31720, stack(0x0000009e78a00000,0x0000009e78b00000) (1024K)]
  0x00000213d6706430 JavaThread "grpc-nio-worker-ELG-1-2"    daemon [_thread_in_native, id=42844, stack(0x0000009e7ad00000,0x0000009e7ae00000) (1024K)]
  0x00000213cf774120 JavaThread "nacos.publisher-com.alibaba.nacos.common.ability.AbstractAbilityControlManager$AbilityUpdateEvent" daemon [_thread_blocked, id=26032, stack(0x0000009e7b500000,0x0000009e7b600000) (1024K)]
  0x00000213d6dc3cc0 JavaThread "metrics-collector-sync-job-thread-1" daemon [_thread_blocked, id=3756, stack(0x0000009e7c300000,0x0000009e7c400000) (1024K)]
  0x00000213d6dc5430 JavaThread "DubboMetadataReportTimer-thread-1" daemon [_thread_blocked, id=25208, stack(0x0000009e7c400000,0x0000009e7c500000) (1024K)]
  0x00000213d6dc8ae0 JavaThread "com.alibaba.nacos.client.Worker.0" daemon [_thread_blocked, id=40996, stack(0x0000009e7c500000,0x0000009e7c600000) (1024K)]
  0x00000213d6dc5c00 JavaThread "com.alibaba.nacos.client.Worker.1" daemon [_thread_blocked, id=41140, stack(0x0000009e7c600000,0x0000009e7c700000) (1024K)]
  0x00000213d6dc63d0 JavaThread "com.alibaba.nacos.client.remote.worker.0" daemon [_thread_blocked, id=41888, stack(0x0000009e7c700000,0x0000009e7c800000) (1024K)]
  0x00000213d6dc6ba0 JavaThread "com.alibaba.nacos.client.Worker.2" daemon [_thread_blocked, id=42952, stack(0x0000009e7c800000,0x0000009e7c900000) (1024K)]
  0x00000213d6dc7370 JavaThread "com.alibaba.nacos.client.remote.worker.1" daemon [_thread_blocked, id=30268, stack(0x0000009e7c900000,0x0000009e7ca00000) (1024K)]
  0x00000213d81b2160 JavaThread "grpc-nio-worker-ELG-1-3"    daemon [_thread_in_native, id=38712, stack(0x0000009e7ca00000,0x0000009e7cb00000) (1024K)]
  0x00000213d81b11c0 JavaThread "grpc-nio-worker-ELG-1-4"    daemon [_thread_in_native, id=12900, stack(0x0000009e7cd00000,0x0000009e7ce00000) (1024K)]
  0x00000213d83167d0 JavaThread "qos-boss-1-1"               daemon [_thread_in_native, id=29692, stack(0x0000009e7d900000,0x0000009e7da00000) (1024K)]
  0x00000213d831c590 JavaThread "nacos.client.config.listener.task-0" daemon [_thread_blocked, id=31224, stack(0x0000009e7dd00000,0x0000009e7de00000) (1024K)]
  0x00000213dcbd66b0 JavaThread "com.alibaba.nacos.client.Worker.3" daemon [_thread_blocked, id=26504, stack(0x0000009e7e700000,0x0000009e7e800000) (1024K)]
  0x00000213dcbd7650 JavaThread "NettyServerBoss-4-1"        daemon [_thread_in_native, id=23576, stack(0x0000009e7e800000,0x0000009e7e900000) (1024K)]
  0x00000213dcbd85f0 JavaThread "Dubbo-framework-cache-refreshing-scheduler-thread-1" daemon [_thread_blocked, id=20520, stack(0x0000009e7e900000,0x0000009e7ea00000) (1024K)]
  0x00000213dcbd8dc0 JavaThread "Dubbo-framework-shared-scheduler-thread-1" daemon [_thread_blocked, id=28912, stack(0x0000009e7ea00000,0x0000009e7eb00000) (1024K)]
  0x00000213dcbd9590 JavaThread "nacos.publisher-com.alibaba.nacos.client.naming.event.InstancesChangeEvent" daemon [_thread_blocked, id=21544, stack(0x0000009e7eb00000,0x0000009e7ec00000) (1024K)]
  0x00000213dcbdc470 JavaThread "com.alibaba.nacos.naming.failover.0" daemon [_thread_blocked, id=25884, stack(0x0000009e7ec00000,0x0000009e7ed00000) (1024K)]
  0x00000213dcbdcc40 JavaThread "com.alibaba.nacos.client.naming.security.0" daemon [_thread_blocked, id=39836, stack(0x0000009e7ed00000,0x0000009e7ee00000) (1024K)]
  0x00000213dcbdd410 JavaThread "com.alibaba.nacos.client.naming.grpc.redo.0" daemon [_thread_blocked, id=3064, stack(0x0000009e7ee00000,0x0000009e7ef00000) (1024K)]
  0x00000213dcbd9d60 JavaThread "com.alibaba.nacos.client.remote.worker.0" daemon [_thread_blocked, id=12364, stack(0x0000009e7ef00000,0x0000009e7f000000) (1024K)]
  0x00000213dcbddbe0 JavaThread "com.alibaba.nacos.client.remote.worker.1" daemon [_thread_blocked, id=29764, stack(0x0000009e7f000000,0x0000009e7f100000) (1024K)]
  0x00000213dcbe1290 JavaThread "grpc-nio-worker-ELG-1-5"    daemon [_thread_in_native, id=17176, stack(0x0000009e7f100000,0x0000009e7f200000) (1024K)]
  0x00000213dcbdeb80 JavaThread "grpc-nio-worker-ELG-1-6"    daemon [_thread_in_native, id=42084, stack(0x0000009e7f400000,0x0000009e7f500000) (1024K)]
  0x00000213dd0d4a00 JavaThread "DubboSaveMetadataReport-thread-1" daemon [_thread_blocked, id=23416, stack(0x0000009e00100000,0x0000009e00200000) (1024K)]
  0x00000213d4615870 JavaThread "Dubbo-framework-shared-scheduler-thread-2" daemon [_thread_blocked, id=14664, stack(0x0000009e00d00000,0x0000009e00e00000) (1024K)]
  0x00000213d4616040 JavaThread "Dubbo-framework-shared-scheduler-thread-3" daemon [_thread_blocked, id=37012, stack(0x0000009e00e00000,0x0000009e00f00000) (1024K)]
  0x00000213d461a690 JavaThread "pool-1-thread-1"                   [_thread_blocked, id=40984, stack(0x0000009e01200000,0x0000009e01300000) (1024K)]
  0x00000213d461b630 JavaThread "DestroyJavaVM"                     [_thread_blocked, id=23544, stack(0x0000009e77500000,0x0000009e77600000) (1024K)]
  0x00000213d46196f0 JavaThread "Dubbo-framework-shared-scheduler-thread-4" daemon [_thread_blocked, id=2140, stack(0x0000009e01300000,0x0000009e01400000) (1024K)]
  0x00000213d4618f20 JavaThread "com.alibaba.nacos.client.Worker.3" daemon [_thread_blocked, id=14816, stack(0x0000009e01500000,0x0000009e01600000) (1024K)]
  0x00000213d460eb10 JavaThread "Dubbo-framework-shared-scheduler-thread-5" daemon [_thread_blocked, id=24728, stack(0x0000009e01600000,0x0000009e01700000) (1024K)]
  0x00000213d4617f80 JavaThread "Dubbo-framework-shared-scheduler-thread-6" daemon [_thread_blocked, id=8512, stack(0x0000009e00b00000,0x0000009e00c00000) (1024K)]
  0x00000213d461cda0 JavaThread "Dubbo-framework-shared-scheduler-thread-7" daemon [_thread_blocked, id=10816, stack(0x0000009e00c00000,0x0000009e00d00000) (1024K)]
  0x00000213d461fc80 JavaThread "com.alibaba.nacos.client.Worker.4" daemon [_thread_blocked, id=26656, stack(0x0000009e01400000,0x0000009e01500000) (1024K)]
  0x00000213d4620450 JavaThread "Dubbo-framework-shared-scheduler-thread-8" daemon [_thread_blocked, id=42216, stack(0x0000009e01700000,0x0000009e01800000) (1024K)]
  0x00000213d7895b70 JavaThread "com.alibaba.nacos.client.Worker.4" daemon [_thread_blocked, id=28888, stack(0x0000009e01800000,0x0000009e01900000) (1024K)]
  0x00000213d7894400 JavaThread "com.alibaba.nacos.client.Worker.5" daemon [_thread_blocked, id=15524, stack(0x0000009e01c00000,0x0000009e01d00000) (1024K)]
  0x00000213d78953a0 JavaThread "com.alibaba.nacos.client.Worker.5" daemon [_thread_blocked, id=11504, stack(0x0000009e00000000,0x0000009e00100000) (1024K)]
  0x00000213d789e040 JavaThread "com.alibaba.nacos.client.Worker.6" daemon [_thread_blocked, id=21180, stack(0x0000009e00400000,0x0000009e00500000) (1024K)]
  0x00000213d78a45d0 JavaThread "com.alibaba.nacos.client.Worker.6" daemon [_thread_blocked, id=35804, stack(0x0000009e00a00000,0x0000009e00b00000) (1024K)]
  0x00000213d7893c30 JavaThread "com.alibaba.nacos.client.Worker.7" daemon [_thread_blocked, id=7368, stack(0x0000009e01100000,0x0000009e01200000) (1024K)]
  0x00000213d78a3e00 JavaThread "com.alibaba.nacos.client.Worker.7" daemon [_thread_blocked, id=3236, stack(0x0000009e01e00000,0x0000009e01f00000) (1024K)]
  0x00000213d78a0f20 JavaThread "com.alibaba.nacos.client.Worker.8" daemon [_thread_blocked, id=42092, stack(0x0000009e01f00000,0x0000009e02000000) (1024K)]
  0x00000213d78a8c20 JavaThread "com.alibaba.nacos.client.Worker.8" daemon [_thread_blocked, id=36948, stack(0x0000009e02000000,0x0000009e02100000) (1024K)]
  0x00000213d78a0750 JavaThread "com.alibaba.nacos.client.Worker.9" daemon [_thread_blocked, id=41328, stack(0x0000009e01000000,0x0000009e01100000) (1024K)]
  0x00000213d78a5d40 JavaThread "com.alibaba.nacos.client.Worker.9" daemon [_thread_blocked, id=40176, stack(0x0000009e02100000,0x0000009e02200000) (1024K)]
  0x00000213d78a74b0 JavaThread "com.alibaba.nacos.client.Worker.10" daemon [_thread_blocked, id=12692, stack(0x0000009e02200000,0x0000009e02300000) (1024K)]
  0x00000213d789ff80 JavaThread "com.alibaba.nacos.client.Worker.10" daemon [_thread_blocked, id=38184, stack(0x0000009e00800000,0x0000009e00900000) (1024K)]
  0x00000213d78acaa0 JavaThread "com.alibaba.nacos.client.Worker.11" daemon [_thread_blocked, id=19196, stack(0x0000009e02400000,0x0000009e02500000) (1024K)]
  0x00000213d789a1c0 JavaThread "com.alibaba.nacos.client.Worker.11" daemon [_thread_blocked, id=24988, stack(0x0000009e01b00000,0x0000009e01c00000) (1024K)]
  0x00000213d78af1b0 JavaThread "com.alibaba.nacos.client.Worker.12" daemon [_thread_blocked, id=15760, stack(0x0000009e02800000,0x0000009e02900000) (1024K)]
  0x00000213d78b18c0 JavaThread "com.alibaba.nacos.client.Worker.12" daemon [_thread_blocked, id=26760, stack(0x0000009e02900000,0x0000009e02a00000) (1024K)]
  0x00000213d78b0920 JavaThread "com.alibaba.nacos.client.Worker.13" daemon [_thread_blocked, id=36268, stack(0x0000009e02a00000,0x0000009e02b00000) (1024K)]
  0x00000213d78a9bc0 JavaThread "com.alibaba.nacos.client.Worker.13" daemon [_thread_blocked, id=41600, stack(0x0000009e02500000,0x0000009e02600000) (1024K)]
  0x00000213d78ae9e0 JavaThread "com.alibaba.nacos.client.Worker.14" daemon [_thread_blocked, id=16012, stack(0x0000009e02700000,0x0000009e02800000) (1024K)]
  0x00000213d789efe0 JavaThread "com.alibaba.nacos.client.Worker.14" daemon [_thread_blocked, id=2356, stack(0x0000009e00500000,0x0000009e00600000) (1024K)]
  0x00000213d461d570 JavaThread "com.alibaba.nacos.client.Worker.15" daemon [_thread_blocked, id=16388, stack(0x0000009e02e00000,0x0000009e02f00000) (1024K)]
  0x00000213d4622b60 JavaThread "com.alibaba.nacos.client.Worker.15" daemon [_thread_blocked, id=14972, stack(0x0000009e01900000,0x0000009e01a00000) (1024K)]
  0x00000213d4628150 JavaThread "NettyServerWorker-5-1"      daemon [_thread_in_native, id=27528, stack(0x0000009e02f00000,0x0000009e03000000) (1024K)]
  0x00000213d4625270 JavaThread "DubboServerHandler-192.168.174.1:8002-thread-1" daemon [_thread_blocked, id=38844, stack(0x0000009e03000000,0x0000009e03100000) (1024K)]
  0x00000213d462cf70 JavaThread "DubboServerHandler-192.168.174.1:8002-thread-2" daemon [_thread_blocked, id=33080, stack(0x0000009e03300000,0x0000009e03400000) (1024K)]
  0x00000213d462a090 JavaThread "NettyServerWorker-5-2"      daemon [_thread_in_native, id=20656, stack(0x0000009e03400000,0x0000009e03500000) (1024K)]
  0x00000213d462df10 JavaThread "DubboServerHandler-192.168.174.1:8002-thread-3" daemon [_thread_blocked, id=10948, stack(0x0000009e03500000,0x0000009e03600000) (1024K)]
  0x00000213dd0d6170 JavaThread "DubboServerHandler-192.168.174.1:8002-thread-4" daemon [_thread_blocked, id=7232, stack(0x0000009e02d00000,0x0000009e02e00000) (1024K)]
  0x00000213dd0d51d0 JavaThread "DubboServerHandler-192.168.174.1:8002-thread-5" daemon [_thread_blocked, id=31804, stack(0x0000009e03100000,0x0000009e03200000) (1024K)]
  0x00000213d46119f0 JavaThread "DubboServerHandler-192.168.174.1:8002-thread-6" daemon [_thread_blocked, id=20088, stack(0x0000009e03200000,0x0000009e03300000) (1024K)]
  0x00000213d4613160 JavaThread "DubboServerHandler-192.168.174.1:8002-thread-7" daemon [_thread_blocked, id=16864, stack(0x0000009e03600000,0x0000009e03700000) (1024K)]
  0x00000213d4610a50 JavaThread "DubboServerHandler-192.168.174.1:8002-thread-8" daemon [_thread_blocked, id=8196, stack(0x0000009e03700000,0x0000009e03800000) (1024K)]
  0x00000213d4614100 JavaThread "DubboServerHandler-192.168.174.1:8002-thread-9" daemon [_thread_blocked, id=16072, stack(0x0000009e03800000,0x0000009e03900000) (1024K)]
=>0x00000213d4616810 JavaThread "DubboServerHandler-192.168.174.1:8002-thread-10" daemon [_thread_in_native, id=13328, stack(0x0000009e03900000,0x0000009e03a00000) (1024K)]
  0x00000213d46177b0 JavaThread "Dubbo-global-shared-handler-thread-4" daemon [_thread_blocked, id=38540, stack(0x0000009e03a00000,0x0000009e03b00000) (1024K)]
  0x00000213d46213f0 JavaThread "Java2D Disposer"            daemon [_thread_blocked, id=1728, stack(0x0000009e03b00000,0x0000009e03c00000) (1024K)]
  0x00000213d46242d0 JavaThread "JavaCPP Deallocator"        daemon [_thread_blocked, id=41220, stack(0x0000009e03e00000,0x0000009e03f00000) (1024K)]
  0x00000213cf778f40 JavaThread "nacos-grpc-client-executor-127.0.0.1-144" daemon [_thread_blocked, id=21200, stack(0x0000009e01d00000,0x0000009e01e00000) (1024K)]
  0x00000213cf779710 JavaThread "nacos-grpc-client-executor-127.0.0.1-145" daemon [_thread_blocked, id=32512, stack(0x0000009e02600000,0x0000009e02700000) (1024K)]
  0x00000213d54657e0 JavaThread "nacos-grpc-client-executor-127.0.0.1-126" daemon [_thread_blocked, id=37836, stack(0x0000009e00300000,0x0000009e00400000) (1024K)]
  0x00000213d5467ef0 JavaThread "nacos-grpc-client-executor-127.0.0.1-127" daemon [_thread_blocked, id=41316, stack(0x0000009e02300000,0x0000009e02400000) (1024K)]
  0x00000213dcbdfb20 JavaThread "nacos-grpc-client-executor-127.0.0.1-135" daemon [_thread_blocked, id=35388, stack(0x0000009e02b00000,0x0000009e02c00000) (1024K)]
  0x00000213dcbe1a60 JavaThread "nacos-grpc-client-executor-127.0.0.1-136" daemon [_thread_blocked, id=42492, stack(0x0000009e02c00000,0x0000009e02d00000) (1024K)]
  0x00000213d43bd690 JavaThread "nacos-grpc-client-executor-127.0.0.1-146" daemon [_thread_blocked, id=36308, stack(0x0000009e05e00000,0x0000009e05f00000) (1024K)]
  0x00000213d43c24b0 JavaThread "nacos-grpc-client-executor-127.0.0.1-147" daemon [_thread_blocked, id=42456, stack(0x0000009e05f00000,0x0000009e06000000) (1024K)]
  0x00000213dd0d3a60 JavaThread "nacos-grpc-client-executor-127.0.0.1-148" daemon [_thread_blocked, id=23036, stack(0x0000009e06800000,0x0000009e06900000) (1024K)]
  0x00000213dd0d59a0 JavaThread "nacos-grpc-client-executor-127.0.0.1-149" daemon [_thread_blocked, id=21864, stack(0x0000009e06900000,0x0000009e06a00000) (1024K)]
  0x00000213d46150a0 JavaThread "nacos-grpc-client-executor-127.0.0.1-137" daemon [_thread_blocked, id=31260, stack(0x0000009e00200000,0x0000009e00300000) (1024K)]
  0x00000213d46271b0 JavaThread "nacos-grpc-client-executor-127.0.0.1-138" daemon [_thread_blocked, id=32028, stack(0x0000009e00600000,0x0000009e00700000) (1024K)]
  0x00000213d46290f0 JavaThread "nacos-grpc-client-executor-127.0.0.1-139" daemon [_thread_blocked, id=20136, stack(0x0000009e00900000,0x0000009e00a00000) (1024K)]
  0x00000213d59fcaf0 JavaThread "C1 CompilerThread1"         daemon [_thread_blocked, id=19732, stack(0x0000009e00f00000,0x0000009e01000000) (1024K)]
  0x00000213d59fe320 JavaThread "C1 CompilerThread2"         daemon [_thread_blocked, id=17028, stack(0x0000009e05b00000,0x0000009e05c00000) (1024K)]
  0x00000213d5a01380 JavaThread "C1 CompilerThread3"         daemon [_thread_blocked, id=13212, stack(0x0000009e05c00000,0x0000009e05d00000) (1024K)]
  0x00000213cf773180 JavaThread "nacos-grpc-client-executor-127.0.0.1-128" daemon [_thread_blocked, id=4996, stack(0x0000009e06a00000,0x0000009e06b00000) (1024K)]
  0x00000213cf773950 JavaThread "nacos-grpc-client-executor-127.0.0.1-129" daemon [_thread_blocked, id=11040, stack(0x0000009e06b00000,0x0000009e06c00000) (1024K)]
  0x00000213d7896b10 JavaThread "nacos-grpc-client-executor-127.0.0.1-130" daemon [_thread_blocked, id=19856, stack(0x0000009e06c00000,0x0000009e06d00000) (1024K)]
Total: 117

Other Threads:
  0x00000213cf0fd860 VMThread "VM Thread"                           [id=39364, stack(0x0000009e77c00000,0x0000009e77d00000) (1024K)]
  0x00000213cf0ec230 WatcherThread "VM Periodic Task Thread"        [id=34580, stack(0x0000009e77b00000,0x0000009e77c00000) (1024K)]
  0x00000213b1ce02e0 WorkerThread "GC Thread#0"                     [id=39944, stack(0x0000009e77600000,0x0000009e77700000) (1024K)]
  0x00000213d53a9a30 WorkerThread "GC Thread#1"                     [id=41300, stack(0x0000009e79100000,0x0000009e79200000) (1024K)]
  0x00000213d5266be0 WorkerThread "GC Thread#2"                     [id=5492, stack(0x0000009e79200000,0x0000009e79300000) (1024K)]
  0x00000213d5267010 WorkerThread "GC Thread#3"                     [id=3448, stack(0x0000009e79300000,0x0000009e79400000) (1024K)]
  0x00000213d57dc8b0 WorkerThread "GC Thread#4"                     [id=34260, stack(0x0000009e79400000,0x0000009e79500000) (1024K)]
  0x00000213d6513630 WorkerThread "GC Thread#5"                     [id=42552, stack(0x0000009e78f00000,0x0000009e79000000) (1024K)]
  0x00000213d5fc1030 WorkerThread "GC Thread#6"                     [id=12724, stack(0x0000009e79600000,0x0000009e79700000) (1024K)]
  0x00000213d5fbfef0 WorkerThread "GC Thread#7"                     [id=40752, stack(0x0000009e79700000,0x0000009e79800000) (1024K)]
  0x00000213d5fc50e0 WorkerThread "GC Thread#8"                     [id=28172, stack(0x0000009e78e00000,0x0000009e78f00000) (1024K)]
  0x00000213d5fc43f0 WorkerThread "GC Thread#9"                     [id=28188, stack(0x0000009e79a00000,0x0000009e79b00000) (1024K)]
  0x00000213d5fc6220 WorkerThread "GC Thread#10"                    [id=18044, stack(0x0000009e79b00000,0x0000009e79c00000) (1024K)]
  0x00000213d5fc6670 WorkerThread "GC Thread#11"                    [id=42160, stack(0x0000009e79c00000,0x0000009e79d00000) (1024K)]
  0x00000213d64ee4c0 WorkerThread "GC Thread#12"                    [id=3520, stack(0x0000009e7a000000,0x0000009e7a100000) (1024K)]
  0x00000213b1cfaab0 ConcurrentGCThread "G1 Main Marker"            [id=40004, stack(0x0000009e77700000,0x0000009e77800000) (1024K)]
  0x00000213b1cfbdf0 WorkerThread "G1 Conc#0"                       [id=39652, stack(0x0000009e77800000,0x0000009e77900000) (1024K)]
  0x00000213d57230b0 WorkerThread "G1 Conc#1"                       [id=31884, stack(0x0000009e79d00000,0x0000009e79e00000) (1024K)]
  0x00000213d64ed380 WorkerThread "G1 Conc#2"                       [id=41816, stack(0x0000009e79e00000,0x0000009e79f00000) (1024K)]
  0x00000213b1d3e8c0 ConcurrentGCThread "G1 Refine#0"               [id=41612, stack(0x0000009e77900000,0x0000009e77a00000) (1024K)]
  0x00000213cef8c610 ConcurrentGCThread "G1 Service"                [id=32416, stack(0x0000009e77a00000,0x0000009e77b00000) (1024K)]
Total: 21

Threads with active compile tasks:
Total: 0

VM state: not at safepoint (normal execution)

VM Mutex/Monitor currently owned by a thread: None

Heap address: 0x0000000080000000, size: 2048 MB, Compressed Oops mode: 32-bit

CDS archive(s) mapped at: [0x0000000029000000-0x0000000029dd0000-0x0000000029dd0000), size 14483456, SharedBaseAddress: 0x0000000029000000, ArchiveRelocationMode: 1.
Compressed class space mapped at: 0x000000002a000000-0x000000006a000000, reserved size: 1073741824
UseCompressedClassPointers 1, UseCompactObjectHeaders 0
Narrow klass pointer bits 32, Max shift 3
Narrow klass base: 0x0000000029000000, Narrow klass shift: 0
Encoding Range: [0x0000000029000000 - 0x0000000129000000), (4294967296 bytes)
Klass Range:    [0x0000000029010000 - 0x000000006a000000), (1090453504 bytes)
Klass ID Range:  [65536 - 1090519033) (1090453497)
Protection zone: [0x0000000029000000 - 0x0000000029010000), (65536 bytes)

GC Precious Log:
 CardTable entry size: 512
 Card Set container configuration: InlinePtr #cards 5 size 8 Array Of Cards #cards 10 size 36 Howl #buckets 4 coarsen threshold 1843 Howl Bitmap #cards 512 size 80 coarsen threshold 460 Card regions per heap region 1 cards per card region 2048
 CPUs: 16 total, 16 available
 Memory: 14198M
 Large Page Support: Disabled
 NUMA Support: Disabled
 Compressed Oops: Enabled (32-bit)
 Heap Region Size: 1M
 Heap Min Capacity: 8M
 Heap Initial Capacity: 222M
 Heap Max Capacity: 2G
 Pre-touch: Disabled
 Parallel Workers: 13
 Concurrent Workers: 3
 Concurrent Refinement Workers: 13
 Periodic GC: Disabled

Heap:
 garbage-first heap   total reserved 2097152K, committed 112640K, used 70294K [0x0000000080000000, 0x0000000100000000)
  region size 1024K, 29 young (29696K), 1 survivors (1024K)

Heap Regions: E=young(eden), S=young(survivor), O=old, HS=humongous(starts), HC=humongous(continues), CS=collection set, F=free, TAMS=top-at-mark-start, PB=parsable bottom
|   0|0x0000000080000000, 0x0000000080100000, 0x0000000080100000|100%| O|  |TAMS 0x0000000080000000| PB 0x0000000080000000| Untracked |  0
|   1|0x0000000080100000, 0x0000000080200000, 0x0000000080200000|100%| O|  |TAMS 0x0000000080100000| PB 0x0000000080100000| Untracked |  0
|   2|0x0000000080200000, 0x0000000080300000, 0x0000000080300000|100%| O|  |TAMS 0x0000000080200000| PB 0x0000000080200000| Untracked |  0
|   3|0x0000000080300000, 0x0000000080400000, 0x0000000080400000|100%| O|  |TAMS 0x0000000080300000| PB 0x0000000080300000| Untracked |  0
|   4|0x0000000080400000, 0x000000008045dc10, 0x0000000080500000| 36%| O|Cm|TAMS 0x0000000080400000| PB 0x0000000080400000| Complete |  0
|   5|0x0000000080500000, 0x0000000080600000, 0x0000000080600000|100%| O|  |TAMS 0x0000000080500000| PB 0x0000000080500000| Untracked |  0
|   6|0x0000000080600000, 0x00000000806ff308, 0x0000000080700000| 99%| O|  |TAMS 0x0000000080600000| PB 0x0000000080600000| Untracked |  0
|   7|0x0000000080700000, 0x0000000080800000, 0x0000000080800000|100%| O|  |TAMS 0x0000000080700000| PB 0x0000000080700000| Untracked |  0
|   8|0x0000000080800000, 0x0000000080900000, 0x0000000080900000|100%| O|  |TAMS 0x0000000080800000| PB 0x0000000080800000| Untracked |  0
|   9|0x0000000080900000, 0x0000000080a00000, 0x0000000080a00000|100%| O|  |TAMS 0x0000000080900000| PB 0x0000000080900000| Untracked |  0
|  10|0x0000000080a00000, 0x0000000080b00000, 0x0000000080b00000|100%| O|  |TAMS 0x0000000080a00000| PB 0x0000000080a00000| Untracked |  0
|  11|0x0000000080b00000, 0x0000000080c00000, 0x0000000080c00000|100%| O|  |TAMS 0x0000000080b00000| PB 0x0000000080b00000| Untracked |  0
|  12|0x0000000080c00000, 0x0000000080d00000, 0x0000000080d00000|100%| O|  |TAMS 0x0000000080c00000| PB 0x0000000080c00000| Untracked |  0
|  13|0x0000000080d00000, 0x0000000080e00000, 0x0000000080e00000|100%| O|  |TAMS 0x0000000080d00000| PB 0x0000000080d00000| Untracked |  0
|  14|0x0000000080e00000, 0x0000000080f00000, 0x0000000080f00000|100%| O|  |TAMS 0x0000000080e00000| PB 0x0000000080e00000| Untracked |  0
|  15|0x0000000080f00000, 0x0000000081000000, 0x0000000081000000|100%| O|  |TAMS 0x0000000080f00000| PB 0x0000000080f00000| Untracked |  0
|  16|0x0000000081000000, 0x0000000081100000, 0x0000000081100000|100%| O|  |TAMS 0x0000000081000000| PB 0x0000000081000000| Untracked |  0
|  17|0x0000000081100000, 0x0000000081200000, 0x0000000081200000|100%| O|  |TAMS 0x0000000081100000| PB 0x0000000081100000| Untracked |  0
|  18|0x0000000081200000, 0x0000000081300000, 0x0000000081300000|100%| O|  |TAMS 0x0000000081200000| PB 0x0000000081200000| Untracked |  0
|  19|0x0000000081300000, 0x0000000081400000, 0x0000000081400000|100%| O|  |TAMS 0x0000000081300000| PB 0x0000000081300000| Untracked |  0
|  20|0x0000000081400000, 0x00000000814ee650, 0x0000000081500000| 93%| O|  |TAMS 0x0000000081400000| PB 0x0000000081400000| Untracked |  0
|  21|0x0000000081500000, 0x0000000081600000, 0x0000000081600000|100%| O|  |TAMS 0x0000000081500000| PB 0x0000000081500000| Untracked |  0
|  22|0x0000000081600000, 0x0000000081700000, 0x0000000081700000|100%| O|  |TAMS 0x0000000081600000| PB 0x0000000081600000| Untracked |  0
|  23|0x0000000081700000, 0x0000000081706620, 0x0000000081800000|  2%| O|  |TAMS 0x0000000081700000| PB 0x0000000081700000| Untracked |  0
|  24|0x0000000081800000, 0x0000000081900000, 0x0000000081900000|100%|HS|  |TAMS 0x0000000081800000| PB 0x0000000081800000| Complete |  0
|  25|0x0000000081900000, 0x0000000081a00000, 0x0000000081a00000|100%|HS|  |TAMS 0x0000000081900000| PB 0x0000000081900000| Complete |  0
|  26|0x0000000081a00000, 0x0000000081b00000, 0x0000000081b00000|100%|HS|  |TAMS 0x0000000081a00000| PB 0x0000000081a00000| Complete |  0
|  27|0x0000000081b00000, 0x0000000081c00000, 0x0000000081c00000|100%|HC|  |TAMS 0x0000000081b00000| PB 0x0000000081b00000| Complete |  0
|  28|0x0000000081c00000, 0x0000000081d00000, 0x0000000081d00000|100%| O|  |TAMS 0x0000000081c00000| PB 0x0000000081c00000| Untracked |  0
|  29|0x0000000081d00000, 0x0000000081e00000, 0x0000000081e00000|100%|HS|  |TAMS 0x0000000081d00000| PB 0x0000000081d00000| Complete |  0
|  30|0x0000000081e00000, 0x0000000081f00000, 0x0000000081f00000|100%|HC|  |TAMS 0x0000000081e00000| PB 0x0000000081e00000| Complete |  0
|  31|0x0000000081f00000, 0x0000000082000000, 0x0000000082000000|100%|HC|  |TAMS 0x0000000081f00000| PB 0x0000000081f00000| Complete |  0
|  32|0x0000000082000000, 0x0000000082100000, 0x0000000082100000|100%|HC|  |TAMS 0x0000000082000000| PB 0x0000000082000000| Complete |  0
|  33|0x0000000082100000, 0x0000000082200000, 0x0000000082200000|100%|HC|  |TAMS 0x0000000082100000| PB 0x0000000082100000| Complete |  0
|  34|0x0000000082200000, 0x0000000082300000, 0x0000000082300000|100%|HS|  |TAMS 0x0000000082200000| PB 0x0000000082200000| Complete |  0
|  35|0x0000000082300000, 0x0000000082400000, 0x0000000082400000|100%|HC|  |TAMS 0x0000000082300000| PB 0x0000000082300000| Complete |  0
|  36|0x0000000082400000, 0x0000000082500000, 0x0000000082500000|100%|HC|  |TAMS 0x0000000082400000| PB 0x0000000082400000| Complete |  0
|  37|0x0000000082500000, 0x0000000082600000, 0x0000000082600000|100%|HC|  |TAMS 0x0000000082500000| PB 0x0000000082500000| Complete |  0
|  38|0x0000000082600000, 0x0000000082700000, 0x0000000082700000|100%|HC|  |TAMS 0x0000000082600000| PB 0x0000000082600000| Complete |  0
|  39|0x0000000082700000, 0x0000000082753fe0, 0x0000000082800000| 32%| S|CS|TAMS 0x0000000082700000| PB 0x0000000082700000| Complete |  0
|  40|0x0000000082800000, 0x0000000082800000, 0x0000000082900000|  0%| F|  |TAMS 0x0000000082800000| PB 0x0000000082800000| Untracked |  0
|  41|0x0000000082900000, 0x0000000082900000, 0x0000000082a00000|  0%| F|  |TAMS 0x0000000082900000| PB 0x0000000082900000| Untracked |  0
|  42|0x0000000082a00000, 0x0000000082a00000, 0x0000000082b00000|  0%| F|  |TAMS 0x0000000082a00000| PB 0x0000000082a00000| Untracked |  0
|  43|0x0000000082b00000, 0x0000000082b00000, 0x0000000082c00000|  0%| F|  |TAMS 0x0000000082b00000| PB 0x0000000082b00000| Untracked |  0
|  44|0x0000000082c00000, 0x0000000082c00000, 0x0000000082d00000|  0%| F|  |TAMS 0x0000000082c00000| PB 0x0000000082c00000| Untracked |  0
|  45|0x0000000082d00000, 0x0000000082d00000, 0x0000000082e00000|  0%| F|  |TAMS 0x0000000082d00000| PB 0x0000000082d00000| Untracked |  0
|  46|0x0000000082e00000, 0x0000000082e00000, 0x0000000082f00000|  0%| F|  |TAMS 0x0000000082e00000| PB 0x0000000082e00000| Untracked |  0
|  47|0x0000000082f00000, 0x0000000082f00000, 0x0000000083000000|  0%| F|  |TAMS 0x0000000082f00000| PB 0x0000000082f00000| Untracked |  0
|  48|0x0000000083000000, 0x0000000083000000, 0x0000000083100000|  0%| F|  |TAMS 0x0000000083000000| PB 0x0000000083000000| Untracked |  0
|  49|0x0000000083100000, 0x0000000083100000, 0x0000000083200000|  0%| F|  |TAMS 0x0000000083100000| PB 0x0000000083100000| Untracked |  0
|  50|0x0000000083200000, 0x0000000083200000, 0x0000000083300000|  0%| F|  |TAMS 0x0000000083200000| PB 0x0000000083200000| Untracked |  0
|  51|0x0000000083300000, 0x0000000083300000, 0x0000000083400000|  0%| F|  |TAMS 0x0000000083300000| PB 0x0000000083300000| Untracked |  0
|  52|0x0000000083400000, 0x0000000083400000, 0x0000000083500000|  0%| F|  |TAMS 0x0000000083400000| PB 0x0000000083400000| Untracked |  0
|  53|0x0000000083500000, 0x0000000083500000, 0x0000000083600000|  0%| F|  |TAMS 0x0000000083500000| PB 0x0000000083500000| Untracked |  0
|  54|0x0000000083600000, 0x0000000083600000, 0x0000000083700000|  0%| F|  |TAMS 0x0000000083600000| PB 0x0000000083600000| Untracked |  0
|  55|0x0000000083700000, 0x0000000083700000, 0x0000000083800000|  0%| F|  |TAMS 0x0000000083700000| PB 0x0000000083700000| Untracked |  0
|  56|0x0000000083800000, 0x0000000083800000, 0x0000000083900000|  0%| F|  |TAMS 0x0000000083800000| PB 0x0000000083800000| Untracked |  0
|  57|0x0000000083900000, 0x0000000083900000, 0x0000000083a00000|  0%| F|  |TAMS 0x0000000083900000| PB 0x0000000083900000| Untracked |  0
|  58|0x0000000083a00000, 0x0000000083a00000, 0x0000000083b00000|  0%| F|  |TAMS 0x0000000083a00000| PB 0x0000000083a00000| Untracked |  0
|  59|0x0000000083b00000, 0x0000000083b00000, 0x0000000083c00000|  0%| F|  |TAMS 0x0000000083b00000| PB 0x0000000083b00000| Untracked |  0
|  60|0x0000000083c00000, 0x0000000083c00000, 0x0000000083d00000|  0%| F|  |TAMS 0x0000000083c00000| PB 0x0000000083c00000| Untracked |  0
|  61|0x0000000083d00000, 0x0000000083d00000, 0x0000000083e00000|  0%| F|  |TAMS 0x0000000083d00000| PB 0x0000000083d00000| Untracked |  0
|  62|0x0000000083e00000, 0x0000000083e00000, 0x0000000083f00000|  0%| F|  |TAMS 0x0000000083e00000| PB 0x0000000083e00000| Untracked |  0
|  63|0x0000000083f00000, 0x0000000083f00000, 0x0000000084000000|  0%| F|  |TAMS 0x0000000083f00000| PB 0x0000000083f00000| Untracked |  0
|  64|0x0000000084000000, 0x0000000084000000, 0x0000000084100000|  0%| F|  |TAMS 0x0000000084000000| PB 0x0000000084000000| Untracked |  0
|  65|0x0000000084100000, 0x0000000084100000, 0x0000000084200000|  0%| F|  |TAMS 0x0000000084100000| PB 0x0000000084100000| Untracked |  0
|  66|0x0000000084200000, 0x0000000084200000, 0x0000000084300000|  0%| F|  |TAMS 0x0000000084200000| PB 0x0000000084200000| Untracked |  0
|  67|0x0000000084300000, 0x0000000084300000, 0x0000000084400000|  0%| F|  |TAMS 0x0000000084300000| PB 0x0000000084300000| Untracked |  0
|  68|0x0000000084400000, 0x0000000084400000, 0x0000000084500000|  0%| F|  |TAMS 0x0000000084400000| PB 0x0000000084400000| Untracked |  0
|  69|0x0000000084500000, 0x0000000084500000, 0x0000000084600000|  0%| F|  |TAMS 0x0000000084500000| PB 0x0000000084500000| Untracked |  0
|  70|0x0000000084600000, 0x0000000084600000, 0x0000000084700000|  0%| F|  |TAMS 0x0000000084600000| PB 0x0000000084600000| Untracked |  0
|  71|0x0000000084700000, 0x0000000084700000, 0x0000000084800000|  0%| F|  |TAMS 0x0000000084700000| PB 0x0000000084700000| Untracked |  0
|  72|0x0000000084800000, 0x0000000084800000, 0x0000000084900000|  0%| F|  |TAMS 0x0000000084800000| PB 0x0000000084800000| Untracked |  0
|  73|0x0000000084900000, 0x0000000084900000, 0x0000000084a00000|  0%| F|  |TAMS 0x0000000084900000| PB 0x0000000084900000| Untracked |  0
|  74|0x0000000084a00000, 0x0000000084a00000, 0x0000000084b00000|  0%| F|  |TAMS 0x0000000084a00000| PB 0x0000000084a00000| Untracked |  0
|  75|0x0000000084b00000, 0x0000000084b00000, 0x0000000084c00000|  0%| F|  |TAMS 0x0000000084b00000| PB 0x0000000084b00000| Untracked |  0
|  76|0x0000000084c00000, 0x0000000084c00000, 0x0000000084d00000|  0%| F|  |TAMS 0x0000000084c00000| PB 0x0000000084c00000| Untracked |  0
|  77|0x0000000084d00000, 0x0000000084d00000, 0x0000000084e00000|  0%| F|  |TAMS 0x0000000084d00000| PB 0x0000000084d00000| Untracked |  0
|  78|0x0000000084e00000, 0x0000000084e8de28, 0x0000000084f00000| 55%| E|  |TAMS 0x0000000084e00000| PB 0x0000000084e00000| Complete |  0
|  79|0x0000000084f00000, 0x0000000085000000, 0x0000000085000000|100%| E|CS|TAMS 0x0000000084f00000| PB 0x0000000084f00000| Complete |  0
|  80|0x0000000085000000, 0x0000000085100000, 0x0000000085100000|100%| E|CS|TAMS 0x0000000085000000| PB 0x0000000085000000| Complete |  0
|  81|0x0000000085100000, 0x0000000085200000, 0x0000000085200000|100%| E|CS|TAMS 0x0000000085100000| PB 0x0000000085100000| Complete |  0
|  82|0x0000000085200000, 0x0000000085300000, 0x0000000085300000|100%| E|CS|TAMS 0x0000000085200000| PB 0x0000000085200000| Complete |  0
|  83|0x0000000085300000, 0x0000000085400000, 0x0000000085400000|100%| E|CS|TAMS 0x0000000085300000| PB 0x0000000085300000| Complete |  0
|  84|0x0000000085400000, 0x0000000085500000, 0x0000000085500000|100%| E|CS|TAMS 0x0000000085400000| PB 0x0000000085400000| Complete |  0
|  85|0x0000000085500000, 0x0000000085600000, 0x0000000085600000|100%| E|CS|TAMS 0x0000000085500000| PB 0x0000000085500000| Complete |  0
|  86|0x0000000085600000, 0x0000000085700000, 0x0000000085700000|100%| E|CS|TAMS 0x0000000085600000| PB 0x0000000085600000| Complete |  0
|  87|0x0000000085700000, 0x0000000085800000, 0x0000000085800000|100%| E|CS|TAMS 0x0000000085700000| PB 0x0000000085700000| Complete |  0
|  88|0x0000000085800000, 0x0000000085900000, 0x0000000085900000|100%| E|CS|TAMS 0x0000000085800000| PB 0x0000000085800000| Complete |  0
|  89|0x0000000085900000, 0x0000000085a00000, 0x0000000085a00000|100%| E|CS|TAMS 0x0000000085900000| PB 0x0000000085900000| Complete |  0
|  90|0x0000000085a00000, 0x0000000085b00000, 0x0000000085b00000|100%| E|CS|TAMS 0x0000000085a00000| PB 0x0000000085a00000| Complete |  0
|  91|0x0000000085b00000, 0x0000000085c00000, 0x0000000085c00000|100%| E|CS|TAMS 0x0000000085b00000| PB 0x0000000085b00000| Complete |  0
|  92|0x0000000085c00000, 0x0000000085d00000, 0x0000000085d00000|100%| E|CS|TAMS 0x0000000085c00000| PB 0x0000000085c00000| Complete |  0
|  93|0x0000000085d00000, 0x0000000085e00000, 0x0000000085e00000|100%| E|CS|TAMS 0x0000000085d00000| PB 0x0000000085d00000| Complete |  0
|  94|0x0000000085e00000, 0x0000000085f00000, 0x0000000085f00000|100%| E|CS|TAMS 0x0000000085e00000| PB 0x0000000085e00000| Complete |  0
|  95|0x0000000085f00000, 0x0000000086000000, 0x0000000086000000|100%| E|CS|TAMS 0x0000000085f00000| PB 0x0000000085f00000| Complete |  0
|  96|0x0000000086000000, 0x0000000086100000, 0x0000000086100000|100%| E|CS|TAMS 0x0000000086000000| PB 0x0000000086000000| Complete |  0
|  97|0x0000000086100000, 0x0000000086200000, 0x0000000086200000|100%| E|CS|TAMS 0x0000000086100000| PB 0x0000000086100000| Complete |  0
|  98|0x0000000086200000, 0x0000000086300000, 0x0000000086300000|100%| E|CS|TAMS 0x0000000086200000| PB 0x0000000086200000| Complete |  0
|  99|0x0000000086300000, 0x0000000086400000, 0x0000000086400000|100%| E|CS|TAMS 0x0000000086300000| PB 0x0000000086300000| Complete |  0
| 100|0x0000000086400000, 0x0000000086500000, 0x0000000086500000|100%| E|CS|TAMS 0x0000000086400000| PB 0x0000000086400000| Complete |  0
| 159|0x0000000089f00000, 0x000000008a000000, 0x000000008a000000|100%| E|CS|TAMS 0x0000000089f00000| PB 0x0000000089f00000| Complete |  0
| 160|0x000000008a000000, 0x000000008a100000, 0x000000008a100000|100%| E|CS|TAMS 0x000000008a000000| PB 0x000000008a000000| Complete |  0
| 161|0x000000008a100000, 0x000000008a200000, 0x000000008a200000|100%| E|CS|TAMS 0x000000008a100000| PB 0x000000008a100000| Complete |  0
|2042|0x00000000ffa00000, 0x00000000ffb00000, 0x00000000ffb00000|100%| E|CS|TAMS 0x00000000ffa00000| PB 0x00000000ffa00000| Complete |  0
|2043|0x00000000ffb00000, 0x00000000ffc00000, 0x00000000ffc00000|100%| O|  |TAMS 0x00000000ffb00000| PB 0x00000000ffb00000| Untracked |  0
|2044|0x00000000ffc00000, 0x00000000ffd00000, 0x00000000ffd00000|100%| O|  |TAMS 0x00000000ffc00000| PB 0x00000000ffc00000| Untracked |  0
|2045|0x00000000ffd00000, 0x00000000ffe00000, 0x00000000ffe00000|100%| O|  |TAMS 0x00000000ffd00000| PB 0x00000000ffd00000| Untracked |  0
|2046|0x00000000ffe00000, 0x00000000fff00000, 0x00000000fff00000|100%| O|  |TAMS 0x00000000ffe00000| PB 0x00000000ffe00000| Untracked |  0
|2047|0x00000000fff00000, 0x0000000100000000, 0x0000000100000000|100%| E|CS|TAMS 0x00000000fff00000| PB 0x00000000fff00000| Complete |  0

Card table byte_map: [0x00000213ca1a0000,0x00000213ca5a0000] _byte_map_base: 0x00000213c9da0000

Marking Bits: (CMBitMap*) 0x00000213b1ce0a70
 Bits: [0x00000213ca5a0000, 0x00000213cc5a0000)

Polling page: 0x00000213afba0000

Metaspace:
Metaspace        used 71698K, committed 72128K, reserved 1114112K
 class space     used 8287K, committed 8448K, reserved 1048576K

Usage:
  Non-class:     61.92 MB used.
      Class:      8.09 MB used.
       Both:     70.02 MB used.

Virtual space:
  Non-class space:       64.00 MB reserved,      62.19 MB ( 97%) committed,  1 nodes.
      Class space:        1.00 GB reserved,       8.25 MB ( <1%) committed,  1 nodes.
             Both:        1.06 GB reserved,      70.44 MB (  6%) committed. 

Chunk freelists:
   Non-Class:  944.00 KB
       Class:  7.75 MB
        Both:  8.67 MB

MaxMetaspaceSize: unlimited
CompressedClassSpaceSize: 1.00 GB
Initial GC threshold: 21.00 MB
Current GC threshold: 113.88 MB
CDS: on
 - commit_granule_bytes: 65536.
 - commit_granule_words: 8192.
 - virtual_space_node_default_size: 8388608.
 - enlarge_chunks_in_place: 1.
UseCompressedClassPointers 1, UseCompactObjectHeaders 0
Narrow klass pointer bits 32, Max shift 3
Narrow klass base: 0x0000000029000000, Narrow klass shift: 0
Encoding Range: [0x0000000029000000 - 0x0000000129000000), (4294967296 bytes)
Klass Range:    [0x0000000029010000 - 0x000000006a000000), (1090453504 bytes)
Klass ID Range:  [65536 - 1090519033) (1090453497)
Protection zone: [0x0000000029000000 - 0x0000000029010000), (65536 bytes)


Internal statistics:

num_allocs_failed_limit: 9.
num_arena_births: 478.
num_arena_deaths: 0.
num_vsnodes_births: 2.
num_vsnodes_deaths: 0.
num_space_committed: 1125.
num_space_uncommitted: 0.
num_chunks_returned_to_freelist: 9.
num_chunks_taken_from_freelist: 2822.
num_chunk_merges: 6.
num_chunk_splits: 2199.
num_chunks_enlarged: 1934.
num_inconsistent_stats: 0.

CodeHeap 'non-profiled nmethods': size=119232Kb used=1315Kb max_used=3524Kb free=117916Kb
 bounds [0x00000213c20b0000, 0x00000213c2430000, 0x00000213c9520000]
CodeHeap 'profiled nmethods': size=119104Kb used=2062Kb max_used=11800Kb free=117041Kb
 bounds [0x00000213ba520000, 0x00000213bb0d0000, 0x00000213c1970000]
CodeHeap 'non-nmethods': size=7424Kb used=4019Kb max_used=4163Kb free=3404Kb
 bounds [0x00000213c1970000, 0x00000213c1da0000, 0x00000213c20b0000]
CodeCache: size=245760Kb, used=7396Kb, max_used=19487Kb, free=238361Kb
 total_blobs=3324, nmethods=1922, adapters=1302, full_count=0
Compilation: enabled, stopped_count=0, restarted_count=0

Compilation events (20 events):
Event: 305.185 Thread 0x00000213d59fdb10 9901       3       java.util.stream.Nodes$SpinedNodeBuilder::asArray (29 bytes)
Event: 305.185 Thread 0x00000213cf131a20 nmethod 9909 0x00000213ba721d08 code [0x00000213ba721e00, 0x00000213ba722428]
Event: 305.185 Thread 0x00000213cf131a20 9903       3       java.util.stream.Nodes$SpinedNodeBuilder::copyInto (30 bytes)
Event: 305.185 Thread 0x00000213d59fdb10 nmethod 9901 0x00000213ba721a08 code [0x00000213ba721b00, 0x00000213ba721c48]
Event: 305.185 Thread 0x00000213cf131a20 nmethod 9903 0x00000213ba721708 code [0x00000213ba721800, 0x00000213ba721948]
Event: 305.185 Thread 0x00000213cf131a20 9887       3       jdk.internal.classfile.impl.ClassFileImpl::patchDeadCode (23 bytes)
Event: 305.185 Thread 0x00000213d59fdb10 9864       1       com.yolo.inference.DetectionOptions::confidenceThreshold (5 bytes)
Event: 305.186 Thread 0x00000213d59fdb10 nmethod 9864 0x00000213c2142c08 code [0x00000213c2142d00, 0x00000213c2142dc8]
Event: 305.186 Thread 0x00000213d59fdb10 9888       3       jdk.internal.classfile.impl.ClassFileImpl::dropDeadLabels (23 bytes)
Event: 305.186 Thread 0x00000213cf131a20 nmethod 9887 0x00000213ba721408 code [0x00000213ba721500, 0x00000213ba7216e0]
Event: 305.186 Thread 0x00000213d44d91c0 nmethod 9902 0x00000213ba720d08 code [0x00000213ba720e00, 0x00000213ba7213e8]
Event: 305.186 Thread 0x00000213cf131a20 9890       3       jdk.internal.classfile.impl.StackMapGenerator::stackMapTableAttribute (23 bytes)
Event: 305.186 Thread 0x00000213d44d91c0 9891       3       java.lang.invoke.ConstantCallSite::dynamicInvoker (5 bytes)
Event: 305.186 Thread 0x00000213d59fdb10 nmethod 9888 0x00000213ba720a08 code [0x00000213ba720b00, 0x00000213ba720ce0]
Event: 305.186 Thread 0x00000213d44d91c0 nmethod 9891 0x00000213ba720608 code [0x00000213ba720700, 0x00000213ba7209d8]
Event: 305.186 Thread 0x00000213cf131a20 nmethod 9890 0x00000213ba71ff88 code [0x00000213ba720080, 0x00000213ba7205c8]
Event: 305.301 Thread 0x00000213d44d91c0 9911       3       java.lang.AbstractStringBuilder::<init> (68 bytes)
Event: 305.301 Thread 0x00000213d44d91c0 nmethod 9911 0x00000213ba71f608 code [0x00000213ba71f700, 0x00000213ba71ff78]
Event: 305.372 Thread 0x00000213d59fdb10 9914       3       java.util.ArrayList$SubList::toArray (79 bytes)
Event: 305.373 Thread 0x00000213d59fdb10 nmethod 9914 0x00000213ba71ed88 code [0x00000213ba71ee80, 0x00000213ba71f5b0]

GC Heap Usage History (20 events):
Event: 300.552 {heap Before GC invocations=67 (full 0):
 garbage-first heap   total reserved 2097152K, committed 112640K, used 98662K [0x0000000080000000, 0x0000000100000000)
  region size 1024K, 66 young (67584K), 1 survivors (1024K)
}
Event: 300.553 {heap After GC invocations=68 (full 0):
 garbage-first heap   total reserved 2097152K, committed 112640K, used 32115K [0x0000000080000000, 0x0000000100000000)
  region size 1024K, 1 young (1024K), 1 survivors (1024K)
}
Event: 300.624 {heap Before GC invocations=68 (full 0):
 garbage-first heap   total reserved 2097152K, committed 112640K, used 98675K [0x0000000080000000, 0x0000000100000000)
  region size 1024K, 66 young (67584K), 1 survivors (1024K)
}
Event: 300.625 {heap After GC invocations=69 (full 0):
 garbage-first heap   total reserved 2097152K, committed 112640K, used 32038K [0x0000000080000000, 0x0000000100000000)
  region size 1024K, 1 young (1024K), 1 survivors (1024K)
}
Event: 300.707 {heap Before GC invocations=69 (full 0):
 garbage-first heap   total reserved 2097152K, committed 112640K, used 98598K [0x0000000080000000, 0x0000000100000000)
  region size 1024K, 66 young (67584K), 1 survivors (1024K)
}
Event: 300.709 {heap After GC invocations=70 (full 0):
 garbage-first heap   total reserved 2097152K, committed 112640K, used 32090K [0x0000000080000000, 0x0000000100000000)
  region size 1024K, 1 young (1024K), 1 survivors (1024K)
}
Event: 300.864 {heap Before GC invocations=71 (full 0):
 garbage-first heap   total reserved 2097152K, committed 112640K, used 98650K [0x0000000080000000, 0x0000000100000000)
  region size 1024K, 66 young (67584K), 1 survivors (1024K)
}
Event: 300.865 {heap After GC invocations=72 (full 0):
 garbage-first heap   total reserved 2097152K, committed 112640K, used 32123K [0x0000000080000000, 0x0000000100000000)
  region size 1024K, 1 young (1024K), 1 survivors (1024K)
}
Event: 300.927 {heap Before GC invocations=72 (full 0):
 garbage-first heap   total reserved 2097152K, committed 112640K, used 98683K [0x0000000080000000, 0x0000000100000000)
  region size 1024K, 66 young (67584K), 1 survivors (1024K)
}
Event: 300.929 {heap After GC invocations=73 (full 0):
 garbage-first heap   total reserved 2097152K, committed 112640K, used 32090K [0x0000000080000000, 0x0000000100000000)
  region size 1024K, 1 young (1024K), 1 survivors (1024K)
}
Event: 300.997 {heap Before GC invocations=73 (full 0):
 garbage-first heap   total reserved 2097152K, committed 112640K, used 98650K [0x0000000080000000, 0x0000000100000000)
  region size 1024K, 66 young (67584K), 1 survivors (1024K)
}
Event: 300.999 {heap After GC invocations=74 (full 0):
 garbage-first heap   total reserved 2097152K, committed 112640K, used 32112K [0x0000000080000000, 0x0000000100000000)
  region size 1024K, 1 young (1024K), 1 survivors (1024K)
}
Event: 301.146 {heap Before GC invocations=75 (full 0):
 garbage-first heap   total reserved 2097152K, committed 112640K, used 98672K [0x0000000080000000, 0x0000000100000000)
  region size 1024K, 66 young (67584K), 1 survivors (1024K)
}
Event: 301.147 {heap After GC invocations=76 (full 0):
 garbage-first heap   total reserved 2097152K, committed 112640K, used 32121K [0x0000000080000000, 0x0000000100000000)
  region size 1024K, 1 young (1024K), 1 survivors (1024K)
}
Event: 301.293 {heap Before GC invocations=76 (full 0):
 garbage-first heap   total reserved 2097152K, committed 112640K, used 98681K [0x0000000080000000, 0x0000000100000000)
  region size 1024K, 66 young (67584K), 1 survivors (1024K)
}
Event: 301.295 {heap After GC invocations=77 (full 0):
 garbage-first heap   total reserved 2097152K, committed 112640K, used 32045K [0x0000000080000000, 0x0000000100000000)
  region size 1024K, 1 young (1024K), 1 survivors (1024K)
}
Event: 301.397 {heap Before GC invocations=77 (full 0):
 garbage-first heap   total reserved 2097152K, committed 112640K, used 98605K [0x0000000080000000, 0x0000000100000000)
  region size 1024K, 66 young (67584K), 1 survivors (1024K)
}
Event: 301.399 {heap After GC invocations=78 (full 0):
 garbage-first heap   total reserved 2097152K, committed 135168K, used 32094K [0x0000000080000000, 0x0000000100000000)
  region size 1024K, 1 young (1024K), 1 survivors (1024K)
}
Event: 302.261 {heap Before GC invocations=79 (full 0):
 garbage-first heap   total reserved 2097152K, committed 112640K, used 98654K [0x0000000080000000, 0x0000000100000000)
  region size 1024K, 66 young (67584K), 1 survivors (1024K)
}
Event: 302.263 {heap After GC invocations=80 (full 0):
 garbage-first heap   total reserved 2097152K, committed 112640K, used 32406K [0x0000000080000000, 0x0000000100000000)
  region size 1024K, 1 young (1024K), 1 survivors (1024K)
}

Metaspace Usage History (20 events):
Event: 300.552 {metaspace Before GC invocations=67 (full 0):
 Metaspace       used 69551K, committed 69952K, reserved 1114112K
  class space    used 8025K, committed 8192K, reserved 1048576K
}
Event: 300.553 {metaspace After GC invocations=68 (full 0):
 Metaspace       used 69551K, committed 69952K, reserved 1114112K
  class space    used 8025K, committed 8192K, reserved 1048576K
}
Event: 300.624 {metaspace Before GC invocations=68 (full 0):
 Metaspace       used 69551K, committed 69952K, reserved 1114112K
  class space    used 8025K, committed 8192K, reserved 1048576K
}
Event: 300.626 {metaspace After GC invocations=69 (full 0):
 Metaspace       used 69551K, committed 69952K, reserved 1114112K
  class space    used 8025K, committed 8192K, reserved 1048576K
}
Event: 300.707 {metaspace Before GC invocations=69 (full 0):
 Metaspace       used 69551K, committed 69952K, reserved 1114112K
  class space    used 8025K, committed 8192K, reserved 1048576K
}
Event: 300.709 {metaspace After GC invocations=70 (full 0):
 Metaspace       used 69551K, committed 69952K, reserved 1114112K
  class space    used 8025K, committed 8192K, reserved 1048576K
}
Event: 300.864 {metaspace Before GC invocations=71 (full 0):
 Metaspace       used 69558K, committed 70016K, reserved 1114112K
  class space    used 8025K, committed 8192K, reserved 1048576K
}
Event: 300.865 {metaspace After GC invocations=72 (full 0):
 Metaspace       used 69558K, committed 70016K, reserved 1114112K
  class space    used 8025K, committed 8192K, reserved 1048576K
}
Event: 300.927 {metaspace Before GC invocations=72 (full 0):
 Metaspace       used 69558K, committed 70016K, reserved 1114112K
  class space    used 8025K, committed 8192K, reserved 1048576K
}
Event: 300.929 {metaspace After GC invocations=73 (full 0):
 Metaspace       used 69558K, committed 70016K, reserved 1114112K
  class space    used 8025K, committed 8192K, reserved 1048576K
}
Event: 300.997 {metaspace Before GC invocations=73 (full 0):
 Metaspace       used 69558K, committed 70016K, reserved 1114112K
  class space    used 8025K, committed 8192K, reserved 1048576K
}
Event: 300.999 {metaspace After GC invocations=74 (full 0):
 Metaspace       used 69558K, committed 70016K, reserved 1114112K
  class space    used 8025K, committed 8192K, reserved 1048576K
}
Event: 301.146 {metaspace Before GC invocations=75 (full 0):
 Metaspace       used 69559K, committed 70016K, reserved 1114112K
  class space    used 8025K, committed 8192K, reserved 1048576K
}
Event: 301.147 {metaspace After GC invocations=76 (full 0):
 Metaspace       used 69559K, committed 70016K, reserved 1114112K
  class space    used 8025K, committed 8192K, reserved 1048576K
}
Event: 301.293 {metaspace Before GC invocations=76 (full 0):
 Metaspace       used 69559K, committed 70016K, reserved 1114112K
  class space    used 8025K, committed 8192K, reserved 1048576K
}
Event: 301.295 {metaspace After GC invocations=77 (full 0):
 Metaspace       used 69559K, committed 70016K, reserved 1114112K
  class space    used 8025K, committed 8192K, reserved 1048576K
}
Event: 301.397 {metaspace Before GC invocations=77 (full 0):
 Metaspace       used 69559K, committed 70016K, reserved 1114112K
  class space    used 8025K, committed 8192K, reserved 1048576K
}
Event: 301.399 {metaspace After GC invocations=78 (full 0):
 Metaspace       used 69559K, committed 70016K, reserved 1114112K
  class space    used 8025K, committed 8192K, reserved 1048576K
}
Event: 302.261 {metaspace Before GC invocations=79 (full 0):
 Metaspace       used 71505K, committed 71936K, reserved 1114112K
  class space    used 8268K, committed 8448K, reserved 1048576K
}
Event: 302.263 {metaspace After GC invocations=80 (full 0):
 Metaspace       used 71505K, committed 71936K, reserved 1114112K
  class space    used 8268K, committed 8448K, reserved 1048576K
}

Dll operation events (20 events):
Event: 297.058 Loaded shared library C:\Users\÷Á\AppData\Local\Temp\.javacpp-÷Á\cache\javacpp-1.5.10-windows-x86_64.jar\org\bytedeco\javacpp\windows-x86_64\api-ms-win-core-util-l1-1-0.dll
Event: 297.075 Loaded shared library C:\Users\÷Á\AppData\Local\Temp\.javacpp-÷Á\cache\javacpp-1.5.10-windows-x86_64.jar\org\bytedeco\javacpp\windows-x86_64\api-ms-win-core-interlocked-l1-1-0.dll
Event: 297.103 Loaded shared library C:\Users\÷Á\AppData\Local\Temp\.javacpp-÷Á\cache\javacpp-1.5.10-windows-x86_64.jar\org\bytedeco\javacpp\windows-x86_64\ucrtbase.dll
Event: 297.128 Loaded shared library C:\Users\÷Á\AppData\Local\Temp\.javacpp-÷Á\cache\javacpp-1.5.10-windows-x86_64.jar\org\bytedeco\javacpp\windows-x86_64\vcruntime140.dll
Event: 297.144 Loaded shared library C:\Users\÷Á\AppData\Local\Temp\.javacpp-÷Á\cache\javacpp-1.5.10-windows-x86_64.jar\org\bytedeco\javacpp\windows-x86_64\vcruntime140_1.dll
Event: 297.167 Loaded shared library C:\Users\÷Á\AppData\Local\Temp\.javacpp-÷Á\cache\javacpp-1.5.10-windows-x86_64.jar\org\bytedeco\javacpp\windows-x86_64\msvcp140.dll
Event: 297.188 Loaded shared library C:\Users\÷Á\AppData\Local\Temp\.javacpp-÷Á\cache\javacpp-1.5.10-windows-x86_64.jar\org\bytedeco\javacpp\windows-x86_64\msvcp140_1.dll
Event: 297.208 Loaded shared library C:\Users\÷Á\AppData\Local\Temp\.javacpp-÷Á\cache\javacpp-1.5.10-windows-x86_64.jar\org\bytedeco\javacpp\windows-x86_64\concrt140.dll
Event: 297.229 Loaded shared library C:\Users\÷Á\AppData\Local\Temp\.javacpp-÷Á\cache\javacpp-1.5.10-windows-x86_64.jar\org\bytedeco\javacpp\windows-x86_64\vcomp140.dll
Event: 297.250 Loaded shared library C:\Users\÷Á\AppData\Local\Temp\.javacpp-÷Á\cache\javacpp-1.5.10-windows-x86_64.jar\org\bytedeco\javacpp\windows-x86_64\jnijavacpp.dll
Event: 297.561 Loaded shared library C:\Users\÷Á\AppData\Local\Temp\.javacpp-÷Á\cache\openblas-0.3.26-1.5.10-windows-x86_64.jar\org\bytedeco\openblas\windows-x86_64\libopenblas_nolapack.dll
Event: 298.306 Loaded shared library C:\Users\÷Á\AppData\Local\Temp\.javacpp-÷Á\cache\openblas-0.3.26-1.5.10-windows-x86_64.jar\org\bytedeco\openblas\windows-x86_64\jniopenblas_nolapack.dll
Event: 298.714 Loaded shared library C:\Users\÷Á\AppData\Local\Temp\.javacpp-÷Á\cache\openblas-0.3.26-1.5.10-windows-x86_64.jar\org\bytedeco\openblas\windows-x86_64\libopenblas.dll
Event: 299.104 Loaded shared library C:\Users\÷Á\AppData\Local\Temp\.javacpp-÷Á\cache\openblas-0.3.26-1.5.10-windows-x86_64.jar\org\bytedeco\openblas\windows-x86_64\jniopenblas.dll
Event: 301.091 Loaded shared library C:\Users\÷Á\AppData\Local\Temp\.javacpp-÷Á\cache\opencv-4.9.0-1.5.10-windows-x86_64.jar\org\bytedeco\opencv\windows-x86_64\opencv_core490.dll
Event: 301.268 Loaded shared library C:\Users\÷Á\AppData\Local\Temp\.javacpp-÷Á\cache\opencv-4.9.0-1.5.10-windows-x86_64.jar\org\bytedeco\opencv\windows-x86_64\opencv_imgproc490.dll
Event: 301.467 Loaded shared library C:\Users\÷Á\AppData\Local\Temp\.javacpp-÷Á\cache\opencv-4.9.0-1.5.10-windows-x86_64.jar\org\bytedeco\opencv\windows-x86_64\jniopencv_core.dll
Event: 302.195 Loaded shared library C:\Users\÷Á\AppData\Local\Temp\.javacpp-÷Á\cache\opencv-4.9.0-1.5.10-windows-x86_64.jar\org\bytedeco\opencv\windows-x86_64\jniopencv_imgproc.dll
Event: 302.319 Loaded shared library C:\Users\÷Á\AppData\Local\Temp\.javacpp-÷Á\cache\opencv-4.9.0-1.5.10-windows-x86_64.jar\org\bytedeco\opencv\windows-x86_64\opencv_imgcodecs490.dll
Event: 302.349 Loaded shared library C:\Users\÷Á\AppData\Local\Temp\.javacpp-÷Á\cache\opencv-4.9.0-1.5.10-windows-x86_64.jar\org\bytedeco\opencv\windows-x86_64\jniopencv_imgcodecs.dll

Deoptimization events (20 events):
Event: 297.317 Thread 0x00000213d4616810 DEOPT PACKING pc=0x00000213c229a2d0 sp=0x0000009e039fbe60
Event: 297.317 Thread 0x00000213d4616810 DEOPT UNPACKING pc=0x00000213c1a90902 sp=0x0000009e039fbe30 mode 2
Event: 297.645 Thread 0x00000213d4616810 DEOPT PACKING pc=0x00000213baf3dfc6 sp=0x0000009e039fba80
Event: 297.645 Thread 0x00000213d4616810 DEOPT UNPACKING pc=0x00000213c19c1702 sp=0x0000009e039faf80 mode 0
Event: 298.438 Thread 0x00000213d4616810 DEOPT PACKING pc=0x00000213baf3dfc6 sp=0x0000009e039fbc70
Event: 298.438 Thread 0x00000213d4616810 DEOPT UNPACKING pc=0x00000213c19c1702 sp=0x0000009e039fb170 mode 0
Event: 298.465 Thread 0x00000213d4616810 DEOPT PACKING pc=0x00000213baf3dfc6 sp=0x0000009e039fbc70
Event: 298.465 Thread 0x00000213d4616810 DEOPT UNPACKING pc=0x00000213c19c1702 sp=0x0000009e039fb170 mode 0
Event: 299.183 Thread 0x00000213d4616810 Uncommon trap: trap_request=0xffffff45 fr.pc=0x00000213c22091d8 relative=0x00000000000013d8
Event: 299.183 Thread 0x00000213d4616810 Uncommon trap: reason=unstable_if action=reinterpret pc=0x00000213c22091d8 method=jdk.internal.jimage.ImageLocation.verifyName(Ljava/lang/String;Ljava/lang/String;IIIIIILjdk/internal/jimage/ImageStrings;)Z @ 2 c2
Event: 299.183 Thread 0x00000213d4616810 DEOPT PACKING pc=0x00000213c22091d8 sp=0x0000009e039fb920
Event: 299.183 Thread 0x00000213d4616810 DEOPT UNPACKING pc=0x00000213c1a90902 sp=0x0000009e039fb688 mode 2
Event: 299.199 Thread 0x00000213d4616810 Uncommon trap: trap_request=0xffffff45 fr.pc=0x00000213c22073dc relative=0x00000000000012dc
Event: 299.199 Thread 0x00000213d4616810 Uncommon trap: reason=unstable_if action=reinterpret pc=0x00000213c22073dc method=jdk.internal.jimage.ImageLocation.verifyName(Ljava/lang/String;Ljava/lang/String;IIIIIILjdk/internal/jimage/ImageStrings;)Z @ 2 c2
Event: 299.199 Thread 0x00000213d4616810 DEOPT PACKING pc=0x00000213c22073dc sp=0x0000009e039fb860
Event: 299.199 Thread 0x00000213d4616810 DEOPT UNPACKING pc=0x00000213c1a90902 sp=0x0000009e039fb6b8 mode 2
Event: 300.794 Thread 0x00000213d4616810 DEOPT PACKING pc=0x00000213baf6eb55 sp=0x0000009e039fb7c0
Event: 300.794 Thread 0x00000213d4616810 DEOPT UNPACKING pc=0x00000213c19c1702 sp=0x0000009e039faca8 mode 0
Event: 302.629 Thread 0x00000213d4616810 DEOPT PACKING pc=0x00000213bab178f5 sp=0x0000009e039fc250
Event: 302.629 Thread 0x00000213d4616810 DEOPT UNPACKING pc=0x00000213c19c1702 sp=0x0000009e039fb738 mode 0

Classes loaded (20 events):
Event: 296.379 Loading class com/sun/imageio/plugins/jpeg/AdobeMarkerSegment
Event: 296.379 Loading class com/sun/imageio/plugins/jpeg/AdobeMarkerSegment done
Event: 296.379 Loading class com/sun/imageio/plugins/jpeg/DRIMarkerSegment
Event: 296.379 Loading class com/sun/imageio/plugins/jpeg/DRIMarkerSegment done
Event: 296.417 Loading class java/lang/UnsatisfiedLinkError
Event: 296.417 Loading class java/lang/UnsatisfiedLinkError done
Event: 296.429 Loading class java/nio/file/FileAlreadyExistsException
Event: 296.429 Loading class java/nio/file/FileAlreadyExistsException done
Event: 296.430 Loading class java/nio/file/FileVisitor
Event: 296.430 Loading class java/nio/file/FileVisitor done
Event: 296.431 Loading class java/lang/SecurityManager$StackWalkerHolder
Event: 296.431 Loading class java/lang/SecurityManager$StackWalkerHolder done
Event: 296.432 Loading class java/lang/StackStreamFactory$ClassFrameBuffer
Event: 296.432 Loading class java/lang/StackStreamFactory$ClassFrameBuffer done
Event: 302.702 Loading class java/nio/HeapFloatBuffer
Event: 302.702 Loading class java/nio/HeapFloatBuffer done
Event: 302.734 Loading class java/nio/DirectFloatBufferU
Event: 302.734 Loading class java/nio/DirectFloatBufferU done
Event: 305.178 Loading class java/util/logging/LogRecord
Event: 305.178 Loading class java/util/logging/LogRecord done

Classes unloaded (0 events):
No events

Classes redefined (0 events):
No events

Internal exceptions (20 events):
Event: 296.210 Thread 0x00000213d4616810 Exception <a 'java/lang/ClassNotFoundException'{0x0000000084a1b590}: sun/awt/resources/spi/awtProvider> (0x0000000084a1b590) 
thrown [s\open\src\hotspot\share\classfile\systemDictionary.cpp, line 328]
Event: 296.223 Thread 0x00000213d4616810 Exception <a 'java/io/FileNotFoundException'{0x0000000084a27b50}> (0x0000000084a27b50) 
thrown [s\open\src\hotspot\share\prims\jni.cpp, line 516]
Event: 296.224 Thread 0x00000213d4616810 Exception <a 'java/io/FileNotFoundException'{0x0000000084a28a70}> (0x0000000084a28a70) 
thrown [s\open\src\hotspot\share\prims\jni.cpp, line 516]
Event: 296.443 Thread 0x00000213d4616810 Exception <a 'java/io/IOException'{0x0000000083e8af18}> (0x0000000083e8af18) 
thrown [s\open\src\hotspot\share\prims\jni.cpp, line 516]
Event: 296.447 Thread 0x00000213d4616810 Exception <a 'java/io/IOException'{0x0000000083e8ba40}> (0x0000000083e8ba40) 
thrown [s\open\src\hotspot\share\prims\jni.cpp, line 516]
Event: 296.452 Thread 0x00000213d4616810 Exception <a 'java/lang/ClassNotFoundException'{0x0000000083ec3328}: org/springframework/boot/loader/net/protocol/jar/Handler> (0x0000000083ec3328) 
thrown [s\open\src\hotspot\share\classfile\systemDictionary.cpp, line 328]
Event: 296.459 Thread 0x00000213d4616810 Exception <a 'java/io/IOException'{0x0000000083ed8fa0}> (0x0000000083ed8fa0) 
thrown [s\open\src\hotspot\share\prims\jni.cpp, line 516]
Event: 296.462 Thread 0x00000213d4616810 Exception <a 'java/io/IOException'{0x0000000083ed9ac0}> (0x0000000083ed9ac0) 
thrown [s\open\src\hotspot\share\prims\jni.cpp, line 516]
Event: 296.464 Thread 0x00000213d4616810 Exception <a 'java/io/IOException'{0x0000000083eda5b8}> (0x0000000083eda5b8) 
thrown [s\open\src\hotspot\share\prims\jni.cpp, line 516]
Event: 296.467 Thread 0x00000213d4616810 Exception <a 'java/io/IOException'{0x0000000083edb078}> (0x0000000083edb078) 
thrown [s\open\src\hotspot\share\prims\jni.cpp, line 516]
Event: 297.334 Thread 0x00000213d4616810 Exception <a 'java/io/IOException'{0x00000000865794a0}> (0x00000000865794a0) 
thrown [s\open\src\hotspot\share\prims\jni.cpp, line 516]
Event: 297.337 Thread 0x00000213d4616810 Exception <a 'java/io/IOException'{0x0000000086579fe8}> (0x0000000086579fe8) 
thrown [s\open\src\hotspot\share\prims\jni.cpp, line 516]
Event: 297.339 Thread 0x00000213d4616810 Exception <a 'java/io/IOException'{0x000000008657ab08}> (0x000000008657ab08) 
thrown [s\open\src\hotspot\share\prims\jni.cpp, line 516]
Event: 297.341 Thread 0x00000213d4616810 Exception <a 'java/io/IOException'{0x000000008657b5f0}> (0x000000008657b5f0) 
thrown [s\open\src\hotspot\share\prims\jni.cpp, line 516]
Event: 301.029 Thread 0x00000213d4616810 Exception <a 'java/io/IOException'{0x00000000858cc390}> (0x00000000858cc390) 
thrown [s\open\src\hotspot\share\prims\jni.cpp, line 516]
Event: 301.031 Thread 0x00000213d4616810 Exception <a 'java/io/IOException'{0x00000000858ccec8}> (0x00000000858ccec8) 
thrown [s\open\src\hotspot\share\prims\jni.cpp, line 516]
Event: 301.032 Thread 0x00000213d4616810 Exception <a 'java/io/IOException'{0x00000000858cd9d8}> (0x00000000858cd9d8) 
thrown [s\open\src\hotspot\share\prims\jni.cpp, line 516]
Event: 301.034 Thread 0x00000213d4616810 Exception <a 'java/io/IOException'{0x00000000858ce4c0}> (0x00000000858ce4c0) 
thrown [s\open\src\hotspot\share\prims\jni.cpp, line 516]
Event: 304.804 Thread 0x00000213d6fdeba0 Exception <a 'java/io/FileNotFoundException'{0x00000000855898e8}> (0x00000000855898e8) 
thrown [s\open\src\hotspot\share\prims\jni.cpp, line 516]
Event: 304.804 Thread 0x00000213d6fdeba0 Exception <a 'java/io/FileNotFoundException'{0x0000000085589f08}> (0x0000000085589f08) 
thrown [s\open\src\hotspot\share\prims\jni.cpp, line 516]

VM Operations (20 events):
Event: 300.927 Executing safepoint VM operation: G1CollectForAllocation (G1 Evacuation Pause)
Event: 300.929 Executing safepoint VM operation: G1CollectForAllocation (G1 Evacuation Pause) done
Event: 300.997 Executing safepoint VM operation: G1CollectForAllocation (G1 Evacuation Pause)
Event: 300.999 Executing safepoint VM operation: G1CollectForAllocation (G1 Evacuation Pause) done
Event: 301.020 Executing safepoint VM operation: G1PauseRemark
Event: 301.022 Executing safepoint VM operation: G1PauseRemark done
Event: 301.030 Executing safepoint VM operation: G1PauseCleanup
Event: 301.030 Executing safepoint VM operation: G1PauseCleanup done
Event: 301.146 Executing safepoint VM operation: G1CollectForAllocation (G1 Evacuation Pause)
Event: 301.147 Executing safepoint VM operation: G1CollectForAllocation (G1 Evacuation Pause) done
Event: 301.293 Executing safepoint VM operation: G1CollectForAllocation (G1 Evacuation Pause)
Event: 301.295 Executing safepoint VM operation: G1CollectForAllocation (G1 Evacuation Pause) done
Event: 301.397 Executing safepoint VM operation: G1CollectForAllocation (G1 Evacuation Pause)
Event: 301.399 Executing safepoint VM operation: G1CollectForAllocation (G1 Evacuation Pause) done
Event: 301.425 Executing safepoint VM operation: G1PauseRemark
Event: 301.426 Executing safepoint VM operation: G1PauseRemark done
Event: 301.436 Executing safepoint VM operation: G1PauseCleanup
Event: 301.436 Executing safepoint VM operation: G1PauseCleanup done
Event: 302.261 Executing safepoint VM operation: G1CollectForAllocation (G1 Evacuation Pause)
Event: 302.263 Executing safepoint VM operation: G1CollectForAllocation (G1 Evacuation Pause) done

Memory protections (0 events):
No events

Nmethod flushes (20 events):
Event: 301.426 Thread 0x00000213cf0fd860 flushing  nmethod 0x00000213ba916308
Event: 301.426 Thread 0x00000213cf0fd860 flushing  nmethod 0x00000213badccd08
Event: 301.426 Thread 0x00000213cf0fd860 flushing  nmethod 0x00000213baddb088
Event: 301.426 Thread 0x00000213cf0fd860 flushing  nmethod 0x00000213baee3c88
Event: 301.426 Thread 0x00000213cf0fd860 flushing  nmethod 0x00000213bb041008
Event: 301.426 Thread 0x00000213cf0fd860 flushing  nmethod 0x00000213c20e5088
Event: 301.426 Thread 0x00000213cf0fd860 flushing  nmethod 0x00000213c2178f08
Event: 301.426 Thread 0x00000213cf0fd860 flushing  nmethod 0x00000213c2256908
Event: 301.426 Thread 0x00000213cf0fd860 flushing  nmethod 0x00000213c2402d08
Event: 301.426 Thread 0x00000213cf0fd860 flushing  nmethod 0x00000213c2403608
Event: 301.426 Thread 0x00000213cf0fd860 flushing  nmethod 0x00000213c2403908
Event: 301.426 Thread 0x00000213cf0fd860 flushing  nmethod 0x00000213c2403c08
Event: 301.426 Thread 0x00000213cf0fd860 flushing  nmethod 0x00000213c2403f08
Event: 301.426 Thread 0x00000213cf0fd860 flushing  nmethod 0x00000213ba729e88
Event: 301.426 Thread 0x00000213cf0fd860 flushing  nmethod 0x00000213ba774488
Event: 301.426 Thread 0x00000213cf0fd860 flushing  nmethod 0x00000213baa15e08
Event: 301.426 Thread 0x00000213cf0fd860 flushing  nmethod 0x00000213baa80988
Event: 301.426 Thread 0x00000213cf0fd860 flushing  nmethod 0x00000213baad1488
Event: 301.426 Thread 0x00000213cf0fd860 flushing  nmethod 0x00000213baef9908
Event: 301.426 Thread 0x00000213cf0fd860 flushing  nmethod 0x00000213bb06a488

Events (20 events):
Event: 300.743 Thread 0x00000213cf124210 Thread added: 0x00000213d44da9f0
Event: 300.743 Thread 0x00000213cf124210 Thread added: 0x00000213d44d91c0
Event: 300.805 Thread 0x00000213cf131a20 Thread added: 0x00000213d44d99d0
Event: 301.762 Thread 0x00000213dd0d22f0 Thread exited: 0x00000213dd0d22f0
Event: 301.763 Thread 0x00000213dd0cfbe0 Thread exited: 0x00000213dd0cfbe0
Event: 302.331 Thread 0x00000213d6706430 Thread added: 0x00000213cf778f40
Event: 302.331 Thread 0x00000213d6706430 Thread added: 0x00000213cf779710
Event: 302.469 Thread 0x00000213d44d99d0 Thread added: 0x00000213d59fcaf0
Event: 303.604 Thread 0x00000213dd0d2ac0 Thread exited: 0x00000213dd0d2ac0
Event: 303.604 Thread 0x00000213d44da9f0 Thread exited: 0x00000213d44da9f0
Event: 303.604 Thread 0x00000213dd0cb590 Thread exited: 0x00000213dd0cb590
Event: 304.028 Thread 0x00000213dd0d4230 Thread exited: 0x00000213dd0d4230
Event: 304.028 Thread 0x00000213dd0d59a0 Thread exited: 0x00000213dd0d59a0
Event: 304.436 Thread 0x00000213d59fcaf0 Thread exited: 0x00000213d59fcaf0
Event: 304.437 Thread 0x00000213d44d99d0 Thread exited: 0x00000213d44d99d0
Event: 304.505 Thread 0x00000213dcbdeb80 Thread added: 0x00000213d54657e0
Event: 304.505 Thread 0x00000213dcbdeb80 Thread added: 0x00000213d5467ef0
Event: 304.542 Thread 0x00000213d81b11c0 Thread added: 0x00000213dcbdfb20
Event: 304.542 Thread 0x00000213d81b11c0 Thread added: 0x00000213dcbe1a60
Event: 305.181 Thread 0x00000213d44d91c0 Thread added: 0x00000213d59fdb10


Dynamic libraries:
0x00007ff63dcd0000 - 0x00007ff63dce0000 	D:\develop\JDK\bin\java.exe
0x00007fffcd380000 - 0x00007fffcd5e6000 	C:\WINDOWS\SYSTEM32\ntdll.dll
0x00007fffccba0000 - 0x00007fffccc69000 	C:\WINDOWS\System32\KERNEL32.DLL
0x00007fffcaca0000 - 0x00007fffcb09e000 	C:\WINDOWS\System32\KERNELBASE.dll
0x00007fffcab10000 - 0x00007fffcac5c000 	C:\WINDOWS\System32\ucrtbase.dll
0x00007fffc3a90000 - 0x00007fffc3aa7000 	D:\develop\JDK\bin\jli.dll
0x00007fffb6ad0000 - 0x00007fffb6aee000 	D:\develop\JDK\bin\VCRUNTIME140.dll
0x00007fffccdc0000 - 0x00007fffccf87000 	C:\WINDOWS\System32\USER32.dll
0x00007fffcac70000 - 0x00007fffcac97000 	C:\WINDOWS\System32\win32u.dll
0x00007fffccc70000 - 0x00007fffccc9b000 	C:\WINDOWS\System32\GDI32.dll
0x00007fffb8850000 - 0x00007fffb8ae2000 	C:\WINDOWS\WinSxS\amd64_microsoft.windows.common-controls_6595b64144ccf1df_6.0.26100.8875_none_3e0d5d42e32fe9dd\COMCTL32.dll
0x00007fffca5a0000 - 0x00007fffca6ca000 	C:\WINDOWS\System32\gdi32full.dll
0x00007fffccf90000 - 0x00007fffcd039000 	C:\WINDOWS\System32\msvcrt.dll
0x00007fffca9d0000 - 0x00007fffcaa73000 	C:\WINDOWS\System32\msvcp_win.dll
0x00007fffccca0000 - 0x00007fffcccd2000 	C:\WINDOWS\System32\IMM32.DLL
0x00007fffb6ac0000 - 0x00007fffb6acc000 	D:\develop\JDK\bin\vcruntime140_1.dll
0x00007fffa7f70000 - 0x00007fffa7ffd000 	D:\develop\JDK\bin\msvcp140.dll
0x00007fff387e0000 - 0x00007fff39640000 	D:\develop\JDK\bin\server\jvm.dll
0x00007fffccce0000 - 0x00007fffccd97000 	C:\WINDOWS\System32\ADVAPI32.dll
0x00007fffcbf40000 - 0x00007fffcbfea000 	C:\WINDOWS\System32\sechost.dll
0x00007fffcbc20000 - 0x00007fffcbd38000 	C:\WINDOWS\System32\RPCRT4.dll
0x00007fffcc1b0000 - 0x00007fffcc230000 	C:\WINDOWS\System32\WS2_32.dll
0x00007fffca400000 - 0x00007fffca45e000 	C:\WINDOWS\SYSTEM32\POWRPROF.dll
0x00007fffc0110000 - 0x00007fffc0146000 	C:\WINDOWS\SYSTEM32\WINMM.dll
0x00007fffc0150000 - 0x00007fffc015b000 	C:\WINDOWS\SYSTEM32\VERSION.dll
0x00007fffca3e0000 - 0x00007fffca3f4000 	C:\WINDOWS\SYSTEM32\UMPDC.dll
0x00007fffc9280000 - 0x00007fffc929b000 	C:\WINDOWS\SYSTEM32\kernel.appcore.dll
0x00007fffb6ab0000 - 0x00007fffb6aba000 	D:\develop\JDK\bin\jimage.dll
0x00007fffc7820000 - 0x00007fffc7a62000 	C:\WINDOWS\SYSTEM32\DBGHELP.DLL
0x00007fffcb820000 - 0x00007fffcbba3000 	C:\WINDOWS\System32\combase.dll
0x00007fffcb740000 - 0x00007fffcb819000 	C:\WINDOWS\System32\OLEAUT32.dll
0x00007fffb36e0000 - 0x00007fffb371b000 	C:\WINDOWS\SYSTEM32\dbgcore.DLL
0x00007fffca910000 - 0x00007fffca9bc000 	C:\WINDOWS\System32\bcryptPrimitives.dll
0x00007fffaa740000 - 0x00007fffaa75f000 	D:\develop\JDK\bin\java.dll
0x00007fffcbd90000 - 0x00007fffcbf29000 	C:\WINDOWS\System32\ole32.dll
0x00007fffcc270000 - 0x00007fffcca02000 	C:\WINDOWS\System32\SHELL32.dll
0x00007fffc8020000 - 0x00007fffc88b2000 	C:\WINDOWS\SYSTEM32\windows.storage.dll
0x00007fffcbff0000 - 0x00007fffcc0e7000 	C:\WINDOWS\System32\SHCORE.dll
0x00007fffcbbb0000 - 0x00007fffcbc17000 	C:\WINDOWS\System32\shlwapi.dll
0x00007fffca4c0000 - 0x00007fffca4e9000 	C:\WINDOWS\SYSTEM32\profapi.dll
0x00007fffaa720000 - 0x00007fffaa732000 	D:\develop\JDK\bin\net.dll
0x00007fffc9830000 - 0x00007fffc989c000 	C:\WINDOWS\system32\mswsock.dll
0x00007fffa8700000 - 0x00007fffa8716000 	D:\develop\JDK\bin\nio.dll
0x00007fffa86a0000 - 0x00007fffa86b7000 	D:\develop\JDK\bin\zip.dll
0x00007fffc8cb0000 - 0x00007fffc8ce3000 	C:\WINDOWS\SYSTEM32\IPHLPAPI.DLL
0x00007fffcbf30000 - 0x00007fffcbf3a000 	C:\WINDOWS\System32\NSI.dll
0x00007fffc66b0000 - 0x00007fffc66be000 	C:\WINDOWS\SYSTEM32\WINNSI.DLL
0x00007fffa71c0000 - 0x00007fffa71d8000 	C:\WINDOWS\system32\napinsp.dll
0x00007fffc8cf0000 - 0x00007fffc8e46000 	C:\WINDOWS\SYSTEM32\DNSAPI.dll
0x00007fffc9610000 - 0x00007fffc961d000 	C:\WINDOWS\SYSTEM32\DSPARSE.dll
0x00007fffa69b0000 - 0x00007fffa69c3000 	C:\WINDOWS\System32\winrnr.dll
0x00007fffa6620000 - 0x00007fffa6642000 	C:\WINDOWS\system32\nlansp_c.dll
0x00007fffc2560000 - 0x00007fffc2576000 	C:\WINDOWS\system32\wshbth.dll
0x00007fffc2c70000 - 0x00007fffc2c7b000 	C:\Windows\System32\rasadhlp.dll
0x00007fffc0a30000 - 0x00007fffc0ab6000 	C:\WINDOWS\System32\fwpuclnt.dll
0x00007fffc9b30000 - 0x00007fffc9b4b000 	C:\WINDOWS\SYSTEM32\CRYPTSP.dll
0x00007fffc91c0000 - 0x00007fffc91f9000 	C:\WINDOWS\system32\rsaenh.dll
0x00007fffc98f0000 - 0x00007fffc9922000 	C:\WINDOWS\SYSTEM32\USERENV.dll
0x00007fffca490000 - 0x00007fffca4ba000 	C:\WINDOWS\SYSTEM32\bcrypt.dll
0x00007fffc9b50000 - 0x00007fffc9b5c000 	C:\WINDOWS\SYSTEM32\CRYPTBASE.dll
0x00007fff9f650000 - 0x00007fff9f65e000 	D:\develop\JDK\bin\sunmscapi.dll
0x00007fffca790000 - 0x00007fffca908000 	C:\WINDOWS\System32\CRYPT32.dll
0x00007fffc9d70000 - 0x00007fffc9da0000 	C:\WINDOWS\SYSTEM32\ncrypt.dll
0x00007fffc9d20000 - 0x00007fffc9d5f000 	C:\WINDOWS\SYSTEM32\NTASN1.dll
0x00007fffac520000 - 0x00007fffac528000 	C:\WINDOWS\system32\wshunix.dll
0x00007fffb6aa0000 - 0x00007fffb6aa9000 	D:\develop\JDK\bin\extnet.dll
0x00007ffe6e250000 - 0x00007ffe6f08d000 	C:\Users\÷Á\AppData\Local\Temp\onnxruntime-java11399449041194320994\onnxruntime.dll
0x00007fffcb2b0000 - 0x00007fffcb737000 	C:\WINDOWS\System32\SETUPAPI.dll
0x00007fffbb180000 - 0x00007fffbb189000 	C:\WINDOWS\SYSTEM32\MSVCP140_1.dll
0x00007fffc7e90000 - 0x00007fffc7fce000 	C:\WINDOWS\SYSTEM32\dxgi.dll
0x00007fffbb160000 - 0x00007fffbb178000 	C:\Users\÷Á\AppData\Local\Temp\onnxruntime-java11399449041194320994\onnxruntime4j_jni.dll
0x00007fffca0c0000 - 0x00007fffca0ef000 	C:\WINDOWS\SYSTEM32\DEVOBJ.dll
0x00007fffca100000 - 0x00007fffca151000 	C:\WINDOWS\SYSTEM32\cfgmgr32.dll
0x00007fffcaa80000 - 0x00007fffcab03000 	C:\WINDOWS\System32\WINTRUST.dll
0x00007fffc9c80000 - 0x00007fffc9c93000 	C:\WINDOWS\SYSTEM32\MSASN1.dll
0x00007fffc6d80000 - 0x00007fffc6dc6000 	C:\WINDOWS\SYSTEM32\dxcore.dll
0x00007fffc2140000 - 0x00007fffc219f000 	C:\WINDOWS\SYSTEM32\directxdatabasehelper.dll
0x00007fffb3e20000 - 0x00007fffb3e2a000 	D:\develop\JDK\bin\management.dll
0x00007fffa2230000 - 0x00007fffa223c000 	D:\develop\JDK\bin\management_ext.dll
0x00007fffcb0b0000 - 0x00007fffcb0b8000 	C:\WINDOWS\System32\PSAPI.DLL
0x00007ffe74b30000 - 0x00007ffe74cb4000 	D:\develop\JDK\bin\awt.dll
0x00007fffc6480000 - 0x00007fffc6520000 	C:\WINDOWS\SYSTEM32\apphelp.dll
0x00007fff3b910000 - 0x00007fff3b940000 	D:\develop\JDK\bin\javajpeg.dll
0x00000213afc30000 - 0x00000213afc34000 	C:\Users\÷Á\AppData\Local\Temp\.javacpp-÷Á\cache\javacpp-1.5.10-windows-x86_64.jar\org\bytedeco\javacpp\windows-x86_64\api-ms-win-crt-locale-l1-1-0.dll
0x00000213afc40000 - 0x00000213afc45000 	C:\Users\÷Á\AppData\Local\Temp\.javacpp-÷Á\cache\javacpp-1.5.10-windows-x86_64.jar\org\bytedeco\javacpp\windows-x86_64\api-ms-win-crt-string-l1-1-0.dll
0x00000213afc50000 - 0x00000213afc55000 	C:\Users\÷Á\AppData\Local\Temp\.javacpp-÷Á\cache\javacpp-1.5.10-windows-x86_64.jar\org\bytedeco\javacpp\windows-x86_64\api-ms-win-crt-stdio-l1-1-0.dll
0x00000213afc60000 - 0x00000213afc66000 	C:\Users\÷Á\AppData\Local\Temp\.javacpp-÷Á\cache\javacpp-1.5.10-windows-x86_64.jar\org\bytedeco\javacpp\windows-x86_64\api-ms-win-crt-math-l1-1-0.dll
0x00000213b0010000 - 0x00000213b0014000 	C:\Users\÷Á\AppData\Local\Temp\.javacpp-÷Á\cache\javacpp-1.5.10-windows-x86_64.jar\org\bytedeco\javacpp\windows-x86_64\api-ms-win-crt-heap-l1-1-0.dll
0x00000213cfed0000 - 0x00000213cfed5000 	C:\Users\÷Á\AppData\Local\Temp\.javacpp-÷Á\cache\javacpp-1.5.10-windows-x86_64.jar\org\bytedeco\javacpp\windows-x86_64\api-ms-win-crt-runtime-l1-1-0.dll
0x00000213cfee0000 - 0x00000213cfee5000 	C:\Users\÷Á\AppData\Local\Temp\.javacpp-÷Á\cache\javacpp-1.5.10-windows-x86_64.jar\org\bytedeco\javacpp\windows-x86_64\api-ms-win-crt-convert-l1-1-0.dll
0x00000213cfef0000 - 0x00000213cfef4000 	C:\Users\÷Á\AppData\Local\Temp\.javacpp-÷Á\cache\javacpp-1.5.10-windows-x86_64.jar\org\bytedeco\javacpp\windows-x86_64\api-ms-win-crt-environment-l1-1-0.dll
0x00000213cff00000 - 0x00000213cff04000 	C:\Users\÷Á\AppData\Local\Temp\.javacpp-÷Á\cache\javacpp-1.5.10-windows-x86_64.jar\org\bytedeco\javacpp\windows-x86_64\api-ms-win-crt-time-l1-1-0.dll
0x00000213cff10000 - 0x00000213cff14000 	C:\Users\÷Á\AppData\Local\Temp\.javacpp-÷Á\cache\javacpp-1.5.10-windows-x86_64.jar\org\bytedeco\javacpp\windows-x86_64\api-ms-win-crt-filesystem-l1-1-0.dll
0x00000213cff20000 - 0x00000213cff24000 	C:\Users\÷Á\AppData\Local\Temp\.javacpp-÷Á\cache\javacpp-1.5.10-windows-x86_64.jar\org\bytedeco\javacpp\windows-x86_64\api-ms-win-crt-utility-l1-1-0.dll
0x00000213cff30000 - 0x00000213cff36000 	C:\Users\÷Á\AppData\Local\Temp\.javacpp-÷Á\cache\javacpp-1.5.10-windows-x86_64.jar\org\bytedeco\javacpp\windows-x86_64\api-ms-win-crt-multibyte-l1-1-0.dll
0x00000213cff40000 - 0x00000213cff44000 	C:\Users\÷Á\AppData\Local\Temp\.javacpp-÷Á\cache\javacpp-1.5.10-windows-x86_64.jar\org\bytedeco\javacpp\windows-x86_64\api-ms-win-crt-conio-l1-1-0.dll
0x00000213cff50000 - 0x00000213cff61000 	C:\Users\÷Á\AppData\Local\Temp\.javacpp-÷Á\cache\javacpp-1.5.10-windows-x86_64.jar\org\bytedeco\javacpp\windows-x86_64\api-ms-win-crt-private-l1-1-0.dll
0x00000213cff70000 - 0x00000213cff74000 	C:\Users\÷Á\AppData\Local\Temp\.javacpp-÷Á\cache\javacpp-1.5.10-windows-x86_64.jar\org\bytedeco\javacpp\windows-x86_64\api-ms-win-crt-process-l1-1-0.dll
0x00000213cff80000 - 0x00000213cff84000 	C:\Users\÷Á\AppData\Local\Temp\.javacpp-÷Á\cache\javacpp-1.5.10-windows-x86_64.jar\org\bytedeco\javacpp\windows-x86_64\api-ms-win-core-console-l1-2-0.dll
0x00000213cff90000 - 0x00000213cff94000 	C:\Users\÷Á\AppData\Local\Temp\.javacpp-÷Á\cache\javacpp-1.5.10-windows-x86_64.jar\org\bytedeco\javacpp\windows-x86_64\api-ms-win-core-string-l1-1-0.dll
0x00000213cffa0000 - 0x00000213cffa4000 	C:\Users\÷Á\AppData\Local\Temp\.javacpp-÷Á\cache\javacpp-1.5.10-windows-x86_64.jar\org\bytedeco\javacpp\windows-x86_64\api-ms-win-core-errorhandling-l1-1-0.dll
0x00000213cffb0000 - 0x00000213cffb4000 	C:\Users\÷Á\AppData\Local\Temp\.javacpp-÷Á\cache\javacpp-1.5.10-windows-x86_64.jar\org\bytedeco\javacpp\windows-x86_64\api-ms-win-core-timezone-l1-1-0.dll
0x00000213cffc0000 - 0x00000213cffc5000 	C:\Users\÷Á\AppData\Local\Temp\.javacpp-÷Á\cache\javacpp-1.5.10-windows-x86_64.jar\org\bytedeco\javacpp\windows-x86_64\api-ms-win-core-file-l1-1-0.dll
0x00000213cffd0000 - 0x00000213cffd4000 	C:\Users\÷Á\AppData\Local\Temp\.javacpp-÷Á\cache\javacpp-1.5.10-windows-x86_64.jar\org\bytedeco\javacpp\windows-x86_64\api-ms-win-core-namedpipe-l1-1-0.dll
0x00000213cffe0000 - 0x00000213cffe4000 	C:\Users\÷Á\AppData\Local\Temp\.javacpp-÷Á\cache\javacpp-1.5.10-windows-x86_64.jar\org\bytedeco\javacpp\windows-x86_64\api-ms-win-core-handle-l1-1-0.dll
0x00000213cfff0000 - 0x00000213cfff4000 	C:\Users\÷Á\AppData\Local\Temp\.javacpp-÷Á\cache\javacpp-1.5.10-windows-x86_64.jar\org\bytedeco\javacpp\windows-x86_64\api-ms-win-core-file-l2-1-0.dll
0x00000213d8740000 - 0x00000213d8744000 	C:\Users\÷Á\AppData\Local\Temp\.javacpp-÷Á\cache\javacpp-1.5.10-windows-x86_64.jar\org\bytedeco\javacpp\windows-x86_64\api-ms-win-core-heap-l1-1-0.dll
0x00000213d8750000 - 0x00000213d8754000 	C:\Users\÷Á\AppData\Local\Temp\.javacpp-÷Á\cache\javacpp-1.5.10-windows-x86_64.jar\org\bytedeco\javacpp\windows-x86_64\api-ms-win-core-libraryloader-l1-1-0.dll
0x00000213d8760000 - 0x00000213d8764000 	C:\Users\÷Á\AppData\Local\Temp\.javacpp-÷Á\cache\javacpp-1.5.10-windows-x86_64.jar\org\bytedeco\javacpp\windows-x86_64\api-ms-win-core-synch-l1-1-0.dll
0x00000213d8770000 - 0x00000213d8774000 	C:\Users\÷Á\AppData\Local\Temp\.javacpp-÷Á\cache\javacpp-1.5.10-windows-x86_64.jar\org\bytedeco\javacpp\windows-x86_64\api-ms-win-core-processthreads-l1-1-0.dll
0x00000213d8780000 - 0x00000213d8784000 	C:\Users\÷Á\AppData\Local\Temp\.javacpp-÷Á\cache\javacpp-1.5.10-windows-x86_64.jar\org\bytedeco\javacpp\windows-x86_64\api-ms-win-core-processenvironment-l1-1-0.dll
0x00000213d8790000 - 0x00000213d8794000 	C:\Users\÷Á\AppData\Local\Temp\.javacpp-÷Á\cache\javacpp-1.5.10-windows-x86_64.jar\org\bytedeco\javacpp\windows-x86_64\api-ms-win-core-datetime-l1-1-0.dll
0x00000213d87a0000 - 0x00000213d87a4000 	C:\Users\÷Á\AppData\Local\Temp\.javacpp-÷Á\cache\javacpp-1.5.10-windows-x86_64.jar\org\bytedeco\javacpp\windows-x86_64\api-ms-win-core-localization-l1-2-0.dll
0x00000213d87b0000 - 0x00000213d87b4000 	C:\Users\÷Á\AppData\Local\Temp\.javacpp-÷Á\cache\javacpp-1.5.10-windows-x86_64.jar\org\bytedeco\javacpp\windows-x86_64\api-ms-win-core-sysinfo-l1-1-0.dll
0x00000213d87c0000 - 0x00000213d87c4000 	C:\Users\÷Á\AppData\Local\Temp\.javacpp-÷Á\cache\javacpp-1.5.10-windows-x86_64.jar\org\bytedeco\javacpp\windows-x86_64\api-ms-win-core-synch-l1-2-0.dll
0x00000213d87d0000 - 0x00000213d87d4000 	C:\Users\÷Á\AppData\Local\Temp\.javacpp-÷Á\cache\javacpp-1.5.10-windows-x86_64.jar\org\bytedeco\javacpp\windows-x86_64\api-ms-win-core-console-l1-1-0.dll
0x00000213d87e0000 - 0x00000213d87e4000 	C:\Users\÷Á\AppData\Local\Temp\.javacpp-÷Á\cache\javacpp-1.5.10-windows-x86_64.jar\org\bytedeco\javacpp\windows-x86_64\api-ms-win-core-debug-l1-1-0.dll
0x00000213d87f0000 - 0x00000213d87f4000 	C:\Users\÷Á\AppData\Local\Temp\.javacpp-÷Á\cache\javacpp-1.5.10-windows-x86_64.jar\org\bytedeco\javacpp\windows-x86_64\api-ms-win-core-rtlsupport-l1-1-0.dll
0x00000213d8800000 - 0x00000213d8804000 	C:\Users\÷Á\AppData\Local\Temp\.javacpp-÷Á\cache\javacpp-1.5.10-windows-x86_64.jar\org\bytedeco\javacpp\windows-x86_64\api-ms-win-core-processthreads-l1-1-1.dll
0x00000213d8810000 - 0x00000213d8814000 	C:\Users\÷Á\AppData\Local\Temp\.javacpp-÷Á\cache\javacpp-1.5.10-windows-x86_64.jar\org\bytedeco\javacpp\windows-x86_64\api-ms-win-core-file-l1-2-0.dll
0x00000213d8820000 - 0x00000213d8824000 	C:\Users\÷Á\AppData\Local\Temp\.javacpp-÷Á\cache\javacpp-1.5.10-windows-x86_64.jar\org\bytedeco\javacpp\windows-x86_64\api-ms-win-core-profile-l1-1-0.dll
0x00000213d8830000 - 0x00000213d8834000 	C:\Users\÷Á\AppData\Local\Temp\.javacpp-÷Á\cache\javacpp-1.5.10-windows-x86_64.jar\org\bytedeco\javacpp\windows-x86_64\api-ms-win-core-memory-l1-1-0.dll
0x00000213d8840000 - 0x00000213d8844000 	C:\Users\÷Á\AppData\Local\Temp\.javacpp-÷Á\cache\javacpp-1.5.10-windows-x86_64.jar\org\bytedeco\javacpp\windows-x86_64\api-ms-win-core-util-l1-1-0.dll
0x00000213d8850000 - 0x00000213d8854000 	C:\Users\÷Á\AppData\Local\Temp\.javacpp-÷Á\cache\javacpp-1.5.10-windows-x86_64.jar\org\bytedeco\javacpp\windows-x86_64\api-ms-win-core-interlocked-l1-1-0.dll
0x00007ffe7a760000 - 0x00007ffe7a871000 	C:\Users\÷Á\AppData\Local\Temp\.javacpp-÷Á\cache\javacpp-1.5.10-windows-x86_64.jar\org\bytedeco\javacpp\windows-x86_64\ucrtbase.dll
0x00007fff3bf30000 - 0x00007fff3bf4b000 	C:\Users\÷Á\AppData\Local\Temp\.javacpp-÷Á\cache\javacpp-1.5.10-windows-x86_64.jar\org\bytedeco\javacpp\windows-x86_64\vcruntime140.dll
0x00007fff93ed0000 - 0x00007fff93edc000 	C:\Users\÷Á\AppData\Local\Temp\.javacpp-÷Á\cache\javacpp-1.5.10-windows-x86_64.jar\org\bytedeco\javacpp\windows-x86_64\vcruntime140_1.dll
0x00007ffe7a650000 - 0x00007ffe7a6dd000 	C:\Users\÷Á\AppData\Local\Temp\.javacpp-÷Á\cache\javacpp-1.5.10-windows-x86_64.jar\org\bytedeco\javacpp\windows-x86_64\msvcp140.dll

JVMTI agents: none

dbghelp: loaded successfully - version: 4.0.5 - missing functions: none
symbol engine: initialized successfully - sym options: 0x614 - pdb path: .;D:\develop\JDK\bin;C:\WINDOWS\SYSTEM32;C:\WINDOWS\WinSxS\amd64_microsoft.windows.common-controls_6595b64144ccf1df_6.0.26100.8875_none_3e0d5d42e32fe9dd;D:\develop\JDK\bin\server;C:\Users\÷Á\AppData\Local\Temp\onnxruntime-java1139944904119432099;C:\Users\÷Á\AppData\Local\Temp\onnxruntime-java113994490411943209;C:\Users\÷Á\AppData\Local\Temp\onnxruntime-java11399449041194320;C:\Users\÷Á\AppData\Local\Temp\onnxruntime-java1139944904119432;C:\Users\÷Á\AppData\Local\Temp\onnxruntime-java113994490411943;C:\Users\÷Á\AppData\Local\Temp\onnxruntime-java11399449041194;C:\Users\÷Á\AppData\Local\Temp\onnxruntime-java11399449041194320994;C:\Users\÷Á\AppData\Local\Temp\.javacpp-÷Á\cache\javacpp-1.5.10-windows-x86_64.jar\org\bytedeco\javacpp\windo;C:\Users\÷Á\AppData\Local\Temp\.javacpp-÷Á\cache\javacpp-1.5.10-windows-x86_64.jar\org\bytedeco\javacpp\win;C:\Users\÷Á\AppData\Local\Temp\.javacpp-÷Á\cache\javacpp-1.5.10-windows-x86_64.jar\org\bytedeco\javacpp\w;C:\Users\÷Á\AppData\Local\Temp\.javacpp-÷Á\cache\javacpp-1.5.10-windows-x86_64.jar\org\bytedeco\javacpp;C:\Users\÷Á\AppData\Local\Temp\.javacpp-÷Á\cache\javacpp-1.5.10-windows-x86_64.jar\org\bytedeco\javac;C:\Users\÷Á\AppData\Local\Temp\.javacpp-÷Á\cache\javacpp-1.5.10-windows-x86_64.jar\org\bytedeco\jav;C:\Users\÷Á\AppData\Local\Temp\.javacpp-÷Á\cache\javacpp-1.5.10-windows-x86_64.jar\org\bytedeco\j;C:\Users\÷Á\AppData\Local\Temp\.javacpp-÷Á\cache\javacpp-1.5.10-windows-x86_64.jar\org\bytedeco;C:\Users\÷Á\AppData\Local\Temp\.javacpp-÷Á\cache\javacpp-1.5.10-windows-x86_64.jar\org\bytede;C:\Users\÷Á\AppData\Local\Temp\.javacpp-÷Á\cache\javacpp-1.5.10-windows-x86_64.jar\org\byte;C:\Users\÷Á\AppData\Local\Temp\.javacpp-÷Á\cache\javacpp-1.5.10-windows-x86_64.jar\org\by;C:\Users\÷Á\AppData\Local\Temp\.javacpp-÷Á\cache\javacpp-1.5.10-windows-x86_64.jar\org\;C:\Users\÷Á\AppData\Local\Temp\.javacpp-÷Á\cache\javacpp-1.5.10-windows-x86_64.jar\or;C:\Users\÷Á\AppData\Local\Temp\.javacpp-÷Á\cache\javacpp-1.5.10-windows-x86_64.jar\;C:\Users\÷Á\AppData\Local\Temp\.javacpp-÷Á\cache\javacpp-1.5.10-windows-x86_64.ja;C:\Users\÷Á\AppData\Local\Temp\.javacpp-÷Á\cache\javacpp-1.5.10-windows-x86_64.;C:\Users\÷Á\AppData\Local\Temp\.javacpp-÷Á\cache\javacpp-1.5.10-windows-x86_6;C:\Users\÷Á\AppData\Local\Temp\.javacpp-÷Á\cache\javacpp-1.5.10-windows-x86;C:\Users\÷Á\AppData\Local\Temp\.javacpp-÷Á\cache\javacpp-1.5.10-windows-x;C:\Users\÷Á\AppData\Local\Temp\.javacpp-÷Á\cache\javacpp-1.5.10-windows;C:\Users\÷Á\AppData\Local\Temp\.javacpp-÷Á\cache\javacpp-1.5.10-windo;C:\Users\÷Á\AppData\Local\Temp\.javacpp-÷Á\cache\javacpp-1.5.10-win;C:\Users\÷Á\AppData\Local\Temp\.javacpp-÷Á\cache\javacpp-1.5.10-w;C:\Users\÷Á\AppData\Local\Temp\.javacpp-÷Á\cache\javacpp-1.5.10;C:\Users\÷Á\AppData\Local\Temp\.javacpp-÷Á\cache\javacpp-1.5.;C:\Users\÷Á\AppData\Local\Temp\.javacpp-÷Á\cache\javacpp-1.;C:\Users\÷Á\AppData\Local\Temp\.javacpp-÷Á\cache\javacpp-;C:\Users\÷Á\AppData\Local\Temp\.javacpp-÷Á\cache\javacp;C:\Users\÷Á\AppData\Local\Temp\.javacpp-÷Á\cache\java;C:\Users\÷Á\AppData\Local\Temp\.javacpp-÷Á\cache\ja;C:\Users\÷Á\AppData\Local\Temp\.javacpp-÷Á\cache\;C:\Users\÷Á\AppData\Local\Temp\.javacpp-÷Á\cach;C:\Users\÷Á\AppData\Local\Temp\.javacpp-÷Á\ca;C:\Users\÷Á\AppData\Local\Temp\.javacpp-÷Á\;C:\Users\÷Á\AppData\Local\Temp\.javacpp-?C:\Users\÷Á\AppData\Local\Temp\.javacpp-;C:\Users\÷Á\AppData\Local\Temp\.javacpp;C:\Users\÷Á\AppData\Local\Temp\.javacp;C:\Users\÷Á\AppData\Local\Temp\.javac;C:\Users\÷Á\AppData\Local\Temp\.java;C:\Users\÷Á\AppData\Local\Temp\.jav;C:\Users\÷Á\AppData\Local\Temp\.ja;C:\Users\÷Á\AppData\Local\Temp\.j;C:\Users\÷Á\AppData\Local\Temp\.;C:\Users\÷Á\AppData\Local\Temp\;C:\Users\÷Á\AppData\Local\Temp;C:\Users\÷Á\AppData\Local\Tem;C:\Users\÷Á\AppData\Local\Te;C:\Users\÷Á\AppData\Local\T;C:\Users\÷Á\AppData\Local\Temp\.javacpp-÷Á\cache\javacpp-1.5.10-windows-x86_64.jar\org\bytedeco\javacpp\windows-x86_64;C:\Users\÷Á\AppData\Local\Temp\.j;C:\Users\÷Á\AppData\Local\Temp\.;C:\Users\÷Á\AppData\Local\Temp\;C:\Users\÷Á\AppData\Local\Temp;C:\Users\÷Á\AppData\Local\Temp\.javacpp-÷Á\cache\openblas-0.3.26-1.5.10-windows-x86_64.jar\org\bytedeco\openblas\windows-x86_64;C:\Users\÷Á\AppData\Lo;C:\Users\÷Á\AppData\L;C:\Users\÷Á\AppData\;C:\Users\÷Á\AppData;C:\Users\÷Á\AppDat;C:\Users\÷Á\AppDa

VM Arguments:
jvm_args: -Donnxruntime.lib.path= -Xmx2g 
java_command: yolo-server/target/yolo-server-1.0.0.jar --yolo.model-path=models/best-ship.onnx --dubbo.protocol.port=8002 --yolo.model-type=plane --server.port=0
java_class_path (initial): yolo-server/target/yolo-server-1.0.0.jar
Launcher Type: SUN_STANDARD

[Global flags]
     intx CICompilerCount                          = 12                                        {product} {ergonomic}
     uint ConcGCThreads                            = 3                                         {product} {ergonomic}
     uint G1ConcRefinementThreads                  = 13                                        {product} {ergonomic}
   size_t G1HeapRegionSize                         = 1048576                                   {product} {ergonomic}
   size_t InitialHeapSize                          = 232783872                                 {product} {ergonomic}
   size_t MarkStackSize                            = 4194304                                   {product} {ergonomic}
   size_t MarkStackSizeMax                         = 536870912                                 {product} {ergonomic}
   size_t MaxHeapSize                              = 2147483648                                {product} {command line}
   size_t MaxNewSize                               = 1287651328                                {product} {ergonomic}
   size_t MinHeapDeltaBytes                        = 1048576                                   {product} {ergonomic}
   size_t MinHeapSize                              = 8388608                                   {product} {ergonomic}
    uintx NonNMethodCodeHeapSize                   = 7602176                                {pd product} {ergonomic}
    uintx NonProfiledCodeHeapSize                  = 122093568                              {pd product} {ergonomic}
    uintx ProfiledCodeHeapSize                     = 121962496                              {pd product} {ergonomic}
    uintx ReservedCodeCacheSize                    = 251658240                              {pd product} {ergonomic}
     bool SegmentedCodeCache                       = true                                      {product} {ergonomic}
   size_t SoftMaxHeapSize                          = 2147483648                             {manageable} {ergonomic}
     bool UseCompressedOops                        = true                           {product lp64_product} {ergonomic}
     bool UseG1GC                                  = true                                      {product} {ergonomic}
     bool UseLargePagesIndividualAllocation        = false                                  {pd product} {ergonomic}

Logging:
Log output configuration:
 #0: stdout all=warning uptime,level,tags foldmultilines=false
 #1: stderr all=off uptime,level,tags foldmultilines=false

Release file:
IMPLEMENTOR="Oracle Corporation" 
JAVA_RUNTIME_VERSION="25.0.3+9-LTS-195" 
JAVA_VERSION="25.0.3" 
JAVA_VERSION_DATE="2026-04-21" 
LIBC="default" 
MODULES="java.base java.compiler java.datatransfer java.xml java.prefs java.desktop java.instrument java.logging java.management java.security.sasl java.naming java.rmi java.management.rmi java.net.http java.scripting java.security.jgss java.transaction.xa java.sql java.sql.rowset java.xml.crypto java.se java.smartcardio jdk.accessibility jdk.internal.jvmstat jdk.attach jdk.charsets jdk.internal.opt jdk.zipfs jdk.compiler jdk.crypto.cryptoki jdk.crypto.ec jdk.crypto.mscapi jdk.dynalink jdk.internal.ed jdk.editpad jdk.internal.vm.ci jdk.graal.compiler jdk.graal.compiler.management jdk.hotspot.agent jdk.httpserver jdk.incubator.vector jdk.internal.le jdk.internal.md jdk.jartool jdk.javadoc jdk.jcmd jdk.management jdk.management.agent jdk.jconsole jdk.jdeps jdk.jdwp.agent jdk.jdi jdk.jfr jdk.jlink jdk.jpackage jdk.jshell jdk.jsobject jdk.jstatd jdk.localedata jdk.management.jfr jdk.naming.dns jdk.naming.rmi jdk.net jdk.nio.mapmode jdk.sctp jdk.security.auth jdk.security.jgss jdk.unsupported jdk.unsupported.desktop jdk.xml.dom" 
OS_ARCH="x86_64" 
OS_NAME="Windows" 
SOURCE=".:git:bf167394bb46 open:git:e57ac4c1e765" 

Environment Variables:
JAVA_HOME=D:\develop\JDK
CLASSPATH=;D:\develop\JDK\lib\dt.jar;D:\develop\JDK\lib\tools.jar;
PATH=C:\Users\÷Á\bin;C:\Program Files\Git\mingw64\bin;C:\Program Files\Git\usr\local\bin;C:\Program Files\Git\usr\bin;C:\Program Files\Git\usr\bin;C:\Program Files\Git\mingw64\bin;C:\Program Files\Git\usr\bin;C:\Users\÷Á\bin;D:\develop\JDK\bin;C:\Program Files (x86)\VMware\VMware Workstation\bin;D:\development\flutter\bin;D:\development\Android\sdk\platform-tools;C:\Program Files\Common Files\Oracle\Java\javapath;C:\Program Files (x86)\Common Files\Intergraph\Grid Analysis SDK\1.0\Program;C:\Program Files\Python310\Scripts;C:\Program Files\Python310;C:\WINDOWS\system32;C:\WINDOWS;C:\WINDOWS\System32\Wbem;C:\WINDOWS\System32\WindowsPowerShell\v1.0;D:\develop\Java\jdk-17.0.1\bin";C:\WINDOWS\System32\OpenSSH;D:\runtime\win64;D:\bin;D:\;”∞≤‚¡ø\zgdll64;C:\;Gridknow\zgdll32;C:\Gridknow\zgdll64;C:\Program Files\dotnet;C:\Program Files (x86)\Microsoft SQL Server\100\Tools\Binn;C:\Program Files\Microsoft SQL Server\100\Tools\Binn;C:\Program Files\Microsoft SQL Server\100\DTS\Binn;C:\WINDOWS\System32\WindowsPowerShell\v1.0;C:\Program Files\ffmpeg\bin;C:\sqlite;C:\Program Files (x86)\Windows Kits\10\Windows Performance Toolkit;C:\Program Files (x86)\NetSarang\Xshell 8;C:\Program Files (x86)\NetSarang\Xftp 8;C:\Program Files\nodejs;D:\dev\python\Scripts;D:\dev\python;C:\Users\÷Á\AppData\Local\Microsoft\WindowsApps;D:\œ¬‘ÿ\Microsoft VS Code\bin;D:\develop\Java\jdk-17.0.1\bin;D:\test\mingw64\bin;C:\Program Files\JetBrains\PyCharm 2020.1\bin;C:\Users\÷Á\AppData\Roaming\npm;C:\mingw64\bin;C:\Program Files\Git\usr\bin;C:\Users\÷Á\.local\bin;C:\Program Files\Docker\Docker\resources\bin;D:\develop\apache-maven-3.9.4-bin\apache-maven-3.9.4\bin;D:\dev\python\Scripts;D:\dev\python;C:\Users\÷Á\AppData\Local\Microsoft\WindowsApps;D:\œ¬‘ÿ\Microsoft VS Code\bin;D:\develop\JDK\bin;D:\test\mingw64\bin;C:\Program Files\JetBrains\PyCharm 2020.1\bin;C:\Users\÷Á\AppData\Roaming\npm;C:\Users\÷Á\AppData\Local\Programs\Ollama;C:\Program Files\Git\usr\bin\vendor_perl;C:\Program Files\Git\usr\bin\core_perl
USERNAME=÷Á
SHELL=C:\Program Files\Git\bin\bash.exe
TERM=xterm-256color
OS=Windows_NT
PROCESSOR_IDENTIFIER=AMD64 Family 25 Model 80 Stepping 0, AuthenticAMD
TMP=C:\Users\÷Á\AppData\Local\Temp
TEMP=C:\Users\÷Á\AppData\Local\Temp




Compilation memory statistics disabled.

Periodic native trim disabled

---------------  S Y S T E M  ---------------

OS:
 Windows 11 , 64 bit Build 26100 (10.0.26100.8875)
OS uptime: 8 days 12:29 hours
Hyper-V role detected

CPU: total 16 (initial active 16) (16 cores per cpu, 2 threads per core) family 25 model 80 stepping 0 microcode 0xa50000b, cx8, cmov, fxsr, ht, mmx, 3dnowpref, sse, sse2, sse3, ssse3, sse4a, sse4.1, sse4.2, popcnt, lzcnt, tsc, tscinvbit, avx, avx2, aes, erms, clmul, bmi1, bmi2, adx, sha, fma, vzeroupper, clflush, clflushopt, clwb, hv, rdtscp, rdpid, fsrm, f16c, cet_ss
Processor Information for the first 16 processors :
  Max Mhz: 3201, Current Mhz: 3201, Mhz Limit: 3201

Memory: 4k page, system-wide physical 14198M (1060M free)
TotalPageFile size 53895M (AvailPageFile size 5867M)
current process WorkingSet (physical memory assigned to process): 626M, peak: 631M
current process commit charge ("private bytes"): 4647M, peak: 4661M

vm_info: Java HotSpot(TM) 64-Bit Server VM (25.0.3+9-LTS-195) for windows-amd64 JRE (25.0.3+9-LTS-195), built on 2026-03-11T00:20:00Z with MS VC++ 17.13 (VS2022)

END.
