#
# A fatal error has been detected by the Java Runtime Environment:
#
#  EXCEPTION_ACCESS_VIOLATION (0xc0000005) at pc=0x00007fff38be8f67, pid=18300, tid=4452
#
# JRE version: Java(TM) SE Runtime Environment (25.0.3+9) (build 25.0.3+9-LTS-195)
# Java VM: Java HotSpot(TM) 64-Bit Server VM (25.0.3+9-LTS-195, mixed mode, sharing, tiered, compressed oops, compressed class ptrs, g1 gc, windows-amd64)
# Problematic frame:
# C  [opencv_core490.dll+0x138f67]
#
# No core dump will be written. Minidumps are not enabled by default on client versions of Windows
#
# If you would like to submit a bug report, please visit:
#   https://bugreport.java.com/bugreport/crash.jsp
# The crash happened outside the Java Virtual Machine in native code.
# See problematic frame for where to report the bug.
#

---------------  S U M M A R Y ------------

Command Line: yolo-gateway/target/yolo-gateway-1.0.0.jar

Host: AMD Ryzen 7 5800H with Radeon Graphics         , 16 cores, 13G,  Windows 11 , 64 bit Build 26100 (10.0.26100.8875)
Time: Sun Jul 26 23:26:38 2026 elapsed time: 29.915943 seconds (0d 0h 0m 29s)

---------------  T H R E A D  ---------------

Current thread (0x0000017ebb04ad50):  JavaThread "DubboServerHandler-192.168.174.1:9000-thread-6" daemon [_thread_in_native, id=4452, stack(0x0000000d7c500000,0x0000000d7c600000) (1024K)]

Stack: [0x0000000d7c500000,0x0000000d7c600000],  sp=0x0000000d7c5fd070,  free space=1012k
Native frames: (J=compiled Java code, j=interpreted, Vv=VM code, C=native code)
C  [opencv_core490.dll+0x138f67]  (no source info available)
C  [jniopencv_core.dll+0x1433e9]  (no source info available)
C  0x0000017ea549d193  (no source info available)

The last pc belongs to native method entry point (kind = native) (printed below).
Java frames: (J=compiled Java code, j=interpreted, Vv=VM code)
j  org.bytedeco.opencv.opencv_core.MatVector.put(JLorg/bytedeco/opencv/opencv_core/Mat;)Lorg/bytedeco/opencv/opencv_core/MatVector;+0
j  org.bytedeco.opencv.opencv_core.MatVector.<init>(Lorg/bytedeco/opencv/opencv_core/Mat;)V+8
j  com.yolo.inference.YoloInferenceEngine.drawDetections(Ljava/awt/image/BufferedImage;Ljava/util/List;)Ljava/awt/image/BufferedImage;+204
j  com.yolo.gateway.YoloAggregationServiceImpl.drawAllDetections([BLjava/util/List;)[B+210
j  com.yolo.gateway.YoloAggregationServiceImpl.detect(Lcom/yolo/proto/AggregateDetectRequest;)Lcom/yolo/proto/AggregateDetectResponse;+207
j  com.yolo.gateway.YoloAggregationServiceImplDubboWrap0.invokeMethod(Ljava/lang/Object;Ljava/lang/String;[Ljava/lang/Class;[Ljava/lang/Object;)Ljava/lang/Object;+48
j  org.apache.dubbo.rpc.proxy.javassist.JavassistProxyFactory$1.doInvoke(Ljava/lang/Object;Ljava/lang/String;[Ljava/lang/Class;[Ljava/lang/Object;)Ljava/lang/Object;+9
j  org.apache.dubbo.rpc.proxy.AbstractProxyInvoker.invoke(Lorg/apache/dubbo/rpc/Invocation;)Lorg/apache/dubbo/rpc/Result;+75
j  org.apache.dubbo.config.invoker.DelegateProviderMetaDataInvoker.invoke(Lorg/apache/dubbo/rpc/Invocation;)Lorg/apache/dubbo/rpc/Result;+5
j  org.apache.dubbo.rpc.protocol.InvokerWrapper.invoke(Lorg/apache/dubbo/rpc/Invocation;)Lorg/apache/dubbo/rpc/Result;+5
j  org.apache.dubbo.rpc.filter.ClassLoaderCallbackFilter.invoke(Lorg/apache/dubbo/rpc/Invoker;Lorg/apache/dubbo/rpc/Invocation;)Lorg/apache/dubbo/rpc/Result;+2
j  org.apache.dubbo.rpc.cluster.filter.FilterChainBuilder$CopyOfFilterChainNode.invoke(Lorg/apache/dubbo/rpc/Invocation;)Lorg/apache/dubbo/rpc/Result;+19
j  org.apache.dubbo.rpc.protocol.tri.rest.filter.RestFilterAdapter.invoke(Lorg/apache/dubbo/rpc/Invoker;Lorg/apache/dubbo/rpc/Invocation;)Lorg/apache/dubbo/rpc/Result;+53
j  org.apache.dubbo.rpc.cluster.filter.FilterChainBuilder$CopyOfFilterChainNode.invoke(Lorg/apache/dubbo/rpc/Invocation;)Lorg/apache/dubbo/rpc/Result;+19
j  org.apache.dubbo.rpc.protocol.tri.h12.HttpContextCallbackFilter.invoke(Lorg/apache/dubbo/rpc/Invoker;Lorg/apache/dubbo/rpc/Invocation;)Lorg/apache/dubbo/rpc/Result;+2
j  org.apache.dubbo.rpc.cluster.filter.FilterChainBuilder$CopyOfFilterChainNode.invoke(Lorg/apache/dubbo/rpc/Invocation;)Lorg/apache/dubbo/rpc/Result;+19
j  org.apache.dubbo.rpc.protocol.dubbo.filter.TraceFilter.invoke(Lorg/apache/dubbo/rpc/Invoker;Lorg/apache/dubbo/rpc/Invocation;)Lorg/apache/dubbo/rpc/Result;+6
j  org.apache.dubbo.rpc.cluster.filter.FilterChainBuilder$CopyOfFilterChainNode.invoke(Lorg/apache/dubbo/rpc/Invocation;)Lorg/apache/dubbo/rpc/Result;+19
j  org.apache.dubbo.rpc.filter.TimeoutFilter.invoke(Lorg/apache/dubbo/rpc/Invoker;Lorg/apache/dubbo/rpc/Invocation;)Lorg/apache/dubbo/rpc/Result;+2
j  org.apache.dubbo.rpc.cluster.filter.FilterChainBuilder$CopyOfFilterChainNode.invoke(Lorg/apache/dubbo/rpc/Invocation;)Lorg/apache/dubbo/rpc/Result;+19
j  org.apache.dubbo.monitor.support.MonitorFilter.invoke(Lorg/apache/dubbo/rpc/Invoker;Lorg/apache/dubbo/rpc/Invocation;)Lorg/apache/dubbo/rpc/Result;+80
j  org.apache.dubbo.rpc.cluster.filter.FilterChainBuilder$CopyOfFilterChainNode.invoke(Lorg/apache/dubbo/rpc/Invocation;)Lorg/apache/dubbo/rpc/Result;+19
j  org.apache.dubbo.rpc.filter.ExceptionFilter.invoke(Lorg/apache/dubbo/rpc/Invoker;Lorg/apache/dubbo/rpc/Invocation;)Lorg/apache/dubbo/rpc/Result;+2
j  org.apache.dubbo.rpc.cluster.filter.FilterChainBuilder$CopyOfFilterChainNode.invoke(Lorg/apache/dubbo/rpc/Invocation;)Lorg/apache/dubbo/rpc/Result;+19
j  org.apache.dubbo.rpc.filter.AccessLogFilter.invoke(Lorg/apache/dubbo/rpc/Invoker;Lorg/apache/dubbo/rpc/Invocation;)Lorg/apache/dubbo/rpc/Result;+84
j  org.apache.dubbo.rpc.cluster.filter.FilterChainBuilder$CopyOfFilterChainNode.invoke(Lorg/apache/dubbo/rpc/Invocation;)Lorg/apache/dubbo/rpc/Result;+19
j  org.apache.dubbo.rpc.filter.GenericFilter.invoke(Lorg/apache/dubbo/rpc/Invoker;Lorg/apache/dubbo/rpc/Invocation;)Lorg/apache/dubbo/rpc/Result;+1030
j  org.apache.dubbo.rpc.cluster.filter.FilterChainBuilder$CopyOfFilterChainNode.invoke(Lorg/apache/dubbo/rpc/Invocation;)Lorg/apache/dubbo/rpc/Result;+19
j  org.apache.dubbo.rpc.protocol.tri.h12.HttpContextFilter.invoke(Lorg/apache/dubbo/rpc/Invoker;Lorg/apache/dubbo/rpc/Invocation;)Lorg/apache/dubbo/rpc/Result;+108
j  org.apache.dubbo.rpc.cluster.filter.FilterChainBuilder$CopyOfFilterChainNode.invoke(Lorg/apache/dubbo/rpc/Invocation;)Lorg/apache/dubbo/rpc/Result;+19
j  org.apache.dubbo.rpc.filter.ClassLoaderFilter.invoke(Lorg/apache/dubbo/rpc/Invoker;Lorg/apache/dubbo/rpc/Invocation;)Lorg/apache/dubbo/rpc/Result;+77
j  org.apache.dubbo.rpc.cluster.filter.FilterChainBuilder$CopyOfFilterChainNode.invoke(Lorg/apache/dubbo/rpc/Invocation;)Lorg/apache/dubbo/rpc/Result;+19
j  org.apache.dubbo.rpc.filter.EchoFilter.invoke(Lorg/apache/dubbo/rpc/Invoker;Lorg/apache/dubbo/rpc/Invocation;)Lorg/apache/dubbo/rpc/Result;+49
j  org.apache.dubbo.rpc.cluster.filter.FilterChainBuilder$CopyOfFilterChainNode.invoke(Lorg/apache/dubbo/rpc/Invocation;)Lorg/apache/dubbo/rpc/Result;+19
j  org.apache.dubbo.metrics.filter.MetricsFilter.invoke(Lorg/apache/dubbo/rpc/Invoker;Lorg/apache/dubbo/rpc/Invocation;Z)Lorg/apache/dubbo/rpc/Result;+85
j  org.apache.dubbo.metrics.filter.MetricsProviderFilter.invoke(Lorg/apache/dubbo/rpc/Invoker;Lorg/apache/dubbo/rpc/Invocation;)Lorg/apache/dubbo/rpc/Result;+4
j  org.apache.dubbo.rpc.cluster.filter.FilterChainBuilder$CopyOfFilterChainNode.invoke(Lorg/apache/dubbo/rpc/Invocation;)Lorg/apache/dubbo/rpc/Result;+19
j  org.apache.dubbo.tracing.filter.ObservationReceiverFilter.invoke(Lorg/apache/dubbo/rpc/Invoker;Lorg/apache/dubbo/rpc/Invocation;)Lorg/apache/dubbo/rpc/Result;+9
j  org.apache.dubbo.rpc.cluster.filter.FilterChainBuilder$CopyOfFilterChainNode.invoke(Lorg/apache/dubbo/rpc/Invocation;)Lorg/apache/dubbo/rpc/Result;+19
j  org.apache.dubbo.rpc.filter.ProfilerServerFilter.invoke(Lorg/apache/dubbo/rpc/Invoker;Lorg/apache/dubbo/rpc/Invocation;)Lorg/apache/dubbo/rpc/Result;+71
j  org.apache.dubbo.rpc.cluster.filter.FilterChainBuilder$CopyOfFilterChainNode.invoke(Lorg/apache/dubbo/rpc/Invocation;)Lorg/apache/dubbo/rpc/Result;+19
j  org.apache.dubbo.rpc.filter.ContextFilter.invoke(Lorg/apache/dubbo/rpc/Invoker;Lorg/apache/dubbo/rpc/Invocation;)Lorg/apache/dubbo/rpc/Result;+303
j  org.apache.dubbo.rpc.cluster.filter.FilterChainBuilder$CopyOfFilterChainNode.invoke(Lorg/apache/dubbo/rpc/Invocation;)Lorg/apache/dubbo/rpc/Result;+19
j  org.apache.dubbo.rpc.cluster.filter.FilterChainBuilder$CallbackRegistrationInvoker.invoke(Lorg/apache/dubbo/rpc/Invocation;)Lorg/apache/dubbo/rpc/Result;+5
j  org.apache.dubbo.rpc.protocol.tri.h12.AbstractServerCallListener.invoke()V+104
j  org.apache.dubbo.rpc.protocol.tri.h12.UnaryServerCallListener.onComplete()V+1
j  org.apache.dubbo.rpc.protocol.tri.h12.http2.GenericHttp2ServerTransportListener$Http2StreamingDecodeListener.onClose()V+4
j  org.apache.dubbo.remoting.http12.message.DefaultListeningDecoder.close()V+4
j  org.apache.dubbo.remoting.http12.message.StreamingDecoder$DefaultFragmentListener.onClose()V+4
j  org.apache.dubbo.remoting.http12.message.LengthFieldStreamingDecoder.deliver()V+156
j  org.apache.dubbo.remoting.http12.message.LengthFieldStreamingDecoder.close()V+6
j  org.apache.dubbo.rpc.protocol.tri.h12.http2.GenericHttp2ServerTransportListener.onDataCompletion(Lorg/apache/dubbo/remoting/http12/h2/Http2InputMessage;)V+13
j  org.apache.dubbo.rpc.protocol.tri.h12.http2.GenericHttp2ServerTransportListener.onDataCompletion(Lorg/apache/dubbo/remoting/http12/HttpInputMessage;)V+5
j  org.apache.dubbo.rpc.protocol.tri.h12.AbstractServerTransportListener.doOnData(Lorg/apache/dubbo/remoting/http12/HttpInputMessage;)V+30
j  org.apache.dubbo.rpc.protocol.tri.h12.AbstractServerTransportListener.lambda$onData$1(Lorg/apache/dubbo/remoting/http12/HttpInputMessage;)V+2
j  org.apache.dubbo.rpc.protocol.tri.h12.AbstractServerTransportListener$$Lambda+0x000000003482c800.run()V+8
j  org.apache.dubbo.common.threadpool.serial.SerializingExecutor.run()V+22
J 8674 c1 java.util.concurrent.ThreadPoolExecutor.runWorker(Ljava/util/concurrent/ThreadPoolExecutor$Worker;)V java.base@25.0.3 (187 bytes) @ 0x0000017e9ec52d24 [0x0000017e9ec52000+0x0000000000000d24]
J 6182 c1 java.util.concurrent.ThreadPoolExecutor$Worker.run()V java.base@25.0.3 (9 bytes) @ 0x0000017e9e349c0c [0x0000017e9e349b00+0x000000000000010c]
j  org.apache.dubbo.common.threadlocal.InternalRunnable.run()V+4
J 5697 c1 java.lang.Thread.run()V java.base@25.0.3 (23 bytes) @ 0x0000017e9e5a090c [0x0000017e9e5a0680+0x000000000000028c]
v  ~StubRoutines::call_stub 0x0000017ea54912ed

siginfo: EXCEPTION_ACCESS_VIOLATION (0xc0000005), reading address 0xffffffffffffffff


Registers:
RAX=0x0000000000000001, RBX=0x0000017ebd731730, RCX=0x9000367e64355b41, RDX=0x0000017ebb0a1530
RSP=0x0000000d7c5fd070, RBP=0x0000000d7c5fd1a0, RSI=0x0000017ebb0a1530, RDI=0x0000017ebb0a1530
R8 =0x0000000000000062, R9 =0x000000072e01e870, R10=0x00007fff3a4804a0, R11=0x0000000000000076
R12=0x0000017ebb0a18b0, R13=0x0000017eb8f4b9a8, R14=0x0000000000000000, R15=0x0000000d7c5fd1c0
RIP=0x00007fff38be8f67, EFLAGS=0x0000000000010286

XMM[0]=0x0000000000000000 0x0000000000000000
XMM[1]=0x0000000000000000 0x0000000000000000
XMM[2]=0x0000000000000000 0x0000000000000000
XMM[3]=0x0000000000000000 0x0000000000000000
XMM[4]=0x0000000000000000 0x0000000000000000
XMM[5]=0x0000000000000000 0x0000000000000000
XMM[6]=0x0000000000000000 0x0000000000000000
XMM[7]=0x0000000000000000 0x0000000000000000
XMM[8]=0x0000000000000000 0x0000000000000000
XMM[9]=0x0000000000000000 0x0000000000000000
XMM[10]=0x0000000000000000 0x0000000000000000
XMM[11]=0x0000000000000000 0x0000000000000000
XMM[12]=0x0000000000000000 0x0000000000000000
XMM[13]=0x0000000000000000 0x0000000000000000
XMM[14]=0x0000000000000000 0x0000000000000000
XMM[15]=0x0000000000000000 0x0000000000000000
  MXCSR=0x00001fa0


Register to memory mapping:

RAX=0x0000000000000001 is an unknown value
RBX=0x0000017ebd731730 points into unknown readable memory: 0x0000000042ff0000 | 00 00 ff 42 00 00 00 00
RCX=0x9000367e64355b41 is an unknown value
RDX=0x0000017ebb0a1530 points into unknown readable memory: 0x0000017ebbabc650 | 50 c6 ab bb 7e 01 00 00
RSP=0x0000000d7c5fd070 is pointing into the stack for thread: 0x0000017ebb04ad50
RBP=0x0000000d7c5fd1a0 is pointing into the stack for thread: 0x0000017ebb04ad50
RSI=0x0000017ebb0a1530 points into unknown readable memory: 0x0000017ebbabc650 | 50 c6 ab bb 7e 01 00 00
RDI=0x0000017ebb0a1530 points into unknown readable memory: 0x0000017ebbabc650 | 50 c6 ab bb 7e 01 00 00
R8 =0x0000000000000062 is an unknown value
R9 =0x000000072e01e870 is an oop: org.bytedeco.opencv.opencv_core.Mat 
{0x000000072e01e870} - klass: 'org/bytedeco/opencv/opencv_core/Mat' - flags: 

 - ---- fields (total size 7 words):
 - private 'deallocator' 'Lorg/bytedeco/javacpp/Pointer$Deallocator;' @12  a 'org/bytedeco/javacpp/Pointer$ProxyDeallocator'{0x000000072e048c30} (0xe5c09186)
 - protected 'address' 'J' @16  1643815507248 (0x0000017ebb0a1530)
 - protected 'position' 'J' @24  0 (0x0000000000000000)
 - protected 'limit' 'J' @32  1 (0x0000000000000001)
 - protected 'capacity' 'J' @40  1 (0x0000000000000001)
 - private 'pointer' 'Lorg/bytedeco/javacpp/Pointer;' @48  null (0x00000000)
R10=0x00007fff3a4804a0 jvm.dll
R11=0x0000000000000076 is an unknown value
R12=0x0000017ebb0a18b0 points into unknown readable memory: 0x0000017ebd731730 | 30 17 73 bd 7e 01 00 00
R13=0x0000017eb8f4b9a8 is pointing into metadata
R14=0x0 is null
R15=0x0000000d7c5fd1c0 is pointing into the stack for thread: 0x0000017ebb04ad50

Top of Stack: (sp=0x0000000d7c5fd070)
0x0000000d7c5fd070:   0000000000000000 0000017ea5498b18   ..........I.~...
0x0000000d7c5fd080:   0000017eb5013018 0000000d7c5fd1d8   .0..~....._|....
0x0000000d7c5fd090:   0000000d7c5fd1a0 00007fff39b75095   .._|.....P.9....
0x0000000d7c5fd0a0:   0000000d7c5fd1d8 00007fff389433e9   .._|.....3.8....
0x0000000d7c5fd0b0:   0000017ebb04b198 0000017ebb04ad50   ....~...P...~...
0x0000000d7c5fd0c0:   0000017eb8f4b9b0 0000017ebb04ad50   ....~...P...~...
0x0000000d7c5fd0d0:   0000017ea5498b18 0000017ea549cff6   ..I.~.....I.~...
0x0000000d7c5fd0e0:   0000017ebb04ad50 0000000d7c5fd1d8   P...~....._|....
0x0000000d7c5fd0f0:   0000000000000000 0000017ea5498b18   ..........I.~...
0x0000000d7c5fd100:   0000017eb5013018 0000017ea549d193   .0..~.....I.~...
0x0000000d7c5fd110:   0000017ebb04b198 0000000d7c5fd1d8   ....~....._|....
0x0000000d7c5fd120:   0000017eb8f4b9b0 0000017ea549cec3   ....~.....I.~...
0x0000000d7c5fd130:   0000000d7c5fd158 0000017eb8f4b9b0   X._|........~...
0x0000000d7c5fd140:   0000017eb5013018 0000000000000000   .0..~...........
0x0000000d7c5fd150:   0000017ea549ce6b fffffffffffffff7   k.I.~...........
0x0000000d7c5fd160:   0000017eb8f4b9a8 0000000000000007   ....~...........
0x0000000d7c5fd170:   0000017fa5027698 0000000000000000   .v..............
0x0000000d7c5fd180:   00000007282069c0 0000017eb8f4b9b0   .i (........~...
0x0000000d7c5fd190:   0000000000000000 0000000d7c5fd1c0   .........._|....
0x0000000d7c5fd1a0:   0000000d7c5fd228 0000017ea5498cb2   (._|......I.~...
0x0000000d7c5fd1b0:   0000000000000000 0000017ea549a75a   ........Z.I.~...
0x0000000d7c5fd1c0:   000000072e01e870 0000000000000000   p...............
0x0000000d7c5fd1d0:   0000000000000000 000000072e01e840   ........@.......
0x0000000d7c5fd1e0:   fffffffffffffff7 0000017eb8f4af80   ............~...
0x0000000d7c5fd1f0:   0000000000000003 0000017fa5027698   .........v......
0x0000000d7c5fd200:   0000000000000000 00000007282069c0   .........i (....
0x0000000d7c5fd210:   0000017eb8f4afa8 fffffffffffffff3   ....~...........
0x0000000d7c5fd220:   0000000d7c5fd238 0000000d7c5fd298   8._|......_|....
0x0000000d7c5fd230:   0000017ea5498b18 000000072e01e870   ..I.~...p.......
0x0000000d7c5fd240:   000000072e01e840 000000072e01e840   @.......@.......
0x0000000d7c5fd250:   fffffffffffffff7 0000017eb8943084   .........0..~...
0x0000000d7c5fd260:   000000000000000f 0000017eb8951588   ............~...

Instructions: (pc=0x00007fff38be8f67)
  0x00007fff38be8e67:   48 89 6f 48 4c 89 77 40 48 8b d5 48 8b 43 48 83
  0x00007fff38be8e77:   7b 04 02 7f 18 48 8b 08 48 89 0a 48 8b 43 48 48
  0x00007fff38be8e87:   8b 4f 48 48 8b 40 08 48 89 41 08 eb 1d 48 8d 4b
  0x00007fff38be8e97:   50 48 3b c1 74 5f 48 89 47 48 48 8b 43 40 48 89
  0x00007fff38be8ea7:   47 40 48 89 4b 48 48 89 73 40 48 c7 03 00 00 ff
  0x00007fff38be8eb7:   42 33 c0 89 43 0c 89 06 48 89 43 10 48 89 43 18
  0x00007fff38be8ec7:   48 89 43 20 48 89 43 28 48 89 43 30 48 89 43 38
  0x00007fff38be8ed7:   48 8b c7 48 8b 4c 24 50 48 33 cc e8 09 1e 21 00
  0x00007fff38be8ee7:   4c 8d 5c 24 60 49 8b 5b 30 49 8b 6b 38 49 8b e3
  0x00007fff38be8ef7:   41 5e 5f 5e c3 48 8d 15 9d f7 26 00 48 8d 4c 24
  0x00007fff38be8f07:   30 e8 a3 a7 ec ff 90 c7 44 24 20 85 02 00 00 4c
  0x00007fff38be8f17:   8d 0d 03 f3 26 00 4c 8d 05 fc 07 26 00 48 8d 54
  0x00007fff38be8f27:   24 30 b9 29 ff ff ff e8 1d a6 13 00 cc cc cc cc
  0x00007fff38be8f37:   cc cc cc cc cc cc cc cc cc 48 89 5c 24 08 57 48
  0x00007fff38be8f47:   83 ec 30 48 8b fa 48 8b d9 48 3b ca 0f 84 ea 00
  0x00007fff38be8f57:   00 00 48 8b 4a 38 48 85 c9 74 0a b8 01 00 00 00
=>0x00007fff38be8f67:   f0 0f c1 41 14 48 8b cb e8 fc 2e 00 00 83 7b 04
  0x00007fff38be8f77:   02 8b 07 89 03 7f 37 8b 47 04 83 f8 02 7f 2f 89
  0x00007fff38be8f87:   43 04 8b 47 08 89 43 08 8b 47 0c 89 43 0c 48 8b
  0x00007fff38be8f97:   47 48 48 8b 4b 48 48 8b 00 48 89 01 48 8b 47 48
  0x00007fff38be8fa7:   48 8b 4b 48 48 8b 40 08 48 89 41 08 eb 5e 8b 57
  0x00007fff38be8fb7:   04 45 33 c9 45 33 c0 c6 44 24 20 00 48 8b cb e8
  0x00007fff38be8fc7:   d5 40 00 00 33 d2 39 53 04 7e 41 44 8b c2 44 8b
  0x00007fff38be8fd7:   ca 0f 1f 84 00 00 00 00 00 48 8b 47 40 4d 8d 49
  0x00007fff38be8fe7:   04 48 8b 4b 40 4d 8d 40 08 ff c2 41 8b 44 01 fc
  0x00007fff38be8ff7:   41 89 44 09 fc 48 8b 47 48 48 8b 4b 48 49 8b 44
  0x00007fff38be9007:   00 f8 49 89 44 08 f8 3b 53 04 7c cd 48 8b 47 10
  0x00007fff38be9017:   48 89 43 10 48 8b 47 18 48 89 43 18 48 8b 47 20
  0x00007fff38be9027:   48 89 43 20 48 8b 47 28 48 89 43 28 48 8b 47 30
  0x00007fff38be9037:   48 89 43 30 48 8b 47 38 48 89 43 38 48 8b c3 48
  0x00007fff38be9047:   8b 5c 24 40 48 83 c4 30 5f c3 cc cc cc cc cc cc
  0x00007fff38be9057:   cc cc cc cc cc cc cc cc cc 83 39 00 0f 94 c0 c3


Stack slot to memory mapping:

stack at sp + 0 slots: 0x0 is null
stack at sp + 1 slots: 0x0000017ea5498b18 is at code_begin+1272 in an Interpreter codelet
return entry points  [0x0000017ea5498620, 0x0000017ea5499298]  3192 bytes
stack at sp + 2 slots: 0x0000017eb5013018 is pointing into metadata
stack at sp + 3 slots: 0x0000000d7c5fd1d8 is pointing into the stack for thread: 0x0000017ebb04ad50
stack at sp + 4 slots: 0x0000000d7c5fd1a0 is pointing into the stack for thread: 0x0000017ebb04ad50
stack at sp + 5 slots: 0x00007fff39b75095 jvm.dll
stack at sp + 6 slots: 0x0000000d7c5fd1d8 is pointing into the stack for thread: 0x0000017ebb04ad50
stack at sp + 7 slots: 0x00007fff389433e9 jniopencv_core.dll

Lock stack of current Java thread (top to bottom):

native method entry point (kind = native)  [0x0000017ea549cdc0, 0x0000017ea549d8b8]  2808 bytes
[MachCode]
  0x0000017ea549cdc0: 488b 4b08 | 0fb7 492e | 584c 8d74 | ccf8 6800 | 0000 0068 | 0000 0000 | 5055 488b | ec41 5548 
  0x0000017ea549cde0: 8b43 084c | 8d68 3848 | 8b40 0868 | 0000 0000 | 5348 8b50 | 1848 8b52 | 7048 8b12 | 5248 8b53 
  0x0000017ea549ce00: 1048 85d2 | 7407 4881 | c2d0 0000 | 0052 488b | 5010 5249 | 8bc6 482b | c548 c1e8 | 0350 6800 
  0x0000017ea549ce20: 0000 0068 | f7ff ffff | 41c6 87f1 | 0400 0001 | 488b 4310 | 4885 c074 | 208b 8890 | 0000 0083 
  0x0000017ea549ce40: c102 8988 | 9000 0000 | 2388 a400 | 0000 0f84 | b209 0000 | e9cf 0000 | 0048 8b43 | 1848 85c0 
  0x0000017ea549ce60: 0f85 b000 | 0000 e805 | 0000 00e9 | 9900 0000 | 488b d348 | 8d44 2408 | 4c89 6dc0 | 498b cfc5 
  0x0000017ea549ce80: f877 4989 | af38 0400 | 0049 8987 | 2804 0000 | 4883 ec20 | 40f6 c40f | 0f84 1900 | 0000 4883 
  0x0000017ea549cea0: ec08 48b8 | f026 b739 | ff7f 0000 | ffd0 4883 | c408 e90c | 0000 0048 | b8f0 26b7 | 39ff 7f00 
  0x0000017ea549cec0: 00ff d048 | 83c4 2049 | c787 2804 | 0000 0000 | 0000 49c7 | 8738 0400 | 0000 0000 | 0049 c787 
  0x0000017ea549cee0: 3004 0000 | 0000 0000 | c5f8 7749 | 837f 0800 | 0f84 0500 | 0000 e9e5 | 42ff ff4c | 8b6d c04c 
  0x0000017ea549cf00: 8b75 c84e | 8d74 f500 | c348 8b43 | 1848 85c0 | 0f84 1200 | 0000 8b48 | 0883 c102 | 8948 0823 
  0x0000017ea549cf20: 482c 0f84 | de08 0000 | 493b a770 | 0500 000f | 8748 0000 | 0089 8424 | 00f0 ffff | 8984 2400 
  0x0000017ea549cf40: e0ff ff89 | 8424 00d0 | ffff 8984 | 2400 c0ff | ff89 8424 | 00b0 ffff | 8984 2400 | a0ff ff89 
  0x0000017ea549cf60: 8424 0090 | ffff 8984 | 2400 80ff | ff49 3ba7 | 6805 0000 | 7607 4989 | a770 0500 | 0041 c687 
  0x0000017ea549cf80: f104 0000 | 0048 8b5d | e84c 8b5b | 0845 0fb7 | 5b2e 41c1 | e303 492b | e348 83ec | 2048 83e4 
  0x0000017ea549cfa0: f04c 8b5b | 604d 85db | 0f85 ab00 | 0000 e805 | 0000 00e9 | 9900 0000 | 488b d348 | 8d44 2408 
  0x0000017ea549cfc0: 4c89 6dc0 | 498b cfc5 | f877 4989 | af38 0400 | 0049 8987 | 2804 0000 | 4883 ec20 | 40f6 c40f 
  0x0000017ea549cfe0: 0f84 1900 | 0000 4883 | ec08 48b8 | 2050 b739 | ff7f 0000 | ffd0 4883 | c408 e90c | 0000 0048 
  0x0000017ea549d000: b820 50b7 | 39ff 7f00 | 00ff d048 | 83c4 2049 | c787 2804 | 0000 0000 | 0000 49c7 | 8738 0400 
  0x0000017ea549d020: 0000 0000 | 0049 c787 | 3004 0000 | 0000 0000 | c5f8 7749 | 837f 0800 | 0f84 0500 | 0000 e99d 
  0x0000017ea549d040: 41ff ff4c | 8b6d c04c | 8b75 c84e | 8d74 f500 | c348 8b5d | e84c 8b5b | 6041 ffd3 | 488b 5de8 
  0x0000017ea549d060: 4889 4518 | 440f b75b | 2c41 f6c3 | 080f 841b | 0000 004c | 8b5b 084d | 8b5b 084d | 8b5b 184d 
  0x0000017ea549d080: 8b5b 704d | 8b1b 4c89 | 5d10 488d | 5510 488b | 4358 49ba | c021 f239 | ff7f 0000 | 493b c20f 
  0x0000017ea549d0a0: 85ab 0000 | 00e8 0500 | 0000 e999 | 0000 0048 | 8bd3 488d | 4424 084c | 896d c049 | 8bcf c5f8 
  0x0000017ea549d0c0: 7749 89af | 3804 0000 | 4989 8728 | 0400 0048 | 83ec 2040 | f6c4 0f0f | 8419 0000 | 0048 83ec 
  0x0000017ea549d0e0: 0848 b820 | 50b7 39ff | 7f00 00ff | d048 83c4 | 08e9 0c00 | 0000 48b8 | 2050 b739 | ff7f 0000 
  0x0000017ea549d100: ffd0 4883 | c420 49c7 | 8728 0400 | 0000 0000 | 0049 c787 | 3804 0000 | 0000 0000 | 49c7 8730 
  0x0000017ea549d120: 0400 0000 | 0000 00c5 | f877 4983 | 7f08 000f | 8405 0000 | 00e9 a640 | ffff 4c8b | 6dc0 4c8b 
  0x0000017ea549d140: 75c8 4e8d | 74f5 00c3 | 488b 5de8 | 488b 4358 | 498d 8f48 | 0400 004c | 8d15 d500 | 0000 4d89 
  0x0000017ea549d160: 9730 0400 | 00c5 f877 | 4989 af38 | 0400 0049 | 89a7 2804 | 0000 41c7 | 87d4 0400 | 0004 0000 
  0x0000017ea549d180: 0049 3ba7 | c805 0000 | 7607 4989 | a7c8 0500 | 00ff d049 | 3ba7 c805 | 0000 720b | 49c7 87c8 
  0x0000017ea549d1a0: 0500 0000 | 0000 00c5 | f877 4883 | ec10 c5fb | 1104 2448 | 83ec 1048 | 8904 2448 | c744 2408 
  0x0000017ea549d1c0: 0000 0000 | 41c7 87d4 | 0400 0005 | 0000 00f0 | 8344 24c0 | 0049 3b6f | 280f 870e | 0000 0041 
  0x0000017ea549d1e0: 83bf d004 | 0000 000f | 8420 0000 | 0049 8bcf | 4c8b e448 | 83ec 2048 | 83e4 f048 | b850 b4b8 
  0x0000017ea549d200: 39ff 7f00 | 00ff d049 | 8be4 4d33 | e441 c787 | d404 0000 | 0800 0000 | 4d8b 97f0 | 0500 0049 
  0x0000017ea549d220: 83fa 0074 | 3549 c787 | f005 0000 | 0000 0000 | 41ff e249 | ba60 be49 | a57e 0100 | 0041 ffd2 
  0x0000017ea549d240: 4883 ec10 | c5fb 1104 | 2448 83ec | 1048 8904 | 2448 c744 | 2408 0000 | 0000 49c7 | 8728 0400 
  0x0000017ea549d260: 0000 0000 | 0049 c787 | 3804 0000 | 0000 0000 | 49c7 8730 | 0400 0000 | 0000 00c5 | f877 4d8b 
  0x0000017ea549d280: 9fb8 0400 | 0041 c783 | 0001 0000 | 0000 0000 | 49bb 5aa7 | 49a5 7e01 | 0000 4c3b | 5d18 0f85 
  0x0000017ea549d2a0: 5501 0000 | 488b 0424 | 4883 c410 | 4885 c00f | 842f 0100 | 00a8 030f | 8508 0000 | 0048 8b00 
  0x0000017ea549d2c0: e91f 0100 | 00a8 010f | 8509 0000 | 0048 8b40 | fee9 0e01 | 0000 488b | 40ff 4180 | 7f48 000f 
  0x0000017ea549d2e0: 84ff 0000 | 0048 83f8 | 000f 84f5 | 0000 004d | 8b5f 384d | 85db 0f84 | 1400 0000 | 4983 eb08 
  0x0000017ea549d300: 4d89 5f38 | 4d03 5f40 | 4989 03e9 | d400 0000 | 4883 ec70 | 4889 0424 | 4889 4c24 | 0848 8954 
  0x0000017ea549d320: 2410 4c89 | 4424 184c | 894c 2420 | 4c89 5424 | 284c 895c | 2430 c5fb | 1144 2440 | c5fb 114c 
  0x0000017ea549d340: 2448 c5fb | 1154 2450 | c5fb 115c | 2458 c5fb | 1164 2460 | c5fb 116c | 2468 498b | d748 8bc8 
  0x0000017ea549d360: 4883 ec20 | 40f6 c40f | 0f84 1900 | 0000 4883 | ec08 48b8 | 3079 ab39 | ff7f 0000 | ffd0 4883 
  0x0000017ea549d380: c408 e90c | 0000 0048 | b830 79ab | 39ff 7f00 | 00ff d048 | 83c4 20c5 | fb10 6c24 | 68c5 fb10 
  0x0000017ea549d3a0: 6424 60c5 | fb10 5c24 | 58c5 fb10 | 5424 50c5 | fb10 4c24 | 48c5 fb10 | 4424 404c | 8b5c 2430 
  0x0000017ea549d3c0: 4c8b 5424 | 284c 8b4c | 2420 4c8b | 4424 1848 | 8b54 2410 | 488b 4c24 | 0848 8b04 | 2448 83c4 
  0x0000017ea549d3e0: 70c5 f877 | 4889 4510 | 4883 ec10 | 4889 0424 | 48c7 4424 | 0800 0000 | 0041 83bf | 5005 0000 
  0x0000017ea549d400: 020f 85bf | 0000 0048 | 81ec 8000 | 0000 4889 | 4424 7848 | 894c 2470 | 4889 5424 | 6848 895c 
  0x0000017ea549d420: 2460 4889 | 6c24 5048 | 8974 2448 | 4889 7c24 | 404c 8944 | 2438 4c89 | 4c24 304c | 8954 2428 
  0x0000017ea549d440: 4c89 5c24 | 204c 8964 | 2418 4c89 | 6c24 104c | 8974 2408 | 4c89 3c24 | 4c8b e448 | 83ec 2048 
  0x0000017ea549d460: 83e4 f048 | b830 09f2 | 39ff 7f00 | 00ff d049 | 8be4 4c8b | 3c24 4c8b | 7424 084c | 8b6c 2410 
  0x0000017ea549d480: 4c8b 6424 | 184c 8b5c | 2420 4c8b | 5424 284c | 8b4c 2430 | 4c8b 4424 | 3848 8b7c | 2440 488b 
  0x0000017ea549d4a0: 7424 4848 | 8b6c 2450 | 488b 5c24 | 6048 8b54 | 2468 488b | 4c24 7048 | 8b44 2478 | 4881 c480 
  0x0000017ea549d4c0: 0000 004d | 33e4 488b | 5de8 4c8b | 6b08 4d8d | 6d38 4983 | 7f08 000f | 84bb 0000 | 00e8 0500 
  0x0000017ea549d4e0: 0000 e996 | 0000 0048 | 8d44 2408 | 4c89 6dc0 | 498b cfc5 | f877 4989 | af38 0400 | 0049 8987 
  0x0000017ea549d500: 2804 0000 | 4883 ec20 | 40f6 c40f | 0f84 1900 | 0000 4883 | ec08 48b8 | 606e b739 | ff7f 0000 
  0x0000017ea549d520: ffd0 4883 | c408 e90c | 0000 0048 | b860 6eb7 | 39ff 7f00 | 00ff d048 | 83c4 2049 | c787 2804 
  0x0000017ea549d540: 0000 0000 | 0000 49c7 | 8738 0400 | 0000 0000 | 0049 c787 | 3004 0000 | 0000 0000 | c5f8 7749 
  0x0000017ea549d560: 837f 0800 | 0f84 0500 | 0000 e971 | 3cff ff4c | 8b6d c04c | 8b75 c84e | 8d74 f500 | c348 b968 
  0x0000017ea549d580: 181b 3aff | 7f00 0048 | 83e4 f048 | b8c0 9cde | 39ff 7f00 | 00ff d0f4 | 440f b75b | 2c41 f6c3 
  0x0000017ea549d5a0: 200f 8472 | 0100 0048 | 8d55 a84c | 8b5a 084d | 85db 0f85 | bb00 0000 | e805 0000 | 00e9 9600 
  0x0000017ea549d5c0: 0000 488d | 4424 084c | 896d c049 | 8bcf c5f8 | 7749 89af | 3804 0000 | 4989 8728 | 0400 0048 
  0x0000017ea549d5e0: 83ec 2040 | f6c4 0f0f | 8419 0000 | 0048 83ec | 0848 b890 | 6db7 39ff | 7f00 00ff | d048 83c4 
  0x0000017ea549d600: 08e9 0c00 | 0000 48b8 | 906d b739 | ff7f 0000 | ffd0 4883 | c420 49c7 | 8728 0400 | 0000 0000 
  0x0000017ea549d620: 0049 c787 | 3804 0000 | 0000 0000 | 49c7 8730 | 0400 0000 | 0000 00c5 | f877 4983 | 7f08 000f 
  0x0000017ea549d640: 8405 0000 | 00e9 963b | ffff 4c8b | 6dc0 4c8b | 75c8 4e8d | 74f5 00c3 | 48b9 6818 | 1b3a ff7f 
  0x0000017ea549d660: 0000 4883 | e4f0 48b8 | c09c de39 | ff7f 0000 | ffd0 f44c | 896d c04c | 8b4a 0848 | c742 0800 
  0x0000017ea549d680: 0000 0045 | 8b87 d806 | 0000 4f3b | 4c07 f80f | 8542 0000 | 0041 83af | d806 0000 | 084f 3b4c 
  0x0000017ea549d6a0: 07f0 0f84 | 2a00 0000 | 498b 01a8 | 020f 8512 | 0000 004c | 8bc0 4983 | c801 f04d | 0fb1 010f 
  0x0000017ea549d6c0: 840d 0000 | 0041 8387 | d806 0000 | 08e9 0500 | 0000 e93e | 0000 004c | 894a 0848 | 8bca 4883 
  0x0000017ea549d6e0: ec20 40f6 | c40f 0f84 | 1900 0000 | 4883 ec08 | 48b8 e03f | b739 ff7f | 0000 ffd0 | 4883 c408 
  0x0000017ea549d700: e90c 0000 | 0048 b8e0 | 3fb7 39ff | 7f00 00ff | d048 83c4 | 204c 8b6d | c041 c687 | 9603 0000 
  0x0000017ea549d720: 0149 3b6f | 280f 8705 | 0000 00e9 | ab00 0000 | 4883 ec10 | c5fb 1104 | 2448 83ec | 1048 8904 
  0x0000017ea549d740: 2448 c744 | 2408 0000 | 0000 c5f8 | 7749 89af | 3804 0000 | 49ba 4ad7 | 49a5 7e01 | 0000 4d89 
  0x0000017ea549d760: 9730 0400 | 0049 89a7 | 2804 0000 | 498b cf48 | 83ec 2040 | f6c4 0f0f | 8419 0000 | 0048 83ec 
  0x0000017ea549d780: 0848 b880 | 26b7 39ff | 7f00 00ff | d048 83c4 | 08e9 0c00 | 0000 48b8 | 8026 b739 | ff7f 0000 
  0x0000017ea549d7a0: ffd0 4883 | c420 49c7 | 8728 0400 | 0000 0000 | 0049 c787 | 3804 0000 | 0000 0000 | 49c7 8730 
  0x0000017ea549d7c0: 0400 0000 | 0000 00c5 | f877 488b | 0424 4883 | c410 c5fb | 1004 2448 | 83c4 1048 | 8b04 2448 
  0x0000017ea549d7e0: 83c4 10c5 | fb10 0424 | 4883 c410 | 4c8b 5d18 | 41ff d34c | 8b5d f8c9 | 41c6 8796 | 0300 0000 
  0x0000017ea549d800: 5f49 8be3 | ffe7 ba00 | 0000 00e8 | 0500 0000 | e996 0000 | 0048 8d44 | 2408 4c89 | 6dc0 498b 
  0x0000017ea549d820: cfc5 f877 | 4989 af38 | 0400 0049 | 8987 2804 | 0000 4883 | ec20 40f6 | c40f 0f84 | 1900 0000 
  0x0000017ea549d840: 4883 ec08 | 48b8 d035 | b739 ff7f | 0000 ffd0 | 4883 c408 | e90c 0000 | 0048 b8d0 | 35b7 39ff 
  0x0000017ea549d860: 7f00 00ff | d048 83c4 | 2049 c787 | 2804 0000 | 0000 0000 | 49c7 8738 | 0400 0000 | 0000 0049 
  0x0000017ea549d880: c787 3004 | 0000 0000 | 0000 c5f8 | 7749 837f | 0800 0f84 | 0500 0000 | e943 39ff | ff4c 8b6d 
  0x0000017ea549d8a0: c04c 8b75 | c84e 8d74 | f500 c348 | 8b5d e8e9 | 74f6 ffff | 0f1f 4000 
[/MachCode]

Compiled method (c1) 32232 8674   !   3       java.util.concurrent.ThreadPoolExecutor::runWorker (187 bytes)
 total in heap  [0x0000017e9ec51f08,0x0000017e9ec53b00] = 7160
 main code      [0x0000017e9ec52000,0x0000017e9ec53a60] = 6752
 stub code      [0x0000017e9ec53a60,0x0000017e9ec53b00] = 160
 mutable data [0x0000017eb90bd900,0x0000017eb90bdb50] = 592
 relocation     [0x0000017eb90bd900,0x0000017eb90bdab8] = 440
 metadata       [0x0000017eb90bdab8,0x0000017eb90bdb50] = 152
 immutable data [0x0000017ebdf0ae50,0x0000017ebdf0b5c8] = 1912
 dependencies   [0x0000017ebdf0ae50,0x0000017ebdf0ae88] = 56
 nul chk table  [0x0000017ebdf0ae88,0x0000017ebdf0aec0] = 56
 handler table  [0x0000017ebdf0aec0,0x0000017ebdf0b028] = 360
 scopes pcs     [0x0000017ebdf0b028,0x0000017ebdf0b2a8] = 640
 scopes data    [0x0000017ebdf0b2a8,0x0000017ebdf0b5c8] = 800

[Constant Pool (empty)]

[MachCode]
[Instructions begin]
  0x0000017e9ec52000: 660f 1f84 | 0000 0000 | 0066 0f1f | 8400 0000 | 0000 448b | 5208 443b 

  0x0000017e9ec52018: ;   {runtime_call Shared Runtime ic_miss_blob}
  0x0000017e9ec52018: 5008 0f85 | c0ca 8806 
[Verified Entry Point]
  0x0000017e9ec52020: e93b 5984 | 06ff ff55 | 4881 ecf0 | 0000 0090 | 4181 7f20 | 0800 0000 

  0x0000017e9ec52038: ;   {runtime_call Stub::method_entry_barrier}
  0x0000017e9ec52038: 7405 e801 | 2287 0648 | 8994 2498 | 0000 004c | 8984 24a0 

  0x0000017e9ec5204c: ;   {metadata(method data for {method} {0x0000017eb52787c0} 'runWorker' '(Ljava/util/concurrent/ThreadPoolExecutor$Worker;)V' in 'java/util/concurrent/ThreadPoolExecutor')}
  0x0000017e9ec5204c: 0000 0048 | be00 8e32 | b77e 0100 | 008b be90 | 0000 0083 | c702 89be | 9000 0000 | 81e7 fe07 
  0x0000017e9ec5206c: 0000 85ff | 0f84 9316 

  0x0000017e9ec52074: ;   {metadata(method data for {method} {0x0000017eb52787c0} 'runWorker' '(Ljava/util/concurrent/ThreadPoolExecutor$Worker;)V' in 'java/util/concurrent/ThreadPoolExecutor')}
  0x0000017e9ec52074: 0000 48be | 008e 32b7 | 7e01 0000 | 4883 86d8 | 0000 0001 | 498b b710 | 0400 0048 | 8b36 4889 
  0x0000017e9ec52094: b424 a800 | 0000 418b | 7828 48c1 | e703 410f | be5f 4885 | db0f 8580 | 1600 0041 | c740 2800 
  0x0000017e9ec520b4: 0000 0049 

  0x0000017e9ec520b8: ;   {metadata(method data for {method} {0x0000017eb52787c0} 'runWorker' '(Ljava/util/concurrent/ThreadPoolExecutor$Worker;)V' in 'java/util/concurrent/ThreadPoolExecutor')}
  0x0000017e9ec520b8: 8bd8 48b8 | 008e 32b7 | 7e01 0000 | 8b5b 0841 | ba00 0000 | 3349 03da | 483b 98f0 | 0000 0075 
  0x0000017e9ec520d8: 0d48 8380 | f800 0000 | 01e9 6000 | 0000 483b | 9800 0100 | 0075 0d48 | 8380 0801 | 0000 01e9 
  0x0000017e9ec520f8: 4a00 0000 | 4883 b8f0 | 0000 0000 | 7517 4889 | 98f0 0000 | 0048 c780 | f800 0000 | 0100 0000 
  0x0000017e9ec52118: e929 0000 | 0048 83b8 | 0001 0000 | 0075 1748 | 8998 0001 | 0000 48c7 | 8008 0100 | 0001 0000 
  0x0000017e9ec52138: 00e9 0800 | 0000 4883 | 80e8 0000 

  0x0000017e9ec52144: ;   {metadata(method data for {method} {0x0000017eb53e9788} 'unlock' '()V' in 'java/util/concurrent/ThreadPoolExecutor$Worker')}
  0x0000017e9ec52144: 0001 48bb | 40a8 bdb6 | 7e01 0000 | 8b83 9000 | 0000 83c0 | 0289 8390 | 0000 0025 | feff 1f00 
  0x0000017e9ec52164: 85c0 0f84 | e315 0000 

  0x0000017e9ec5216c: ;   {metadata(method data for {method} {0x0000017eb53e9788} 'unlock' '()V' in 'java/util/concurrent/ThreadPoolExecutor$Worker')}
  0x0000017e9ec5216c: 498b d848 | b840 a8bd | b67e 0100 | 008b 5b08 | 41ba 0000 | 0033 4903 | da48 3b98 | e000 0000 
  0x0000017e9ec5218c: 750d 4883 | 80e8 0000 | 0001 e960 | 0000 0048 | 3b98 f000 | 0000 750d | 4883 80f8 | 0000 0001 
  0x0000017e9ec521ac: e94a 0000 | 0048 83b8 | e000 0000 | 0075 1748 | 8998 e000 | 0000 48c7 | 80e8 0000 | 0001 0000 
  0x0000017e9ec521cc: 00e9 2900 | 0000 4883 | b8f0 0000 | 0000 7517 | 4889 98f0 | 0000 0048 | c780 f800 | 0000 0100 
  0x0000017e9ec521ec: 0000 e908 | 0000 0048 | 8380 d800 

  0x0000017e9ec521f8: ;   {metadata(method data for {method} {0x00000000332d24b8} 'release' '(I)Z' in 'java/util/concurrent/locks/AbstractQueuedSynchronizer')}
  0x0000017e9ec521f8: 0000 0148 | bb78 7722 | b57e 0100 | 008b 8390 | 0000 0083 | c002 8983 | 9000 0000 | 25fe ff1f 
  0x0000017e9ec52218: 0085 c00f | 844f 1500 | 0049 8bd8 

  0x0000017e9ec52224: ;   {metadata(method data for {method} {0x00000000332d24b8} 'release' '(I)Z' in 'java/util/concurrent/locks/AbstractQueuedSynchronizer')}
  0x0000017e9ec52224: 48b8 7877 | 22b5 7e01 | 0000 4883 | 80f8 0000 

  0x0000017e9ec52234: ;   {metadata(method data for {method} {0x0000017eb53e9578} 'tryRelease' '(I)Z' in 'java/util/concurrent/ThreadPoolExecutor$Worker')}
  0x0000017e9ec52234: 0001 48bb | 88a9 bdb6 | 7e01 0000 | 8b83 9000 | 0000 83c0 | 0289 8390 | 0000 0025 | feff 1f00 
  0x0000017e9ec52254: 85c0 0f84 | 3515 0000 

  0x0000017e9ec5225c: ;   {metadata(method data for {method} {0x0000017eb53e9578} 'tryRelease' '(I)Z' in 'java/util/concurrent/ThreadPoolExecutor$Worker')}
  0x0000017e9ec5225c: 498b d848 | b888 a9bd | b67e 0100 | 008b 5b08 | 41ba 0000 | 0033 4903 | da48 3b98 | e000 0000 
  0x0000017e9ec5227c: 750d 4883 | 80e8 0000 | 0001 e960 | 0000 0048 | 3b98 f000 | 0000 750d | 4883 80f8 | 0000 0001 
  0x0000017e9ec5229c: e94a 0000 | 0048 83b8 | e000 0000 | 0075 1748 | 8998 e000 | 0000 48c7 | 80e8 0000 | 0001 0000 
  0x0000017e9ec522bc: 00e9 2900 | 0000 4883 | b8f0 0000 | 0000 7517 | 4889 98f0 | 0000 0048 | c780 f800 | 0000 0100 
  0x0000017e9ec522dc: 0000 e908 | 0000 0048 | 8380 d800 | 0000 0141 | 0fbe 5f48 | 85db 0f85 | ba14 0000 | 41c7 400c 
  0x0000017e9ec522fc: 0000 0000 

  0x0000017e9ec52300: ;   {metadata(method data for {method} {0x0000017eb53e9578} 'tryRelease' '(I)Z' in 'java/util/concurrent/ThreadPoolExecutor$Worker')}
  0x0000017e9ec52300: 498b d848 | b888 a9bd | b67e 0100 | 008b 5b08 | 41ba 0000 | 0033 4903 | da48 3b98 | 1001 0000 
  0x0000017e9ec52320: 750d 4883 | 8018 0100 | 0001 e960 | 0000 0048 | 3b98 2001 | 0000 750d | 4883 8028 | 0100 0001 
  0x0000017e9ec52340: e94a 0000 | 0048 83b8 | 1001 0000 | 0075 1748 | 8998 1001 | 0000 48c7 | 8018 0100 | 0001 0000 
  0x0000017e9ec52360: 00e9 2900 | 0000 4883 | b820 0100 | 0000 7517 | 4889 9820 | 0100 0048 | c780 2801 | 0000 0100 
  0x0000017e9ec52380: 0000 e908 | 0000 0048 | 8380 0801 | 0000 01bb | 0000 0000 | 4189 5818 | f083 4424 

  0x0000017e9ec5239c: ;   {metadata(method data for {method} {0x00000000332d24b8} 'release' '(I)Z' in 'java/util/concurrent/locks/AbstractQueuedSynchronizer')}
  0x0000017e9ec5239c: c000 48bb | 7877 22b5 | 7e01 0000 | ff83 1801 | 0000 4889 | bc24 9000 | 0000 418b | 5810 48c1 
  0x0000017e9ec523bc: ;   {metadata(method data for {method} {0x00000000332d24b8} 'release' '(I)Z' in 'java/util/concurrent/locks/AbstractQueuedSynchronizer')}
  0x0000017e9ec523bc: e303 48b8 | 7877 22b5 | 7e01 0000 | 4883 8028 | 0100 0001 | 488b d30f 

  0x0000017e9ec523d4: ;   {static_call}
  0x0000017e9ec523d4: 1f40 00e8 

  0x0000017e9ec523d8: ; ImmutableOopMap {[144]=Oop [152]=Oop [160]=Oop [168]=Oop }
                      ;*invokestatic signalNext {reexecute=0 rethrow=0 return_oop=0}
                      ; - java.util.concurrent.locks.AbstractQueuedSynchronizer::release@12 (line 1100)
                      ; - java.util.concurrent.ThreadPoolExecutor$Worker::unlock@2 (line 642)
                      ; - java.util.concurrent.ThreadPoolExecutor::runWorker@15 (line 1073)
  0x0000017e9ec523d8: 2496 0107 

  0x0000017e9ec523dc: ;   {post_call_nop}
  0x0000017e9ec523dc: 0fff 00a9 | d404 0000 | 488b bc24 | 9000 0000 | 0f1f 4000 | 488b 9424 | 9800 0000 

  0x0000017e9ec523f8: ;   {metadata(method data for {method} {0x0000017eb52787c0} 'runWorker' '(Ljava/util/concurrent/ThreadPoolExecutor$Worker;)V' in 'java/util/concurrent/ThreadPoolExecutor')}
  0x0000017e9ec523f8: 4885 ff48 | bb00 8e32 | b77e 0100 | 00b8 1801 | 0000 7505 | b828 0100 | 0048 8b0c | 0348 8d49 
  0x0000017e9ec52418: 0148 890c | 030f 8557 | 0000 0048 

  0x0000017e9ec52424: ;   {metadata(method data for {method} {0x0000017eb52787c0} 'runWorker' '(Ljava/util/concurrent/ThreadPoolExecutor$Worker;)V' in 'java/util/concurrent/ThreadPoolExecutor')}
  0x0000017e9ec52424: 8bfa 48bb | 008e 32b7 | 7e01 0000 | 4883 8338 | 0100 0001 | 488b fa48 

  0x0000017e9ec5243c: ;   {optimized virtual_call}
  0x0000017e9ec5243c: 8bd7 90e8 

  0x0000017e9ec52440: ; ImmutableOopMap {[152]=Oop [160]=Oop [168]=Oop }
                      ;*invokevirtual getTask {reexecute=0 rethrow=0 return_oop=0}
                      ; - java.util.concurrent.ThreadPoolExecutor::runWorker@26 (line 1076)
  0x0000017e9ec52440: 5c96 4fff 

  0x0000017e9ec52444: ;   {post_call_nop}
  0x0000017e9ec52444: 0fff 00a9 | 3c05 0001 

  0x0000017e9ec5244c: ;   {metadata(method data for {method} {0x0000017eb52787c0} 'runWorker' '(Ljava/util/concurrent/ThreadPoolExecutor$Worker;)V' in 'java/util/concurrent/ThreadPoolExecutor')}
  0x0000017e9ec5244c: 4885 c049 | b800 8e32 | b77e 0100 | 00ba 6801 | 0000 7405 | ba78 0100 | 0049 8b34 | 1048 8d76 
  0x0000017e9ec5246c: 0149 8934 | 100f 8441 | 0d00 0048 | 8bf8 4889 | bc24 b000 | 0000 4c8b | 8424 a000 

  0x0000017e9ec52488: ;   {metadata(method data for {method} {0x0000017eb52787c0} 'runWorker' '(Ljava/util/concurrent/ThreadPoolExecutor$Worker;)V' in 'java/util/concurrent/ThreadPoolExecutor')}
  0x0000017e9ec52488: 0000 48be | 008e 32b7 | 7e01 0000 | 458b 4008 | 41ba 0000 | 0033 4d03 | c24c 3b86 | 9001 0000 
  0x0000017e9ec524a8: 750d 4883 | 8698 0100 | 0001 e960 | 0000 004c | 3b86 a001 | 0000 750d | 4883 86a8 | 0100 0001 
  0x0000017e9ec524c8: e94a 0000 | 0048 83be | 9001 0000 | 0075 174c | 8986 9001 | 0000 48c7 | 8698 0100 | 0001 0000 
  0x0000017e9ec524e8: 00e9 2900 | 0000 4883 | bea0 0100 | 0000 7517 | 4c89 86a0 | 0100 0048 | c786 a801 | 0000 0100 
  0x0000017e9ec52508: 0000 e908 | 0000 0048 | 8386 8801 

  0x0000017e9ec52514: ;   {metadata(method data for {method} {0x0000017eb53e9628} 'lock' '()V' in 'java/util/concurrent/ThreadPoolExecutor$Worker')}
  0x0000017e9ec52514: 0000 0149 | b8a8 48be | b67e 0100 | 0041 8bb0 | 9000 0000 | 83c6 0241 | 89b0 9000 | 0000 81e6 
  0x0000017e9ec52534: feff 1f00 | 85f6 0f84 | 9212 0000 | 4c8b 8424 | a000 0000 

  0x0000017e9ec52548: ;   {metadata(method data for {method} {0x0000017eb53e9628} 'lock' '()V' in 'java/util/concurrent/ThreadPoolExecutor$Worker')}
  0x0000017e9ec52548: 48be a848 | beb6 7e01 | 0000 458b | 4008 41ba | 0000 0033 | 4d03 c24c | 3b86 e000 | 0000 750d 
  0x0000017e9ec52568: 4883 86e8 | 0000 0001 | e960 0000 | 004c 3b86 | f000 0000 | 750d 4883 | 86f8 0000 | 0001 e94a 
  0x0000017e9ec52588: 0000 0048 | 83be e000 | 0000 0075 | 174c 8986 | e000 0000 | 48c7 86e8 | 0000 0001 | 0000 00e9 
  0x0000017e9ec525a8: 2900 0000 | 4883 bef0 | 0000 0000 | 7517 4c89 | 86f0 0000 | 0048 c786 | f800 0000 | 0100 0000 
  0x0000017e9ec525c8: e908 0000 | 0048 8386 | d800 0000 | 0141 b801 | 0000 0048 | 8b94 24a0 | 0000 000f 

  0x0000017e9ec525e4: ;   {optimized virtual_call}
  0x0000017e9ec525e4: 1f40 00e8 

  0x0000017e9ec525e8: ; ImmutableOopMap {[152]=Oop [160]=Oop [168]=Oop [176]=Oop }
                      ;*invokevirtual acquire {reexecute=0 rethrow=0 return_oop=0}
                      ; - java.util.concurrent.ThreadPoolExecutor$Worker::lock@2 (line 640)
                      ; - java.util.concurrent.ThreadPoolExecutor::runWorker@35 (line 1077)
  0x0000017e9ec525e8: b4cf 55ff 

  0x0000017e9ec525ec: ;   {post_call_nop}
  0x0000017e9ec525ec: 0fff 00a9 | e406 0002 | 488b 9424 | 9800 0000 | 8b72 2c48 | c1e6 0348 | 3b06 488b 

  0x0000017e9ec52608: ;   {metadata(method data for {method} {0x0000017eb52787c0} 'runWorker' '(Ljava/util/concurrent/ThreadPoolExecutor$Worker;)V' in 'java/util/concurrent/ThreadPoolExecutor')}
  0x0000017e9ec52608: fe48 bb00 | 8e32 b77e | 0100 008b | 7f08 41ba | 0000 0033 | 4903 fa48 | 3bbb c001 | 0000 750d 
  0x0000017e9ec52628: 4883 83c8 | 0100 0001 | e960 0000 | 0048 3bbb | d001 0000 | 750d 4883 | 83d8 0100 | 0001 e94a 
  0x0000017e9ec52648: 0000 0048 | 83bb c001 | 0000 0075 | 1748 89bb | c001 0000 | 48c7 83c8 | 0100 0001 | 0000 00e9 
  0x0000017e9ec52668: 2900 0000 | 4883 bbd0 | 0100 0000 | 7517 4889 | bbd0 0100 | 0048 c783 | d801 0000 | 0100 0000 
  0x0000017e9ec52688: e908 0000 | 0048 8383 | b801 0000 | 018b 760c 

  0x0000017e9ec52698: ;   {metadata(method data for {method} {0x0000017eb52787c0} 'runWorker' '(Ljava/util/concurrent/ThreadPoolExecutor$Worker;)V' in 'java/util/concurrent/ThreadPoolExecutor')}
  0x0000017e9ec52698: 48bf 008e | 32b7 7e01 | 0000 4883 | 87e8 0100 

  0x0000017e9ec526a8: ;   {metadata(method data for {method} {0x0000017eb52771e8} 'runStateAtLeast' '(II)Z' in 'java/util/concurrent/ThreadPoolExecutor')}
  0x0000017e9ec526a8: 0001 48bf | 704f d4b5 | 7e01 0000 | 8b9f 9000 | 0000 83c3 | 0289 9f90 | 0000 0081 | e3fe ff1f 
  0x0000017e9ec526c8: 0085 db0f | 8427 1100 | 0081 fe00 

  0x0000017e9ec526d4: ;   {metadata(method data for {method} {0x0000017eb52771e8} 'runStateAtLeast' '(II)Z' in 'java/util/concurrent/ThreadPoolExecutor')}
  0x0000017e9ec526d4: 0000 2048 | be70 4fd4 | b57e 0100 | 00bf d800 | 0000 7c05 | bfe8 0000 | 0048 8b1c | 3e48 8d5b 
  0x0000017e9ec526f4: 0148 891c | 3e0f 8c1a 

  0x0000017e9ec526fc: ;   {metadata(method data for {method} {0x0000017eb52771e8} 'runStateAtLeast' '(II)Z' in 'java/util/concurrent/ThreadPoolExecutor')}
  0x0000017e9ec526fc: 0000 0048 | be70 4fd4 | b57e 0100 | 00ff 86f8 | 0000 00be | 0100 0000 | e905 0000 | 00be 0000 
  0x0000017e9ec5271c: 0000 83e6 

  0x0000017e9ec52720: ;   {metadata(method data for {method} {0x0000017eb52787c0} 'runWorker' '(Ljava/util/concurrent/ThreadPoolExecutor$Worker;)V' in 'java/util/concurrent/ThreadPoolExecutor')}
  0x0000017e9ec52720: 0185 f648 | be00 8e32 | b77e 0100 | 00bf f801 | 0000 7505 | bf08 0200 | 0048 8b1c | 3e48 8d5b 
  0x0000017e9ec52740: 0148 891c | 3e0f 85ff 

  0x0000017e9ec52748: ;   {metadata(method data for {method} {0x0000017eb52787c0} 'runWorker' '(Ljava/util/concurrent/ThreadPoolExecutor$Worker;)V' in 'java/util/concurrent/ThreadPoolExecutor')}
  0x0000017e9ec52748: 0200 0048 | be00 8e32 | b77e 0100 | 0048 8386 | 1802 0000 

  0x0000017e9ec5275c: ;   {metadata(method data for {method} {0x00000000334a3658} 'interrupted' '()Z' in 'java/lang/Thread')}
  0x0000017e9ec5275c: 0148 be98 | 51d4 b57e | 0100 008b | be90 0000 | 0083 c702 | 89be 9000 | 0000 81e7 | feff 1f00 
  0x0000017e9ec5277c: 85ff 0f84 | 9510 0000 

  0x0000017e9ec52784: ;   {metadata(method data for {method} {0x00000000334a3658} 'interrupted' '()Z' in 'java/lang/Thread')}
  0x0000017e9ec52784: 48be 9851 | d4b5 7e01 | 0000 4883 | 86d8 0000 | 0001 498b | b710 0400 | 0048 8b36 

  0x0000017e9ec527a0: ; implicit exception: dispatches to 0x0000017e9ec5383a
  0x0000017e9ec527a0: 483b 0648 

  0x0000017e9ec527a4: ;   {metadata(method data for {method} {0x00000000334a3658} 'interrupted' '()Z' in 'java/lang/Thread')}
  0x0000017e9ec527a4: 8bfe 48bb | 9851 d4b5 | 7e01 0000 | 8b7f 0841 | ba00 0000 | 3349 03fa | 483b bbf0 | 0000 0075 
  0x0000017e9ec527c4: 0d48 8383 | f800 0000 | 01e9 6000 | 0000 483b | bb00 0100 | 0075 0d48 | 8383 0801 | 0000 01e9 
  0x0000017e9ec527e4: 4a00 0000 | 4883 bbf0 | 0000 0000 | 7517 4889 | bbf0 0000 | 0048 c783 | f800 0000 | 0100 0000 
  0x0000017e9ec52804: e929 0000 | 0048 83bb | 0001 0000 | 0075 1748 | 89bb 0001 | 0000 48c7 | 8308 0100 | 0001 0000 
  0x0000017e9ec52824: 00e9 0800 | 0000 4883 | 83e8 0000 

  0x0000017e9ec52830: ;   {metadata(method data for {method} {0x0000000033191170} 'getAndClearInterrupt' '()Z' in 'java/lang/Thread')}
  0x0000017e9ec52830: 0001 48bf | e852 d4b5 | 7e01 0000 | 8b9f 9000 | 0000 83c3 | 0289 9f90 | 0000 0081 | e3fe ff1f 
  0x0000017e9ec52850: 0085 db0f | 84e6 0f00 | 000f be7e 

  0x0000017e9ec5285c: ;   {metadata(method data for {method} {0x0000000033191170} 'getAndClearInterrupt' '()Z' in 'java/lang/Thread')}
  0x0000017e9ec5285c: 3a85 ff48 | bbe8 52d4 | b57e 0100 | 00b8 d800 | 0000 7405 | b8e8 0000 | 0048 8b0c | 0348 8d49 
  0x0000017e9ec5287c: 0148 890c | 030f 843c | 0000 0089 | bc24 b800 | 0000 bb00 | 0000 0088 | 5e3a f083 | 4424 c000 
  0x0000017e9ec5289c: ;   {metadata(method data for {method} {0x0000000033191170} 'getAndClearInterrupt' '()Z' in 'java/lang/Thread')}
  0x0000017e9ec5289c: 48be e852 | d4b5 7e01 | 0000 4883 | 86f8 0000 

  0x0000017e9ec528ac: ;   {static_call}
  0x0000017e9ec528ac: 0001 90e8 

  0x0000017e9ec528b0: ; ImmutableOopMap {[152]=Oop [160]=Oop [168]=Oop [176]=Oop }
                      ;*invokestatic clearInterruptEvent {reexecute=0 rethrow=0 return_oop=0}
                      ; - java.lang.Thread::getAndClearInterrupt@14 (line 1663)
                      ; - java.lang.Thread::interrupted@3 (line 1625)
                      ; - java.util.concurrent.ThreadPoolExecutor::runWorker@53 (line 1083)
  0x0000017e9ec528b0: 2ccb 8806 

  0x0000017e9ec528b4: ;   {post_call_nop}
  0x0000017e9ec528b4: 0fff 00a9 | ac09 0003 | 8bbc 24b8 | 0000 0083 | e701 83e7 

  0x0000017e9ec528c8: ;   {metadata(method data for {method} {0x0000017eb52787c0} 'runWorker' '(Ljava/util/concurrent/ThreadPoolExecutor$Worker;)V' in 'java/util/concurrent/ThreadPoolExecutor')}
  0x0000017e9ec528c8: 0185 ff48 | ba00 8e32 | b77e 0100 | 00be 2802 | 0000 7405 | be38 0200 | 0048 8b3c | 3248 8d7f 
  0x0000017e9ec528e8: 0148 893c | 320f 84c1 | 0200 0048 | 8b94 2498 | 0000 008b | 722c 48c1 | e603 483b | 0648 8bfe 
  0x0000017e9ec52908: ;   {metadata(method data for {method} {0x0000017eb52787c0} 'runWorker' '(Ljava/util/concurrent/ThreadPoolExecutor$Worker;)V' in 'java/util/concurrent/ThreadPoolExecutor')}
  0x0000017e9ec52908: 48bb 008e | 32b7 7e01 | 0000 8b7f | 0841 ba00 | 0000 3349 | 03fa 483b | bb50 0200 | 0075 0d48 
  0x0000017e9ec52928: 8383 5802 | 0000 01e9 | 6000 0000 | 483b bb60 | 0200 0075 | 0d48 8383 | 6802 0000 | 01e9 4a00 
  0x0000017e9ec52948: 0000 4883 | bb50 0200 | 0000 7517 | 4889 bb50 | 0200 0048 | c783 5802 | 0000 0100 | 0000 e929 
  0x0000017e9ec52968: 0000 0048 | 83bb 6002 | 0000 0075 | 1748 89bb | 6002 0000 | 48c7 8368 | 0200 0001 | 0000 00e9 
  0x0000017e9ec52988: 0800 0000 | 4883 8348 | 0200 0001 

  0x0000017e9ec52994: ;   {metadata(method data for {method} {0x0000017eb52787c0} 'runWorker' '(Ljava/util/concurrent/ThreadPoolExecutor$Worker;)V' in 'java/util/concurrent/ThreadPoolExecutor')}
  0x0000017e9ec52994: 8b76 0c48 | bf00 8e32 | b77e 0100 | 0048 8387 | 7802 0000 

  0x0000017e9ec529a8: ;   {metadata(method data for {method} {0x0000017eb52771e8} 'runStateAtLeast' '(II)Z' in 'java/util/concurrent/ThreadPoolExecutor')}
  0x0000017e9ec529a8: 0148 bf70 | 4fd4 b57e | 0100 008b | 9f90 0000 | 0083 c302 | 899f 9000 | 0000 81e3 | feff 1f00 
  0x0000017e9ec529c8: 85db 0f84 | 950e 0000 | 81fe 0000 

  0x0000017e9ec529d4: ;   {metadata(method data for {method} {0x0000017eb52771e8} 'runStateAtLeast' '(II)Z' in 'java/util/concurrent/ThreadPoolExecutor')}
  0x0000017e9ec529d4: 0020 48be | 704f d4b5 | 7e01 0000 | bfd8 0000 | 007c 05bf | e800 0000 | 488b 1c3e | 488d 5b01 
  0x0000017e9ec529f4: 4889 1c3e | 0f8c 1a00 

  0x0000017e9ec529fc: ;   {metadata(method data for {method} {0x0000017eb52771e8} 'runStateAtLeast' '(II)Z' in 'java/util/concurrent/ThreadPoolExecutor')}
  0x0000017e9ec529fc: 0000 48be | 704f d4b5 | 7e01 0000 | ff86 f800 | 0000 be01 | 0000 00e9 | 0500 0000 | be00 0000 
  0x0000017e9ec52a1c: 0083 e601 

  0x0000017e9ec52a20: ;   {metadata(method data for {method} {0x0000017eb52787c0} 'runWorker' '(Ljava/util/concurrent/ThreadPoolExecutor$Worker;)V' in 'java/util/concurrent/ThreadPoolExecutor')}
  0x0000017e9ec52a20: 85f6 48be | 008e 32b7 | 7e01 0000 | bf88 0200 | 0074 05bf | 9802 0000 | 488b 1c3e | 488d 5b01 
  0x0000017e9ec52a40: 4889 1c3e | 0f84 6a01 | 0000 488b | b424 a800 | 0000 483b | 0648 8bfe 

  0x0000017e9ec52a58: ;   {metadata(method data for {method} {0x0000017eb52787c0} 'runWorker' '(Ljava/util/concurrent/ThreadPoolExecutor$Worker;)V' in 'java/util/concurrent/ThreadPoolExecutor')}
  0x0000017e9ec52a58: 48bb 008e | 32b7 7e01 | 0000 8b7f | 0841 ba00 | 0000 3349 | 03fa 483b | bbb0 0200 | 0075 0d48 
  0x0000017e9ec52a78: 8383 b802 | 0000 01e9 | 6000 0000 | 483b bbc0 | 0200 0075 | 0d48 8383 | c802 0000 | 01e9 4a00 
  0x0000017e9ec52a98: 0000 4883 | bbb0 0200 | 0000 7517 | 4889 bbb0 | 0200 0048 | c783 b802 | 0000 0100 | 0000 e929 
  0x0000017e9ec52ab8: 0000 0048 | 83bb c002 | 0000 0075 | 1748 89bb | c002 0000 | 48c7 83c8 | 0200 0001 | 0000 00e9 
  0x0000017e9ec52ad8: 0800 0000 | 4883 83a8 | 0200 0001 | 0fbe 7e3a | 83e7 0185 

  0x0000017e9ec52aec: ;   {metadata(method data for {method} {0x0000017eb52787c0} 'runWorker' '(Ljava/util/concurrent/ThreadPoolExecutor$Worker;)V' in 'java/util/concurrent/ThreadPoolExecutor')}
  0x0000017e9ec52aec: ff48 bf00 | 8e32 b77e | 0100 00bb | d802 0000 | 7505 bbe8 | 0200 0048 | 8b04 1f48 | 8d40 0148 
  0x0000017e9ec52b0c: 8904 1f0f | 859f 0000 | 0048 8bfe 

  0x0000017e9ec52b18: ;   {metadata(method data for {method} {0x0000017eb52787c0} 'runWorker' '(Ljava/util/concurrent/ThreadPoolExecutor$Worker;)V' in 'java/util/concurrent/ThreadPoolExecutor')}
  0x0000017e9ec52b18: 48bb 008e | 32b7 7e01 | 0000 8b7f | 0841 ba00 | 0000 3349 | 03fa 483b | bb00 0300 | 0075 0d48 
  0x0000017e9ec52b38: 8383 0803 | 0000 01e9 | 6000 0000 | 483b bb10 | 0300 0075 | 0d48 8383 | 1803 0000 | 01e9 4a00 
  0x0000017e9ec52b58: 0000 4883 | bb00 0300 | 0000 7517 | 4889 bb00 | 0300 0048 | c783 0803 | 0000 0100 | 0000 e929 
  0x0000017e9ec52b78: 0000 0048 | 83bb 1003 | 0000 0075 | 1748 89bb | 1003 0000 | 48c7 8318 | 0300 0001 | 0000 00e9 
  0x0000017e9ec52b98: 0800 0000 | 4883 83f8 | 0200 0001 

  0x0000017e9ec52ba4: ;   {optimized virtual_call}
  0x0000017e9ec52ba4: 488b d6e8 

  0x0000017e9ec52ba8: ; ImmutableOopMap {[152]=Oop [160]=Oop [168]=Oop [176]=Oop }
                      ;*invokevirtual interrupt {reexecute=0 rethrow=0 return_oop=0}
                      ; - java.util.concurrent.ThreadPoolExecutor::runWorker@82 (line 1086)
  0x0000017e9ec52ba8: 34c2 8806 

  0x0000017e9ec52bac: ;   {post_call_nop}
  0x0000017e9ec52bac: 0fff 00a9 | a40c 0004 | 488b 9424 | 9800 0000 

  0x0000017e9ec52bbc: ;   {metadata(method data for {method} {0x0000017eb52787c0} 'runWorker' '(Ljava/util/concurrent/ThreadPoolExecutor$Worker;)V' in 'java/util/concurrent/ThreadPoolExecutor')}
  0x0000017e9ec52bbc: 48be 008e | 32b7 7e01 | 0000 8b52 | 0841 ba00 | 0000 3349 | 03d2 483b | 9630 0300 | 0075 0d48 
  0x0000017e9ec52bdc: 8386 3803 | 0000 01e9 | 6000 0000 | 483b 9640 | 0300 0075 | 0d48 8386 | 4803 0000 | 01e9 4a00 
  0x0000017e9ec52bfc: 0000 4883 | be30 0300 | 0000 7517 | 4889 9630 | 0300 0048 | c786 3803 | 0000 0100 | 0000 e929 
  0x0000017e9ec52c1c: 0000 0048 | 83be 4003 | 0000 0075 | 1748 8996 | 4003 0000 | 48c7 8648 | 0300 0001 | 0000 00e9 
  0x0000017e9ec52c3c: 0800 0000 | 4883 8628 | 0300 0001 

  0x0000017e9ec52c48: ;   {metadata(method data for {method} {0x0000017eb527af78} 'beforeExecute' '(Ljava/lang/Thread;Ljava/lang/Runnable;)V' in 'java/util/concurrent/ThreadPoolExecutor')}
  0x0000017e9ec52c48: 48ba f049 | beb6 7e01 | 0000 8bb2 | 9000 0000 | 83c6 0289 | b290 0000 | 0081 e6fe | ff1f 0085 
  0x0000017e9ec52c68: f60f 841c | 0c00 0048 | 8bbc 24b0 | 0000 0048 | 3b07 488b 

  0x0000017e9ec52c7c: ;   {metadata(method data for {method} {0x0000017eb52787c0} 'runWorker' '(Ljava/util/concurrent/ThreadPoolExecutor$Worker;)V' in 'java/util/concurrent/ThreadPoolExecutor')}
  0x0000017e9ec52c7c: d748 be00 | 8e32 b77e | 0100 008b | 5208 41ba | 0000 0033 | 4903 d248 | 3b96 6003 | 0000 750d 
  0x0000017e9ec52c9c: 4883 8668 | 0300 0001 | e960 0000 | 0048 3b96 | 7003 0000 | 750d 4883 | 8678 0300 | 0001 e94a 
  0x0000017e9ec52cbc: 0000 0048 | 83be 6003 | 0000 0075 | 1748 8996 | 6003 0000 | 48c7 8668 | 0300 0001 | 0000 00e9 
  0x0000017e9ec52cdc: 2900 0000 | 4883 be70 | 0300 0000 | 7517 4889 | 9670 0300 | 0048 c786 | 7803 0000 | 0100 0000 
  0x0000017e9ec52cfc: e908 0000 | 0048 8386 | 5803 0000 | 0148 8bd7 | 4889 bc24 | b000 0000 | 9048 b8a0 | df57 b97e 
  0x0000017e9ec52d1c: ;   {virtual_call}
  0x0000017e9ec52d1c: 0100 00e8 

  0x0000017e9ec52d20: ; ImmutableOopMap {[152]=Oop [160]=Oop [168]=Oop [176]=Oop }
                      ;*invokeinterface run {reexecute=0 rethrow=0 return_oop=0}
                      ; - java.util.concurrent.ThreadPoolExecutor::runWorker@92 (line 1090)
  0x0000017e9ec52d20: 5451 a006 

  0x0000017e9ec52d24: ;   {post_call_nop}
  0x0000017e9ec52d24: 0fff 00a9 | 1c0e 0005 | 488b 9424 | 9800 0000 

  0x0000017e9ec52d34: ;   {metadata(method data for {method} {0x0000017eb52787c0} 'runWorker' '(Ljava/util/concurrent/ThreadPoolExecutor$Worker;)V' in 'java/util/concurrent/ThreadPoolExecutor')}
  0x0000017e9ec52d34: 48be 008e | 32b7 7e01 | 0000 8b52 | 0841 ba00 | 0000 3349 | 03d2 483b | 9690 0300 | 0075 0d48 
  0x0000017e9ec52d54: 8386 9803 | 0000 01e9 | 6000 0000 | 483b 96a0 | 0300 0075 | 0d48 8386 | a803 0000 | 01e9 4a00 
  0x0000017e9ec52d74: 0000 4883 | be90 0300 | 0000 7517 | 4889 9690 | 0300 0048 | c786 9803 | 0000 0100 | 0000 e929 
  0x0000017e9ec52d94: 0000 0048 | 83be a003 | 0000 0075 | 1748 8996 | a003 0000 | 48c7 86a8 | 0300 0001 | 0000 00e9 
  0x0000017e9ec52db4: 0800 0000 | 4883 8688 | 0300 0001 

  0x0000017e9ec52dc0: ;   {metadata(method data for {method} {0x0000017eb527b038} 'afterExecute' '(Ljava/lang/Runnable;Ljava/lang/Throwable;)V' in 'java/util/concurrent/ThreadPoolExecutor')}
  0x0000017e9ec52dc0: 48ba f04a | beb6 7e01 | 0000 8bb2 | 9000 0000 | 83c6 0289 | b290 0000 | 0081 e6fe | ff1f 0085 
  0x0000017e9ec52de0: f60f 84ca 

  0x0000017e9ec52de4: ;   {metadata(method data for {method} {0x0000017eb52787c0} 'runWorker' '(Ljava/util/concurrent/ThreadPoolExecutor$Worker;)V' in 'java/util/concurrent/ThreadPoolExecutor')}
  0x0000017e9ec52de4: 0a00 0048 | ba00 8e32 | b77e 0100 | 00ff 82b8 | 0300 004c | 8b84 24a0 | 0000 00c4 | c17b 1040 
  0x0000017e9ec52e04: 20c4 e1f9 | 7ec2 41ba | 0100 0000 | 4903 d248 | 8994 24c0 | 0000 00c5 | fb10 8424 | c000 0000 
  0x0000017e9ec52e24: c4c1 7b11 | 4020 f083 | 4424 c000 

  0x0000017e9ec52e30: ;   {metadata(method data for {method} {0x0000017eb52787c0} 'runWorker' '(Ljava/util/concurrent/ThreadPoolExecutor$Worker;)V' in 'java/util/concurrent/ThreadPoolExecutor')}
  0x0000017e9ec52e30: 498b d048 | be00 8e32 | b77e 0100 | 008b 5208 | 41ba 0000 | 0033 4903 | d248 3b96 | 0804 0000 
  0x0000017e9ec52e50: 750d 4883 | 8610 0400 | 0001 e960 | 0000 0048 | 3b96 1804 | 0000 750d | 4883 8620 | 0400 0001 
  0x0000017e9ec52e70: e94a 0000 | 0048 83be | 0804 0000 | 0075 1748 | 8996 0804 | 0000 48c7 | 8610 0400 | 0001 0000 
  0x0000017e9ec52e90: 00e9 2900 | 0000 4883 | be18 0400 | 0000 7517 | 4889 9618 | 0400 0048 | c786 2004 | 0000 0100 
  0x0000017e9ec52eb0: 0000 e908 | 0000 0048 | 8386 0004 

  0x0000017e9ec52ebc: ;   {metadata(method data for {method} {0x0000017eb53e9788} 'unlock' '()V' in 'java/util/concurrent/ThreadPoolExecutor$Worker')}
  0x0000017e9ec52ebc: 0000 0148 | ba40 a8bd | b67e 0100 | 008b b290 | 0000 0083 | c602 89b2 | 9000 0000 | 81e6 feff 
  0x0000017e9ec52edc: 1f00 85f6 | 0f84 ec09 | 0000 498b 

  0x0000017e9ec52ee8: ;   {metadata(method data for {method} {0x0000017eb53e9788} 'unlock' '()V' in 'java/util/concurrent/ThreadPoolExecutor$Worker')}
  0x0000017e9ec52ee8: d048 be40 | a8bd b67e | 0100 008b | 5208 41ba | 0000 0033 | 4903 d248 | 3b96 e000 | 0000 750d 
  0x0000017e9ec52f08: 4883 86e8 | 0000 0001 | e960 0000 | 0048 3b96 | f000 0000 | 750d 4883 | 86f8 0000 | 0001 e94a 
  0x0000017e9ec52f28: 0000 0048 | 83be e000 | 0000 0075 | 1748 8996 | e000 0000 | 48c7 86e8 | 0000 0001 | 0000 00e9 
  0x0000017e9ec52f48: 2900 0000 | 4883 bef0 | 0000 0000 | 7517 4889 | 96f0 0000 | 0048 c786 | f800 0000 | 0100 0000 
  0x0000017e9ec52f68: e908 0000 | 0048 8386 | d800 0000 

  0x0000017e9ec52f74: ;   {metadata(method data for {method} {0x00000000332d24b8} 'release' '(I)Z' in 'java/util/concurrent/locks/AbstractQueuedSynchronizer')}
  0x0000017e9ec52f74: 0148 ba78 | 7722 b57e | 0100 008b | b290 0000 | 0083 c602 | 89b2 9000 | 0000 81e6 | feff 1f00 
  0x0000017e9ec52f94: 85f6 0f84 | 5709 0000 

  0x0000017e9ec52f9c: ;   {metadata(method data for {method} {0x00000000332d24b8} 'release' '(I)Z' in 'java/util/concurrent/locks/AbstractQueuedSynchronizer')}
  0x0000017e9ec52f9c: 498b d048 | be78 7722 | b57e 0100 | 0048 8386 | f800 0000 

  0x0000017e9ec52fb0: ;   {metadata(method data for {method} {0x0000017eb53e9578} 'tryRelease' '(I)Z' in 'java/util/concurrent/ThreadPoolExecutor$Worker')}
  0x0000017e9ec52fb0: 0148 ba88 | a9bd b67e | 0100 008b | b290 0000 | 0083 c602 | 89b2 9000 | 0000 81e6 | feff 1f00 
  0x0000017e9ec52fd0: 85f6 0f84 | 3c09 0000 

  0x0000017e9ec52fd8: ;   {metadata(method data for {method} {0x0000017eb53e9578} 'tryRelease' '(I)Z' in 'java/util/concurrent/ThreadPoolExecutor$Worker')}
  0x0000017e9ec52fd8: 498b d048 | be88 a9bd | b67e 0100 | 008b 5208 | 41ba 0000 | 0033 4903 | d248 3b96 | e000 0000 
  0x0000017e9ec52ff8: 750d 4883 | 86e8 0000 | 0001 e960 | 0000 0048 | 3b96 f000 | 0000 750d | 4883 86f8 | 0000 0001 
  0x0000017e9ec53018: e94a 0000 | 0048 83be | e000 0000 | 0075 1748 | 8996 e000 | 0000 48c7 | 86e8 0000 | 0001 0000 
  0x0000017e9ec53038: 00e9 2900 | 0000 4883 | bef0 0000 | 0000 7517 | 4889 96f0 | 0000 0048 | c786 f800 | 0000 0100 
  0x0000017e9ec53058: 0000 e908 | 0000 0048 | 8386 d800 | 0000 0141 | 0fbe 5748 | 85d2 0f85 | c108 0000 | 41c7 400c 
  0x0000017e9ec53078: 0000 0000 

  0x0000017e9ec5307c: ;   {metadata(method data for {method} {0x0000017eb53e9578} 'tryRelease' '(I)Z' in 'java/util/concurrent/ThreadPoolExecutor$Worker')}
  0x0000017e9ec5307c: 498b d048 | be88 a9bd | b67e 0100 | 008b 5208 | 41ba 0000 | 0033 4903 | d248 3b96 | 1001 0000 
  0x0000017e9ec5309c: 750d 4883 | 8618 0100 | 0001 e960 | 0000 0048 | 3b96 2001 | 0000 750d | 4883 8628 | 0100 0001 
  0x0000017e9ec530bc: e94a 0000 | 0048 83be | 1001 0000 | 0075 1748 | 8996 1001 | 0000 48c7 | 8618 0100 | 0001 0000 
  0x0000017e9ec530dc: 00e9 2900 | 0000 4883 | be20 0100 | 0000 7517 | 4889 9620 | 0100 0048 | c786 2801 | 0000 0100 
  0x0000017e9ec530fc: 0000 e908 | 0000 0048 | 8386 0801 | 0000 01ba | 0000 0000 | 4189 5018 | f083 4424 

  0x0000017e9ec53118: ;   {metadata(method data for {method} {0x00000000332d24b8} 'release' '(I)Z' in 'java/util/concurrent/locks/AbstractQueuedSynchronizer')}
  0x0000017e9ec53118: c000 48ba | 7877 22b5 | 7e01 0000 | ff82 1801 | 0000 418b | 5010 48c1 

  0x0000017e9ec53130: ;   {metadata(method data for {method} {0x00000000332d24b8} 'release' '(I)Z' in 'java/util/concurrent/locks/AbstractQueuedSynchronizer')}
  0x0000017e9ec53130: e203 48be | 7877 22b5 | 7e01 0000 | 4883 8628 | 0100 0001 

  0x0000017e9ec53144: ;   {static_call}
  0x0000017e9ec53144: 6666 90e8 

  0x0000017e9ec53148: ; ImmutableOopMap {[152]=Oop [160]=Oop [168]=Oop }
                      ;*invokestatic signalNext {reexecute=0 rethrow=0 return_oop=0}
                      ; - java.util.concurrent.locks.AbstractQueuedSynchronizer::release@12 (line 1100)
                      ; - java.util.concurrent.ThreadPoolExecutor$Worker::unlock@2 (line 642)
                      ; - java.util.concurrent.ThreadPoolExecutor::runWorker@131 (line 1099)
  0x0000017e9ec53148: b488 0107 

  0x0000017e9ec5314c: ;   {post_call_nop}
  0x0000017e9ec5314c: 0fff 00a9 | 4412 0006 

  0x0000017e9ec53154: ;   {metadata(method data for {method} {0x0000017eb52787c0} 'runWorker' '(Ljava/util/concurrent/ThreadPoolExecutor$Worker;)V' in 'java/util/concurrent/ThreadPoolExecutor')}
  0x0000017e9ec53154: 49b8 008e | 32b7 7e01 | 0000 41ff | 8030 0400 

  0x0000017e9ec53164: ;   {metadata(method data for {method} {0x0000017eb52787c0} 'runWorker' '(Ljava/util/concurrent/ThreadPoolExecutor$Worker;)V' in 'java/util/concurrent/ThreadPoolExecutor')}
  0x0000017e9ec53164: 0049 b800 | 8e32 b77e | 0100 0045 | 8b88 9400 | 0000 4183 | c102 4589 | 8894 0000 | 0041 81e1 
  0x0000017e9ec53184: fe3f 0000 | 4585 c90f | 84c4 0700 | 004d 8b57 

  0x0000017e9ec53194: ; ImmutableOopMap {[152]=Oop [160]=Oop [168]=Oop }
                      ;*goto {reexecute=1 rethrow=0 return_oop=0}
                      ; - (reexecute) java.util.concurrent.ThreadPoolExecutor::runWorker@158 (line 1100)
                      ;   {poll}
  0x0000017e9ec53194: 3041 8502 

  0x0000017e9ec53198: ;   {metadata(method data for {method} {0x0000017eb52787c0} 'runWorker' '(Ljava/util/concurrent/ThreadPoolExecutor$Worker;)V' in 'java/util/concurrent/ThreadPoolExecutor')}
  0x0000017e9ec53198: 49b8 008e | 32b7 7e01 | 0000 41ff | 8078 0400 

  0x0000017e9ec531a8: ;   {oop(nullptr)}
  0x0000017e9ec531a8: 0048 bf00 | 0000 0000 | 0000 00e9 | 38f2 ffff | 488b 9424 | 9800 0000 

  0x0000017e9ec531c0: ;   {metadata(method data for {method} {0x0000017eb52787c0} 'runWorker' '(Ljava/util/concurrent/ThreadPoolExecutor$Worker;)V' in 'java/util/concurrent/ThreadPoolExecutor')}
  0x0000017e9ec531c0: 49b8 008e | 32b7 7e01 | 0000 4983 | 8090 0400 | 0001 4c8b | 8424 a000 | 0000 41b9 | 0000 0000 
  0x0000017e9ec531e0: 488b 9424 | 9800 0000 | 0f1f 8000 

  0x0000017e9ec531ec: ;   {optimized virtual_call}
  0x0000017e9ec531ec: 0000 00e8 

  0x0000017e9ec531f0: ; ImmutableOopMap {}
                      ;*invokevirtual processWorkerExit {reexecute=0 rethrow=0 return_oop=0}
                      ; - java.util.concurrent.ThreadPoolExecutor::runWorker@168 (line 1104)
  0x0000017e9ec531f0: ecbb 8806 

  0x0000017e9ec531f4: ;   {post_call_nop}
  0x0000017e9ec531f4: 0fff 00a9 | ec12 0008 

  0x0000017e9ec531fc: ;   {metadata(method data for {method} {0x0000017eb52787c0} 'runWorker' '(Ljava/util/concurrent/ThreadPoolExecutor$Worker;)V' in 'java/util/concurrent/ThreadPoolExecutor')}
  0x0000017e9ec531fc: 48b8 008e | 32b7 7e01 | 0000 ff80 | c004 0000 | 4881 c4f0 | 0000 005d 

  0x0000017e9ec53214: ;   {poll_return}
  0x0000017e9ec53214: 493b 6728 | 0f87 5807 | 0000 c349 | 8b87 8805 | 0000 4d33 | d24d 8997 | 8805 0000 | 4d33 d24d 
  0x0000017e9ec53234: 8997 9005 | 0000 488b | 9424 9800 

  0x0000017e9ec53240: ;   {metadata(method data for {method} {0x0000017eb52787c0} 'runWorker' '(Ljava/util/concurrent/ThreadPoolExecutor$Worker;)V' in 'java/util/concurrent/ThreadPoolExecutor')}
  0x0000017e9ec53240: 0000 48be | 008e 32b7 | 7e01 0000 | 8b52 0841 | ba00 0000 | 3349 03d2 | 483b 96d8 | 0300 0075 
  0x0000017e9ec53260: 0d48 8386 | e003 0000 | 01e9 6000 | 0000 483b | 96e8 0300 | 0075 0d48 | 8386 f003 | 0000 01e9 
  0x0000017e9ec53280: 4a00 0000 | 4883 bed8 | 0300 0000 | 7517 4889 | 96d8 0300 | 0048 c786 | e003 0000 | 0100 0000 
  0x0000017e9ec532a0: e929 0000 | 0048 83be | e803 0000 | 0075 1748 | 8996 e803 | 0000 48c7 | 86f0 0300 | 0001 0000 
  0x0000017e9ec532c0: 00e9 0800 | 0000 4883 | 86d0 0300 

  0x0000017e9ec532cc: ;   {metadata(method data for {method} {0x0000017eb527b038} 'afterExecute' '(Ljava/lang/Runnable;Ljava/lang/Throwable;)V' in 'java/util/concurrent/ThreadPoolExecutor')}
  0x0000017e9ec532cc: 0001 48ba | f04a beb6 | 7e01 0000 | 8bb2 9000 | 0000 83c6 | 0289 b290 | 0000 0081 | e6fe ff1f 
  0x0000017e9ec532ec: 0085 f60f | 8497 0600 

  0x0000017e9ec532f4: ; ImmutableOopMap {rax=Oop [152]=Oop [160]=Oop }
                      ;*athrow {reexecute=1 rethrow=0 return_oop=0}
                      ; - (reexecute) java.util.concurrent.ThreadPoolExecutor::runWorker@117 (line 1094)
                      ;   {section_word}
  0x0000017e9ec532f4: 0048 baf5 | 32c5 9e7e 

  0x0000017e9ec532fc: ;   {runtime_call C1 Runtime handle_exception_blob}
  0x0000017e9ec532fc: 0100 00e8 | 5c7e 9506 | 9049 8b87 | 8805 0000 | 4d33 d24d | 8997 8805 | 0000 4d33 | d24d 8997 
  0x0000017e9ec5331c: 9005 0000 | 4c8b 8424 | a000 0000 | c4c1 7b10 | 4020 c4e1 | f97e c241 | ba01 0000 | 0049 03d2 
  0x0000017e9ec5333c: 4889 9424 | c800 0000 | c5fb 1084 | 24c8 0000 | 00c4 c17b | 1140 20f0 | 8344 24c0 | 0049 8bd0 
  0x0000017e9ec5335c: ;   {metadata(method data for {method} {0x0000017eb52787c0} 'runWorker' '(Ljava/util/concurrent/ThreadPoolExecutor$Worker;)V' in 'java/util/concurrent/ThreadPoolExecutor')}
  0x0000017e9ec5335c: 48be 008e | 32b7 7e01 | 0000 8b52 | 0841 ba00 | 0000 3349 | 03d2 483b | 9650 0400 | 0075 0d48 
  0x0000017e9ec5337c: 8386 5804 | 0000 01e9 | 6000 0000 | 483b 9660 | 0400 0075 | 0d48 8386 | 6804 0000 | 01e9 4a00 
  0x0000017e9ec5339c: 0000 4883 | be50 0400 | 0000 7517 | 4889 9650 | 0400 0048 | c786 5804 | 0000 0100 | 0000 e929 
  0x0000017e9ec533bc: 0000 0048 | 83be 6004 | 0000 0075 | 1748 8996 | 6004 0000 | 48c7 8668 | 0400 0001 | 0000 00e9 
  0x0000017e9ec533dc: 0800 0000 | 4883 8648 | 0400 0001 

  0x0000017e9ec533e8: ;   {metadata(method data for {method} {0x0000017eb53e9788} 'unlock' '()V' in 'java/util/concurrent/ThreadPoolExecutor$Worker')}
  0x0000017e9ec533e8: 48ba 40a8 | bdb6 7e01 | 0000 8bb2 | 9000 0000 | 83c6 0289 | b290 0000 | 0081 e6fe | ff1f 0085 
  0x0000017e9ec53408: f60f 849e | 0500 0049 

  0x0000017e9ec53410: ;   {metadata(method data for {method} {0x0000017eb53e9788} 'unlock' '()V' in 'java/util/concurrent/ThreadPoolExecutor$Worker')}
  0x0000017e9ec53410: 8bd0 48be | 40a8 bdb6 | 7e01 0000 | 8b52 0841 | ba00 0000 | 3349 03d2 | 483b 96e0 | 0000 0075 
  0x0000017e9ec53430: 0d48 8386 | e800 0000 | 01e9 6000 | 0000 483b | 96f0 0000 | 0075 0d48 | 8386 f800 | 0000 01e9 
  0x0000017e9ec53450: 4a00 0000 | 4883 bee0 | 0000 0000 | 7517 4889 | 96e0 0000 | 0048 c786 | e800 0000 | 0100 0000 
  0x0000017e9ec53470: e929 0000 | 0048 83be | f000 0000 | 0075 1748 | 8996 f000 | 0000 48c7 | 86f8 0000 | 0001 0000 
  0x0000017e9ec53490: 00e9 0800 | 0000 4883 | 86d8 0000 

  0x0000017e9ec5349c: ;   {metadata(method data for {method} {0x00000000332d24b8} 'release' '(I)Z' in 'java/util/concurrent/locks/AbstractQueuedSynchronizer')}
  0x0000017e9ec5349c: 0001 48ba | 7877 22b5 | 7e01 0000 | 8bb2 9000 | 0000 83c6 | 0289 b290 | 0000 0081 | e6fe ff1f 
  0x0000017e9ec534bc: 0085 f60f | 8409 0500 | 0049 8bd0 

  0x0000017e9ec534c8: ;   {metadata(method data for {method} {0x00000000332d24b8} 'release' '(I)Z' in 'java/util/concurrent/locks/AbstractQueuedSynchronizer')}
  0x0000017e9ec534c8: 48be 7877 | 22b5 7e01 | 0000 4883 | 86f8 0000 

  0x0000017e9ec534d8: ;   {metadata(method data for {method} {0x0000017eb53e9578} 'tryRelease' '(I)Z' in 'java/util/concurrent/ThreadPoolExecutor$Worker')}
  0x0000017e9ec534d8: 0001 48ba | 88a9 bdb6 | 7e01 0000 | 8bb2 9000 | 0000 83c6 | 0289 b290 | 0000 0081 | e6fe ff1f 
  0x0000017e9ec534f8: 0085 f60f | 84ee 0400 | 0049 8bd0 

  0x0000017e9ec53504: ;   {metadata(method data for {method} {0x0000017eb53e9578} 'tryRelease' '(I)Z' in 'java/util/concurrent/ThreadPoolExecutor$Worker')}
  0x0000017e9ec53504: 48be 88a9 | bdb6 7e01 | 0000 8b52 | 0841 ba00 | 0000 3349 | 03d2 483b | 96e0 0000 | 0075 0d48 
  0x0000017e9ec53524: 8386 e800 | 0000 01e9 | 6000 0000 | 483b 96f0 | 0000 0075 | 0d48 8386 | f800 0000 | 01e9 4a00 
  0x0000017e9ec53544: 0000 4883 | bee0 0000 | 0000 7517 | 4889 96e0 | 0000 0048 | c786 e800 | 0000 0100 | 0000 e929 
  0x0000017e9ec53564: 0000 0048 | 83be f000 | 0000 0075 | 1748 8996 | f000 0000 | 48c7 86f8 | 0000 0001 | 0000 00e9 
  0x0000017e9ec53584: 0800 0000 | 4883 86d8 | 0000 0001 | 410f be57 | 4885 d20f | 8573 0400 | 0041 c740 | 0c00 0000 
  0x0000017e9ec535a4: 0049 8bd0 

  0x0000017e9ec535a8: ;   {metadata(method data for {method} {0x0000017eb53e9578} 'tryRelease' '(I)Z' in 'java/util/concurrent/ThreadPoolExecutor$Worker')}
  0x0000017e9ec535a8: 48be 88a9 | bdb6 7e01 | 0000 8b52 | 0841 ba00 | 0000 3349 | 03d2 483b | 9610 0100 | 0075 0d48 
  0x0000017e9ec535c8: 8386 1801 | 0000 01e9 | 6000 0000 | 483b 9620 | 0100 0075 | 0d48 8386 | 2801 0000 | 01e9 4a00 
  0x0000017e9ec535e8: 0000 4883 | be10 0100 | 0000 7517 | 4889 9610 | 0100 0048 | c786 1801 | 0000 0100 | 0000 e929 
  0x0000017e9ec53608: 0000 0048 | 83be 2001 | 0000 0075 | 1748 8996 | 2001 0000 | 48c7 8628 | 0100 0001 | 0000 00e9 
  0x0000017e9ec53628: 0800 0000 | 4883 8608 | 0100 0001 | ba00 0000 | 0041 8950 | 18f0 8344 

  0x0000017e9ec53640: ;   {metadata(method data for {method} {0x00000000332d24b8} 'release' '(I)Z' in 'java/util/concurrent/locks/AbstractQueuedSynchronizer')}
  0x0000017e9ec53640: 24c0 0048 | ba78 7722 | b57e 0100 | 00ff 8218 | 0100 0048 | 8984 24d0 | 0000 0041 | 8b50 1048 
  0x0000017e9ec53660: ;   {metadata(method data for {method} {0x00000000332d24b8} 'release' '(I)Z' in 'java/util/concurrent/locks/AbstractQueuedSynchronizer')}
  0x0000017e9ec53660: c1e2 0348 | be78 7722 | b57e 0100 | 0048 8386 | 2801 0000 

  0x0000017e9ec53674: ;   {static_call}
  0x0000017e9ec53674: 0166 90e8 

  0x0000017e9ec53678: ; ImmutableOopMap {[152]=Oop [160]=Oop [208]=Oop }
                      ;*invokestatic signalNext {reexecute=0 rethrow=0 return_oop=0}
                      ; - java.util.concurrent.locks.AbstractQueuedSynchronizer::release@12 (line 1100)
                      ; - java.util.concurrent.ThreadPoolExecutor$Worker::unlock@2 (line 642)
                      ; - java.util.concurrent.ThreadPoolExecutor::runWorker@152 (line 1099)
  0x0000017e9ec53678: 64bd 8806 

  0x0000017e9ec5367c: ;   {post_call_nop}
  0x0000017e9ec5367c: 0fff 00a9 | 7417 000a | 488b 8424 

  0x0000017e9ec53688: ; ImmutableOopMap {rax=Oop [152]=Oop [160]=Oop }
                      ;*athrow {reexecute=1 rethrow=0 return_oop=0}
                      ; - (reexecute) java.util.concurrent.ThreadPoolExecutor::runWorker@157 (line 1100)
  0x0000017e9ec53688: d000 0000 

  0x0000017e9ec5368c: ;   {section_word}
  0x0000017e9ec5368c: 48ba 8c36 | c59e 7e01 

  0x0000017e9ec53694: ;   {runtime_call C1 Runtime handle_exception_blob}
  0x0000017e9ec53694: 0000 e8c5 | 7a95 0690 | 498b 8788 | 0500 004d | 33d2 4d89 | 9788 0500 | 004d 33d2 | 4d89 9790 
  0x0000017e9ec536b4: 0500 0048 | 8984 24d8 | 0000 004c | 8b84 24a0 | 0000 0048 | 8b94 2498 | 0000 004c 

  0x0000017e9ec536d0: ;   {metadata(method data for {method} {0x0000017eb52787c0} 'runWorker' '(Ljava/util/concurrent/ThreadPoolExecutor$Worker;)V' in 'java/util/concurrent/ThreadPoolExecutor')}
  0x0000017e9ec536d0: 8bca 48be | 008e 32b7 | 7e01 0000 | 4883 86d8 | 0400 0001 | 41b9 0100 | 0000 0f1f 

  0x0000017e9ec536ec: ;   {optimized virtual_call}
  0x0000017e9ec536ec: 4400 00e8 

  0x0000017e9ec536f0: ; ImmutableOopMap {[216]=Oop }
                      ;*invokevirtual processWorkerExit {reexecute=0 rethrow=0 return_oop=0}
                      ; - java.util.concurrent.ThreadPoolExecutor::runWorker@180 (line 1104)
  0x0000017e9ec536f0: ecb6 8806 

  0x0000017e9ec536f4: ;   {post_call_nop}
  0x0000017e9ec536f4: 0fff 00a9 | ec17 000c | 488b 8424 | d800 0000 | e944 0300 

  0x0000017e9ec53708: ;   {metadata({method} {0x0000017eb52787c0} 'runWorker' '(Ljava/util/concurrent/ThreadPoolExecutor$Worker;)V' in 'java/util/concurrent/ThreadPoolExecutor')}
  0x0000017e9ec53708: 0049 bab8 | 8727 b57e | 0100 004c | 8954 2408 | 48c7 0424 | ffff ffff 

  0x0000017e9ec53720: ;   {runtime_call C1 Runtime counter_overflow_blob}
  0x0000017e9ec53720: e8bb b695 

  0x0000017e9ec53724: ; ImmutableOopMap {rdx=Oop r8=Oop [152]=Oop [160]=Oop }
                      ;*synchronization entry
                      ; - java.util.concurrent.ThreadPoolExecutor::runWorker@-1 (line 1070)
  0x0000017e9ec53724: 06e9 4ce9 

  0x0000017e9ec53728: ;   {runtime_call C1 Runtime throw_null_pointer_exception_blob}
  0x0000017e9ec53728: ffff e831 

  0x0000017e9ec5372c: ; ImmutableOopMap {rdx=Oop r8=Oop rsi=Oop [152]=Oop [160]=Oop [168]=Oop }
                      ;*getfield firstTask {reexecute=1 rethrow=0 return_oop=0}
                      ; - (reexecute) java.util.concurrent.ThreadPoolExecutor::runWorker@5 (line 1071)
  0x0000017e9ec5372c: 5895 0641 | 8b58 2848 | c1e3 0348 | 83fb 000f | 846e e9ff | ff48 891c 

  0x0000017e9ec53744: ;   {runtime_call g1_pre_barrier_slow}
  0x0000017e9ec53744: 24e8 96bc | 9506 e960 

  0x0000017e9ec5374c: ;   {metadata({method} {0x0000017eb53e9788} 'unlock' '()V' in 'java/util/concurrent/ThreadPoolExecutor$Worker')}
  0x0000017e9ec5374c: e9ff ff49 | ba80 973e | b57e 0100 | 004c 8954 | 2408 48c7 | 0424 ffff 

  0x0000017e9ec53764: ;   {runtime_call C1 Runtime counter_overflow_blob}
  0x0000017e9ec53764: ffff e875 

  0x0000017e9ec53768: ; ImmutableOopMap {rdx=Oop r8=Oop rsi=Oop rdi=Oop [152]=Oop [160]=Oop [168]=Oop }
                      ;*synchronization entry
                      ; - java.util.concurrent.ThreadPoolExecutor$Worker::unlock@-1 (line 642)
                      ; - java.util.concurrent.ThreadPoolExecutor::runWorker@15 (line 1073)
  0x0000017e9ec53768: b695 06e9 | fce9 ffff 

  0x0000017e9ec53770: ;   {metadata({method} {0x00000000332d24b8} 'release' '(I)Z' in 'java/util/concurrent/locks/AbstractQueuedSynchronizer')}
  0x0000017e9ec53770: 49ba b024 | 2d33 0000 | 0000 4c89 | 5424 0848 | c704 24ff 

  0x0000017e9ec53784: ;   {runtime_call C1 Runtime counter_overflow_blob}
  0x0000017e9ec53784: ffff ffe8 

  0x0000017e9ec53788: ; ImmutableOopMap {rdx=Oop r8=Oop rsi=Oop rdi=Oop [152]=Oop [160]=Oop [168]=Oop }
                      ;*synchronization entry
                      ; - java.util.concurrent.locks.AbstractQueuedSynchronizer::release@-1 (line 1099)
                      ; - java.util.concurrent.ThreadPoolExecutor$Worker::unlock@2 (line 642)
                      ; - java.util.concurrent.ThreadPoolExecutor::runWorker@15 (line 1073)
  0x0000017e9ec53788: 54b6 9506 | e990 eaff 

  0x0000017e9ec53790: ;   {metadata({method} {0x0000017eb53e9578} 'tryRelease' '(I)Z' in 'java/util/concurrent/ThreadPoolExecutor$Worker')}
  0x0000017e9ec53790: ff49 ba70 | 953e b57e | 0100 004c | 8954 2408 | 48c7 0424 | ffff ffff 

  0x0000017e9ec537a8: ;   {runtime_call C1 Runtime counter_overflow_blob}
  0x0000017e9ec537a8: e833 b695 

  0x0000017e9ec537ac: ; ImmutableOopMap {rdx=Oop r8=Oop rsi=Oop rdi=Oop [152]=Oop [160]=Oop [168]=Oop }
                      ;*synchronization entry
                      ; - java.util.concurrent.ThreadPoolExecutor$Worker::tryRelease@-1 (line 635)
                      ; - java.util.concurrent.locks.AbstractQueuedSynchronizer::release@2 (line 1099)
                      ; - java.util.concurrent.ThreadPoolExecutor$Worker::unlock@2 (line 642)
                      ; - java.util.concurrent.ThreadPoolExecutor::runWorker@15 (line 1073)
  0x0000017e9ec537ac: 06e9 aaea | ffff 418b | 580c 48c1 | e303 4883 | fb00 0f84 | 34eb ffff | 4889 1c24 

  0x0000017e9ec537c8: ;   {runtime_call g1_pre_barrier_slow}
  0x0000017e9ec537c8: e813 bc95 | 06e9 26eb 

  0x0000017e9ec537d0: ;   {metadata({method} {0x0000017eb53e9628} 'lock' '()V' in 'java/util/concurrent/ThreadPoolExecutor$Worker')}
  0x0000017e9ec537d0: ffff 49ba | 2096 3eb5 | 7e01 0000 | 4c89 5424 | 0848 c704 | 24ff ffff 

  0x0000017e9ec537e8: ;   {runtime_call C1 Runtime counter_overflow_blob}
  0x0000017e9ec537e8: ffe8 f2b5 

  0x0000017e9ec537ec: ; ImmutableOopMap {[152]=Oop [160]=Oop [168]=Oop [176]=Oop }
                      ;*synchronization entry
                      ; - java.util.concurrent.ThreadPoolExecutor$Worker::lock@-1 (line 640)
                      ; - java.util.concurrent.ThreadPoolExecutor::runWorker@35 (line 1077)
  0x0000017e9ec537ec: 9506 e94d 

  0x0000017e9ec537f0: ;   {runtime_call C1 Runtime throw_null_pointer_exception_blob}
  0x0000017e9ec537f0: edff ffe8 

  0x0000017e9ec537f4: ; ImmutableOopMap {rdx=Oop rsi=Oop [152]=Oop [160]=Oop [168]=Oop [176]=Oop }
                      ;*invokevirtual get {reexecute=0 rethrow=0 return_oop=0}
                      ; - java.util.concurrent.ThreadPoolExecutor::runWorker@42 (line 1082)
  0x0000017e9ec537f4: 6857 9506 

  0x0000017e9ec537f8: ;   {metadata({method} {0x0000017eb52771e8} 'runStateAtLeast' '(II)Z' in 'java/util/concurrent/ThreadPoolExecutor')}
  0x0000017e9ec537f8: 49ba e071 | 27b5 7e01 | 0000 4c89 | 5424 0848 | c704 24ff 

  0x0000017e9ec5380c: ;   {runtime_call C1 Runtime counter_overflow_blob}
  0x0000017e9ec5380c: ffff ffe8 

  0x0000017e9ec53810: ; ImmutableOopMap {rdx=Oop [152]=Oop [160]=Oop [168]=Oop [176]=Oop }
                      ;*synchronization entry
                      ; - java.util.concurrent.ThreadPoolExecutor::runStateAtLeast@-1 (line 408)
                      ; - java.util.concurrent.ThreadPoolExecutor::runWorker@47 (line 1082)
  0x0000017e9ec53810: ccb5 9506 | e9b8 eeff 

  0x0000017e9ec53818: ;   {metadata({method} {0x00000000334a3658} 'interrupted' '()Z' in 'java/lang/Thread')}
  0x0000017e9ec53818: ff49 ba50 | 364a 3300 | 0000 004c | 8954 2408 | 48c7 0424 | ffff ffff 

  0x0000017e9ec53830: ;   {runtime_call C1 Runtime counter_overflow_blob}
  0x0000017e9ec53830: e8ab b595 

  0x0000017e9ec53834: ; ImmutableOopMap {rdx=Oop [152]=Oop [160]=Oop [168]=Oop [176]=Oop }
                      ;*synchronization entry
                      ; - java.lang.Thread::interrupted@-1 (line 1625)
                      ; - java.util.concurrent.ThreadPoolExecutor::runWorker@53 (line 1083)
  0x0000017e9ec53834: 06e9 4aef 

  0x0000017e9ec53838: ;   {runtime_call C1 Runtime throw_null_pointer_exception_blob}
  0x0000017e9ec53838: ffff e821 

  0x0000017e9ec5383c: ; ImmutableOopMap {rdx=Oop rsi=Oop [152]=Oop [160]=Oop [168]=Oop [176]=Oop }
                      ;*invokevirtual getAndClearInterrupt {reexecute=0 rethrow=0 return_oop=0}
                      ; - java.lang.Thread::interrupted@3 (line 1625)
                      ; - java.util.concurrent.ThreadPoolExecutor::runWorker@53 (line 1083)
                      ;   {metadata({method} {0x0000000033191170} 'getAndClearInterrupt' '()Z' in 'java/lang/Thread')}
  0x0000017e9ec5383c: 5795 0649 | ba68 1119 | 3300 0000 | 004c 8954 | 2408 48c7 | 0424 ffff 

  0x0000017e9ec53854: ;   {runtime_call C1 Runtime counter_overflow_blob}
  0x0000017e9ec53854: ffff e885 

  0x0000017e9ec53858: ; ImmutableOopMap {rdx=Oop rsi=Oop [152]=Oop [160]=Oop [168]=Oop [176]=Oop }
                      ;*synchronization entry
                      ; - java.lang.Thread::getAndClearInterrupt@-1 (line 1657)
                      ; - java.lang.Thread::interrupted@3 (line 1625)
                      ; - java.util.concurrent.ThreadPoolExecutor::runWorker@53 (line 1083)
  0x0000017e9ec53858: b595 06e9 | f9ef ffff 

  0x0000017e9ec53860: ;   {runtime_call C1 Runtime throw_null_pointer_exception_blob}
  0x0000017e9ec53860: e8fb 5695 

  0x0000017e9ec53864: ; ImmutableOopMap {rdx=Oop rsi=Oop [152]=Oop [160]=Oop [168]=Oop [176]=Oop }
                      ;*invokevirtual get {reexecute=0 rethrow=0 return_oop=0}
                      ; - java.util.concurrent.ThreadPoolExecutor::runWorker@63 (line 1084)
                      ;   {metadata({method} {0x0000017eb52771e8} 'runStateAtLeast' '(II)Z' in 'java/util/concurrent/ThreadPoolExecutor')}
  0x0000017e9ec53864: 0649 bae0 | 7127 b57e | 0100 004c | 8954 2408 | 48c7 0424 | ffff ffff 

  0x0000017e9ec5387c: ;   {runtime_call C1 Runtime counter_overflow_blob}
  0x0000017e9ec5387c: e85f b595 

  0x0000017e9ec53880: ; ImmutableOopMap {rdx=Oop [152]=Oop [160]=Oop [168]=Oop [176]=Oop }
                      ;*synchronization entry
                      ; - java.util.concurrent.ThreadPoolExecutor::runStateAtLeast@-1 (line 408)
                      ; - java.util.concurrent.ThreadPoolExecutor::runWorker@68 (line 1084)
  0x0000017e9ec53880: 06e9 4af1 

  0x0000017e9ec53884: ;   {runtime_call C1 Runtime throw_null_pointer_exception_blob}
  0x0000017e9ec53884: ffff e8d5 

  0x0000017e9ec53888: ; ImmutableOopMap {rdx=Oop rsi=Oop [152]=Oop [160]=Oop [168]=Oop [176]=Oop }
                      ;*invokevirtual isInterrupted {reexecute=0 rethrow=0 return_oop=0}
                      ; - java.util.concurrent.ThreadPoolExecutor::runWorker@75 (line 1085)
                      ;   {metadata({method} {0x0000017eb527af78} 'beforeExecute' '(Ljava/lang/Thread;Ljava/lang/Runnable;)V' in 'java/util/concurrent/ThreadPoolExecutor')}
  0x0000017e9ec53888: 5695 0649 | ba70 af27 | b57e 0100 | 004c 8954 | 2408 48c7 | 0424 ffff 

  0x0000017e9ec538a0: ;   {runtime_call C1 Runtime counter_overflow_blob}
  0x0000017e9ec538a0: ffff e839 

  0x0000017e9ec538a4: ; ImmutableOopMap {[152]=Oop [160]=Oop [168]=Oop [176]=Oop }
                      ;*synchronization entry
                      ; - java.util.concurrent.ThreadPoolExecutor::beforeExecute@-1 (line 1920)
                      ; - java.util.concurrent.ThreadPoolExecutor::runWorker@88 (line 1088)
  0x0000017e9ec538a4: b595 06e9 | c3f3 ffff 

  0x0000017e9ec538ac: ;   {runtime_call C1 Runtime throw_null_pointer_exception_blob}
  0x0000017e9ec538ac: e8af 5695 

  0x0000017e9ec538b0: ; ImmutableOopMap {rdi=Oop [152]=Oop [160]=Oop [168]=Oop }
                      ;*invokeinterface run {reexecute=0 rethrow=0 return_oop=0}
                      ; - java.util.concurrent.ThreadPoolExecutor::runWorker@92 (line 1090)
                      ;   {metadata({method} {0x0000017eb527b038} 'afterExecute' '(Ljava/lang/Runnable;Ljava/lang/Throwable;)V' in 'java/util/concurrent/ThreadPoolExecutor')}
  0x0000017e9ec538b0: 0649 ba30 | b027 b57e | 0100 004c | 8954 2408 | 48c7 0424 | ffff ffff 

  0x0000017e9ec538c8: ;   {runtime_call C1 Runtime counter_overflow_blob}
  0x0000017e9ec538c8: e813 b595 

  0x0000017e9ec538cc: ; ImmutableOopMap {[152]=Oop [160]=Oop [168]=Oop [176]=Oop }
                      ;*synchronization entry
                      ; - java.util.concurrent.ThreadPoolExecutor::afterExecute@-1 (line 1971)
                      ; - java.util.concurrent.ThreadPoolExecutor::runWorker@100 (line 1091)
  0x0000017e9ec538cc: 06e9 15f5 

  0x0000017e9ec538d0: ;   {metadata({method} {0x0000017eb53e9788} 'unlock' '()V' in 'java/util/concurrent/ThreadPoolExecutor$Worker')}
  0x0000017e9ec538d0: ffff 49ba | 8097 3eb5 | 7e01 0000 | 4c89 5424 | 0848 c704 | 24ff ffff 

  0x0000017e9ec538e8: ;   {runtime_call C1 Runtime counter_overflow_blob}
  0x0000017e9ec538e8: ffe8 f2b4 

  0x0000017e9ec538ec: ; ImmutableOopMap {r8=Oop [152]=Oop [160]=Oop [168]=Oop }
                      ;*synchronization entry
                      ; - java.util.concurrent.ThreadPoolExecutor$Worker::unlock@-1 (line 642)
                      ; - java.util.concurrent.ThreadPoolExecutor::runWorker@131 (line 1099)
  0x0000017e9ec538ec: 9506 e9f3 

  0x0000017e9ec538f0: ;   {metadata({method} {0x00000000332d24b8} 'release' '(I)Z' in 'java/util/concurrent/locks/AbstractQueuedSynchronizer')}
  0x0000017e9ec538f0: f5ff ff49 | bab0 242d | 3300 0000 | 004c 8954 | 2408 48c7 | 0424 ffff 

  0x0000017e9ec53908: ;   {runtime_call C1 Runtime counter_overflow_blob}
  0x0000017e9ec53908: ffff e8d1 

  0x0000017e9ec5390c: ; ImmutableOopMap {r8=Oop [152]=Oop [160]=Oop [168]=Oop }
                      ;*synchronization entry
                      ; - java.util.concurrent.locks.AbstractQueuedSynchronizer::release@-1 (line 1099)
                      ; - java.util.concurrent.ThreadPoolExecutor$Worker::unlock@2 (line 642)
                      ; - java.util.concurrent.ThreadPoolExecutor::runWorker@131 (line 1099)
  0x0000017e9ec5390c: b495 06e9 | 88f6 ffff 

  0x0000017e9ec53914: ;   {metadata({method} {0x0000017eb53e9578} 'tryRelease' '(I)Z' in 'java/util/concurrent/ThreadPoolExecutor$Worker')}
  0x0000017e9ec53914: 49ba 7095 | 3eb5 7e01 | 0000 4c89 | 5424 0848 | c704 24ff 

  0x0000017e9ec53928: ;   {runtime_call C1 Runtime counter_overflow_blob}
  0x0000017e9ec53928: ffff ffe8 

  0x0000017e9ec5392c: ; ImmutableOopMap {r8=Oop [152]=Oop [160]=Oop [168]=Oop }
                      ;*synchronization entry
                      ; - java.util.concurrent.ThreadPoolExecutor$Worker::tryRelease@-1 (line 635)
                      ; - java.util.concurrent.locks.AbstractQueuedSynchronizer::release@2 (line 1099)
                      ; - java.util.concurrent.ThreadPoolExecutor$Worker::unlock@2 (line 642)
                      ; - java.util.concurrent.ThreadPoolExecutor::runWorker@131 (line 1099)
  0x0000017e9ec5392c: b0b4 9506 | e9a3 f6ff | ff41 8b50 | 0c48 c1e2 | 0348 83fa | 000f 842d | f7ff ff48 

  0x0000017e9ec53948: ;   {runtime_call g1_pre_barrier_slow}
  0x0000017e9ec53948: 8914 24e8 | 90ba 9506 | e91f f7ff 

  0x0000017e9ec53954: ;   {metadata({method} {0x0000017eb52787c0} 'runWorker' '(Ljava/util/concurrent/ThreadPoolExecutor$Worker;)V' in 'java/util/concurrent/ThreadPoolExecutor')}
  0x0000017e9ec53954: ff49 bab8 | 8727 b57e | 0100 004c | 8954 2408 | 48c7 0424 | 9e00 0000 

  0x0000017e9ec5396c: ;   {runtime_call C1 Runtime counter_overflow_blob}
  0x0000017e9ec5396c: e86f b495 

  0x0000017e9ec53970: ; ImmutableOopMap {[152]=Oop [160]=Oop [168]=Oop }
                      ;*goto {reexecute=1 rethrow=0 return_oop=0}
                      ; - (reexecute) java.util.concurrent.ThreadPoolExecutor::runWorker@158 (line 1100)
  0x0000017e9ec53970: 06e9 1bf8 

  0x0000017e9ec53974: ;   {internal_word}
  0x0000017e9ec53974: ffff 49ba | 1432 c59e | 7e01 0000 | 4d89 97e0 

  0x0000017e9ec53984: ;   {runtime_call SafepointBlob}
  0x0000017e9ec53984: 0400 00e9 | d4d5 8806 

  0x0000017e9ec5398c: ;   {metadata({method} {0x0000017eb527b038} 'afterExecute' '(Ljava/lang/Runnable;Ljava/lang/Throwable;)V' in 'java/util/concurrent/ThreadPoolExecutor')}
  0x0000017e9ec5398c: 49ba 30b0 | 27b5 7e01 | 0000 4c89 | 5424 0848 | c704 24ff 

  0x0000017e9ec539a0: ;   {runtime_call C1 Runtime counter_overflow_blob}
  0x0000017e9ec539a0: ffff ffe8 

  0x0000017e9ec539a4: ; ImmutableOopMap {rax=Oop [152]=Oop [160]=Oop }
                      ;*synchronization entry
                      ; - java.util.concurrent.ThreadPoolExecutor::afterExecute@-1 (line 1971)
                      ; - java.util.concurrent.ThreadPoolExecutor::runWorker@112 (line 1093)
  0x0000017e9ec539a4: 38b4 9506 | e948 f9ff 

  0x0000017e9ec539ac: ;   {metadata({method} {0x0000017eb53e9788} 'unlock' '()V' in 'java/util/concurrent/ThreadPoolExecutor$Worker')}
  0x0000017e9ec539ac: ff49 ba80 | 973e b57e | 0100 004c | 8954 2408 | 48c7 0424 | ffff ffff 

  0x0000017e9ec539c4: ;   {runtime_call C1 Runtime counter_overflow_blob}
  0x0000017e9ec539c4: e817 b495 

  0x0000017e9ec539c8: ; ImmutableOopMap {rax=Oop r8=Oop [152]=Oop [160]=Oop }
                      ;*synchronization entry
                      ; - java.util.concurrent.ThreadPoolExecutor$Worker::unlock@-1 (line 642)
                      ; - java.util.concurrent.ThreadPoolExecutor::runWorker@152 (line 1099)
  0x0000017e9ec539c8: 06e9 41fa 

  0x0000017e9ec539cc: ;   {metadata({method} {0x00000000332d24b8} 'release' '(I)Z' in 'java/util/concurrent/locks/AbstractQueuedSynchronizer')}
  0x0000017e9ec539cc: ffff 49ba | b024 2d33 | 0000 0000 | 4c89 5424 | 0848 c704 | 24ff ffff 

  0x0000017e9ec539e4: ;   {runtime_call C1 Runtime counter_overflow_blob}
  0x0000017e9ec539e4: ffe8 f6b3 

  0x0000017e9ec539e8: ; ImmutableOopMap {rax=Oop r8=Oop [152]=Oop [160]=Oop }
                      ;*synchronization entry
                      ; - java.util.concurrent.locks.AbstractQueuedSynchronizer::release@-1 (line 1099)
                      ; - java.util.concurrent.ThreadPoolExecutor$Worker::unlock@2 (line 642)
                      ; - java.util.concurrent.ThreadPoolExecutor::runWorker@152 (line 1099)
  0x0000017e9ec539e8: 9506 e9d6 

  0x0000017e9ec539ec: ;   {metadata({method} {0x0000017eb53e9578} 'tryRelease' '(I)Z' in 'java/util/concurrent/ThreadPoolExecutor$Worker')}
  0x0000017e9ec539ec: faff ff49 | ba70 953e | b57e 0100 | 004c 8954 | 2408 48c7 | 0424 ffff 

  0x0000017e9ec53a04: ;   {runtime_call C1 Runtime counter_overflow_blob}
  0x0000017e9ec53a04: ffff e8d5 

  0x0000017e9ec53a08: ; ImmutableOopMap {rax=Oop r8=Oop [152]=Oop [160]=Oop }
                      ;*synchronization entry
                      ; - java.util.concurrent.ThreadPoolExecutor$Worker::tryRelease@-1 (line 635)
                      ; - java.util.concurrent.locks.AbstractQueuedSynchronizer::release@2 (line 1099)
                      ; - java.util.concurrent.ThreadPoolExecutor$Worker::unlock@2 (line 642)
                      ; - java.util.concurrent.ThreadPoolExecutor::runWorker@152 (line 1099)
  0x0000017e9ec53a08: b395 06e9 | f1fa ffff | 418b 500c | 48c1 e203 | 4883 fa00 | 0f84 7bfb | ffff 4889 

  0x0000017e9ec53a24: ;   {runtime_call g1_pre_barrier_slow}
  0x0000017e9ec53a24: 1424 e8b5 | b995 06e9 | 6dfb ffff | 498b 8788 | 0500 0049 | c787 8805 | 0000 0000 | 0000 49c7 
  0x0000017e9ec53a44: 8790 0500 | 0000 0000 | 0048 81c4 | f000 0000 

  0x0000017e9ec53a54: ;   {runtime_call C1 Runtime unwind_exception_blob}
  0x0000017e9ec53a54: 5de9 863b | 9506 f4f4 | f4f4 f4f4 
[Stub Code]
  0x0000017e9ec53a60: ;   {other}
  0x0000017e9ec53a60: 0f1f 4400 

  0x0000017e9ec53a64: ;   {static_stub}
  0x0000017e9ec53a64: 0048 bb00 | 0000 0000 

  0x0000017e9ec53a6c: ;   {runtime_call nmethod}
  0x0000017e9ec53a6c: 0000 00e9 | fbff ffff 

  0x0000017e9ec53a74: ;   {static_stub}
  0x0000017e9ec53a74: 9048 bb00 | 0000 0000 

  0x0000017e9ec53a7c: ;   {runtime_call nmethod}
  0x0000017e9ec53a7c: 0000 00e9 | fbff ffff 

  0x0000017e9ec53a84: ;   {static_stub}
  0x0000017e9ec53a84: 48bb 0000 | 0000 0000 

  0x0000017e9ec53a8c: ;   {runtime_call nmethod}
  0x0000017e9ec53a8c: 0000 e9fb 

  0x0000017e9ec53a90: ;   {static_stub}
  0x0000017e9ec53a90: ffff ff48 | bb00 0000 | 0000 0000 

  0x0000017e9ec53a9c: ;   {runtime_call nmethod}
  0x0000017e9ec53a9c: 00e9 fbff 

  0x0000017e9ec53aa0: ;   {static_stub}
  0x0000017e9ec53aa0: ffff 48bb | 0000 0000 | 0000 0000 

  0x0000017e9ec53aac: ;   {runtime_call nmethod}
  0x0000017e9ec53aac: e9fb ffff 

  0x0000017e9ec53ab0: ;   {static_stub}
  0x0000017e9ec53ab0: ff48 bb00 | 0000 0000 

  0x0000017e9ec53ab8: ;   {runtime_call nmethod}
  0x0000017e9ec53ab8: 0000 00e9 | fbff ffff 

  0x0000017e9ec53ac0: ;   {static_stub}
  0x0000017e9ec53ac0: 48bb 0000 | 0000 0000 

  0x0000017e9ec53ac8: ;   {runtime_call nmethod}
  0x0000017e9ec53ac8: 0000 e9fb 

  0x0000017e9ec53acc: ;   {runtime_call C1 Runtime handle_exception_from_callee_blob}
  0x0000017e9ec53acc: ffff ffe8 | 8c79 9506 

  0x0000017e9ec53ad4: ;   {external_word}
  0x0000017e9ec53ad4: 48b9 6818 | 1b3a ff7f | 0000 4883 

  0x0000017e9ec53ae0: ;   {runtime_call}
  0x0000017e9ec53ae0: e4f0 48b8 | c09c de39 | ff7f 0000 

  0x0000017e9ec53aec: ;   {section_word}
  0x0000017e9ec53aec: ffd0 f449 | baef 3ac5 | 9e7e 0100 

  0x0000017e9ec53af8: ;   {runtime_call DeoptimizationBlob}
  0x0000017e9ec53af8: 0041 52e9 | 60d7 8806 
[/MachCode]


Compiled method (c1) 32414 6182       3       java.util.concurrent.ThreadPoolExecutor$Worker::run (9 bytes)
 total in heap  [0x0000017e9e349a08,0x0000017e9e349cc8] = 704
 main code      [0x0000017e9e349b00,0x0000017e9e349c88] = 392
 stub code      [0x0000017e9e349c88,0x0000017e9e349cc8] = 64
 mutable data [0x0000017ebb2ad7a0,0x0000017ebb2ad7e8] = 72
 relocation     [0x0000017ebb2ad7a0,0x0000017ebb2ad7e0] = 64
 metadata       [0x0000017ebb2ad7e0,0x0000017ebb2ad7e8] = 8
 immutable data [0x0000017ebab65310,0x0000017ebab65390] = 128
 dependencies   [0x0000017ebab65310,0x0000017ebab65318] = 8
 nul chk table  [0x0000017ebab65318,0x0000017ebab65328] = 16
 scopes pcs     [0x0000017ebab65328,0x0000017ebab65378] = 80
 scopes data    [0x0000017ebab65378,0x0000017ebab65390] = 24

[Constant Pool (empty)]

[MachCode]
[Instructions begin]
  0x0000017e9e349b00: 660f 1f84 | 0000 0000 | 0066 0f1f | 8400 0000 | 0000 448b | 5208 443b 

  0x0000017e9e349b18: ;   {runtime_call Shared Runtime ic_miss_blob}
  0x0000017e9e349b18: 5008 0f85 | c04f 1907 
[Verified Entry Point]
  0x0000017e9e349b20: 8984 2400 | 80ff ff55 | 4883 ec20 | 4181 7f20 | 0900 0000 

  0x0000017e9e349b34: ;   {runtime_call Stub::method_entry_barrier}
  0x0000017e9e349b34: 7405 e805 

  0x0000017e9e349b38: ;   {metadata(method data for {method} {0x0000017eb53e9320} 'run' '()V' in 'java/util/concurrent/ThreadPoolExecutor$Worker')}
  0x0000017e9e349b38: a717 0749 | b8c8 8b32 | b77e 0100 | 0041 8bb0 | 9000 0000 | 83c6 0241 | 89b0 9000 | 0000 81e6 
  0x0000017e9e349b58: fe07 0000 | 85f6 0f84 | c000 0000 | 8b72 2c48 | c1e6 0348 | 3b06 4c8b 

  0x0000017e9e349b70: ;   {metadata(method data for {method} {0x0000017eb53e9320} 'run' '()V' in 'java/util/concurrent/ThreadPoolExecutor$Worker')}
  0x0000017e9e349b70: c648 bfc8 | 8b32 b77e | 0100 0045 | 8b40 0841 | ba00 0000 | 334d 03c2 | 4c3b 87e0 | 0000 0075 
  0x0000017e9e349b90: 0d48 8387 | e800 0000 | 01e9 6000 | 0000 4c3b | 87f0 0000 | 0075 0d48 | 8387 f800 | 0000 01e9 
  0x0000017e9e349bb0: 4a00 0000 | 4883 bfe0 | 0000 0000 | 7517 4c89 | 87e0 0000 | 0048 c787 | e800 0000 | 0100 0000 
  0x0000017e9e349bd0: e929 0000 | 0048 83bf | f000 0000 | 0075 174c | 8987 f000 | 0000 48c7 | 87f8 0000 | 0001 0000 
  0x0000017e9e349bf0: 00e9 0800 | 0000 4883 | 87d8 0000 | 0001 4c8b | c248 8bd6 

  0x0000017e9e349c04: ;   {optimized virtual_call}
  0x0000017e9e349c04: 6666 90e8 

  0x0000017e9e349c08: ; ImmutableOopMap {}
                      ;*invokevirtual runWorker {reexecute=0 rethrow=0 return_oop=0}
                      ; - java.util.concurrent.ThreadPoolExecutor$Worker::run@5 (line 614)
  0x0000017e9e349c08: 7c00 0000 

  0x0000017e9e349c0c: ;   {post_call_nop}
  0x0000017e9e349c0c: 0f1f 8400 | 0402 0000 | 4883 c420 

  0x0000017e9e349c18: ;   {poll_return}
  0x0000017e9e349c18: 5d49 3b67 | 280f 8727 | 0000 00c3 

  0x0000017e9e349c24: ;   {metadata({method} {0x0000017eb53e9320} 'run' '()V' in 'java/util/concurrent/ThreadPoolExecutor$Worker')}
  0x0000017e9e349c24: 49ba 1893 | 3eb5 7e01 | 0000 4c89 | 5424 0848 | c704 24ff 

  0x0000017e9e349c38: ;   {runtime_call C1 Runtime counter_overflow_blob}
  0x0000017e9e349c38: ffff ffe8 

  0x0000017e9e349c3c: ; ImmutableOopMap {rdx=Oop }
                      ;*synchronization entry
                      ; - java.util.concurrent.ThreadPoolExecutor$Worker::run@-1 (line 614)
  0x0000017e9e349c3c: a051 2607 | e91f ffff 

  0x0000017e9e349c44: ;   {runtime_call C1 Runtime throw_null_pointer_exception_blob}
  0x0000017e9e349c44: ffe8 16f3 

  0x0000017e9e349c48: ; ImmutableOopMap {rdx=Oop rsi=Oop }
                      ;*invokevirtual runWorker {reexecute=0 rethrow=0 return_oop=0}
                      ; - java.util.concurrent.ThreadPoolExecutor$Worker::run@5 (line 614)
                      ;   {internal_word}
  0x0000017e9e349c48: 2507 49ba | 199c 349e | 7e01 0000 | 4d89 97e0 

  0x0000017e9e349c58: ;   {runtime_call SafepointBlob}
  0x0000017e9e349c58: 0400 00e9 | 0073 1907 | 498b 8788 | 0500 0049 | c787 8805 | 0000 0000 | 0000 49c7 | 8790 0500 
  0x0000017e9e349c78: 0000 0000 | 0048 83c4 

  0x0000017e9e349c80: ;   {runtime_call C1 Runtime unwind_exception_blob}
  0x0000017e9e349c80: 205d e959 | d925 07f4 
[Stub Code]
  0x0000017e9e349c88: ;   {static_stub}
  0x0000017e9e349c88: 48bb b887 | 27b5 7e01 

  0x0000017e9e349c90: ;   {runtime_call I2C/C2I adapters}
  0x0000017e9e349c90: 0000 e99f 

  0x0000017e9e349c94: ;   {runtime_call C1 Runtime handle_exception_from_callee_blob}
  0x0000017e9e349c94: bf19 07e8 | c417 2607 

  0x0000017e9e349c9c: ;   {external_word}
  0x0000017e9e349c9c: 48b9 6818 | 1b3a ff7f | 0000 4883 

  0x0000017e9e349ca8: ;   {runtime_call}
  0x0000017e9e349ca8: e4f0 48b8 | c09c de39 | ff7f 0000 

  0x0000017e9e349cb4: ;   {section_word}
  0x0000017e9e349cb4: ffd0 f449 | bab7 9c34 | 9e7e 0100 

  0x0000017e9e349cc0: ;   {runtime_call DeoptimizationBlob}
  0x0000017e9e349cc0: 0041 52e9 | 9875 1907 
[/MachCode]


---------------  P R O C E S S  ---------------

Threads class SMR info:
_java_thread_list=0x0000017eb9a6fdf0, length=105, elements={
0x0000017eb48415d0, 0x0000017eb48320d0, 0x0000017eb48354e0, 0x0000017eb48376e0,
0x0000017eb48386b0, 0x0000017eb483b3b0, 0x0000017eb484a2f0, 0x0000017eb485af10,
0x0000017eb9080610, 0x0000017eb90758f0, 0x0000017eb9376aa0, 0x0000017ebbb0b450,
0x0000017ebb2bc830, 0x0000017ebca948d0, 0x0000017ebca94100, 0x0000017ebca996f0,
0x0000017ebca98750, 0x0000017eb9d316a0, 0x0000017ebba4e640, 0x0000017ebba50580,
0x0000017ebba4ced0, 0x0000017ebba4de70, 0x0000017ebba53c30, 0x0000017ebba54bd0,
0x0000017ebba53460, 0x0000017ebba52c90, 0x0000017ebba58280, 0x0000017ebc823840,
0x0000017eb9d33db0, 0x0000017eb9d30ed0, 0x0000017eb9d36c90, 0x0000017eb9d34d50,
0x0000017ebd134eb0, 0x0000017ebd131fd0, 0x0000017ebd135680, 0x0000017ebd136620,
0x0000017ebd138d30, 0x0000017ebd3a1d60, 0x0000017ebd3a2d00, 0x0000017ebd3ac170,
0x0000017ebd3ad8e0, 0x0000017ebd3ae0b0, 0x0000017ebcaac130, 0x0000017eb9d335e0,
0x0000017ebe0cfea0, 0x0000017ebe0d25b0, 0x0000017ebe0d1de0, 0x0000017ebe0cef00,
0x0000017ebe0d5c60, 0x0000017ebe0d44f0, 0x0000017ebaa84d70, 0x0000017ebaa8d240,
0x0000017ebaa8b300, 0x0000017ebaa8c2a0, 0x0000017ebaa8da10, 0x0000017ebc622a70,
0x0000017ebdf71ac0, 0x0000017ebdf70350, 0x0000017ebdf7e5e0, 0x0000017ebdf80520,
0x0000017ebdf83400, 0x0000017ebdf8dfe0, 0x0000017ebc621300, 0x0000017ebc6241e0,
0x0000017ebc6222a0, 0x0000017ebc629000, 0x0000017ebc62edc0, 0x0000017ebc633410,
0x0000017ebc6343b0, 0x0000017ebc62f590, 0x0000017ebc635b20, 0x0000017ebc6391d0,
0x0000017ebc637a60, 0x0000017ebc6399a0, 0x0000017ebc63c880, 0x0000017ebc63b8e0,
0x0000017ebc63d820, 0x0000017ebc63e7c0, 0x0000017ebc63b110, 0x0000017ebc826ef0,
0x0000017ebc828e30, 0x0000017ebaa89b90, 0x0000017ebb04ad50, 0x0000017ebb04b520,
0x0000017ebb049db0, 0x0000017ebb04bcf0, 0x0000017ebb0495e0, 0x0000017ebb050340,
0x0000017ebb04d460, 0x0000017ebb04f3a0, 0x0000017ebb051ab0, 0x0000017ebb052280,
0x0000017ebb04ebd0, 0x0000017ebb054990, 0x0000017ebb058810, 0x0000017ebba4fdb0,
0x0000017ebba51cf0, 0x0000017ebe0d3d20, 0x0000017ebe0d9310, 0x0000017ebe0d9ae0,
0x0000017ebe0dc9c0, 0x0000017ebe0dd190, 0x0000017ebdf6fb80, 0x0000017ebdf75170,
0x0000017ebdf741d0
}

Java Threads: ( => current thread )
  0x0000017eb48415d0 JavaThread "Reference Handler"          daemon [_thread_blocked, id=920, stack(0x0000000d6fc00000,0x0000000d6fd00000) (1024K)]
  0x0000017eb48320d0 JavaThread "Finalizer"                  daemon [_thread_blocked, id=8252, stack(0x0000000d6fd00000,0x0000000d6fe00000) (1024K)]
  0x0000017eb48354e0 JavaThread "Signal Dispatcher"          daemon [_thread_blocked, id=18076, stack(0x0000000d6fe00000,0x0000000d6ff00000) (1024K)]
  0x0000017eb48376e0 JavaThread "Attach Listener"            daemon [_thread_blocked, id=40192, stack(0x0000000d6ff00000,0x0000000d70000000) (1024K)]
  0x0000017eb48386b0 JavaThread "Service Thread"             daemon [_thread_blocked, id=42912, stack(0x0000000d70000000,0x0000000d70100000) (1024K)]
  0x0000017eb483b3b0 JavaThread "Monitor Deflation Thread"   daemon [_thread_blocked, id=36808, stack(0x0000000d70100000,0x0000000d70200000) (1024K)]
  0x0000017eb484a2f0 JavaThread "C2 CompilerThread0"         daemon [_thread_blocked, id=40980, stack(0x0000000d70200000,0x0000000d70300000) (1024K)]
  0x0000017eb485af10 JavaThread "C1 CompilerThread0"         daemon [_thread_blocked, id=31836, stack(0x0000000d70300000,0x0000000d70400000) (1024K)]
  0x0000017eb9080610 JavaThread "Notification Thread"        daemon [_thread_blocked, id=5892, stack(0x0000000d70400000,0x0000000d70500000) (1024K)]
  0x0000017eb90758f0 JavaThread "Common-Cleaner"             daemon [_thread_blocked, id=10640, stack(0x0000000d70500000,0x0000000d70600000) (1024K)]
  0x0000017eb9376aa0 JavaThread "Cleaner-0"                  daemon [_thread_blocked, id=5100, stack(0x0000000d70700000,0x0000000d70800000) (1024K)]
  0x0000017ebbb0b450 JavaThread "Dubbo-global-shared-handler-thread-1" daemon [_thread_blocked, id=29468, stack(0x0000000d70c00000,0x0000000d70d00000) (1024K)]
  0x0000017ebb2bc830 JavaThread "Dubbo-global-shared-handler-thread-2" daemon [_thread_blocked, id=42764, stack(0x0000000d70b00000,0x0000000d70c00000) (1024K)]
  0x0000017ebca948d0 JavaThread "com.alibaba.nacos.client.logging.0" daemon [_thread_blocked, id=38156, stack(0x0000000d71d00000,0x0000000d71e00000) (1024K)]
  0x0000017ebca94100 JavaThread "AsyncAppender-Worker-ASYNC-CONFIG" daemon [_thread_blocked, id=39968, stack(0x0000000d71f00000,0x0000000d72000000) (1024K)]
  0x0000017ebca996f0 JavaThread "AsyncAppender-Worker-ASYNC-NAMING" daemon [_thread_blocked, id=41820, stack(0x0000000d72000000,0x0000000d72100000) (1024K)]
  0x0000017ebca98750 JavaThread "AsyncAppender-Worker-ASYNC-REMOTE" daemon [_thread_blocked, id=19804, stack(0x0000000d72100000,0x0000000d72200000) (1024K)]
  0x0000017eb9d316a0 JavaThread "nacos.publisher-com.alibaba.nacos.common.notify.SlowEvent" daemon [_thread_blocked, id=16404, stack(0x0000000d72600000,0x0000000d72700000) (1024K)]
  0x0000017ebba4e640 JavaThread "com.alibaba.nacos.client.auth.ram.identify.watcher.0" daemon [_thread_blocked, id=42640, stack(0x0000000d70900000,0x0000000d70a00000) (1024K)]
  0x0000017ebba50580 JavaThread "com.alibaba.nacos.client.Worker.0" daemon [_thread_blocked, id=19492, stack(0x0000000d70800000,0x0000000d70900000) (1024K)]
  0x0000017ebba4ced0 JavaThread "com.alibaba.nacos.client.Worker.1" daemon [_thread_blocked, id=39744, stack(0x0000000d72200000,0x0000000d72300000) (1024K)]
  0x0000017ebba4de70 JavaThread "com.alibaba.nacos.client.Worker.2" daemon [_thread_blocked, id=9700, stack(0x0000000d72500000,0x0000000d72600000) (1024K)]
  0x0000017ebba53c30 JavaThread "com.alibaba.nacos.client.remote.worker.0" daemon [_thread_blocked, id=22652, stack(0x0000000d72700000,0x0000000d72800000) (1024K)]
  0x0000017ebba54bd0 JavaThread "com.alibaba.nacos.client.remote.worker.1" daemon [_thread_blocked, id=13192, stack(0x0000000d72800000,0x0000000d72900000) (1024K)]
  0x0000017ebba53460 JavaThread "grpc-nio-worker-ELG-8-1"    daemon [_thread_in_native, id=25780, stack(0x0000000d72900000,0x0000000d72a00000) (1024K)]
  0x0000017ebba52c90 JavaThread "grpc-default-executor-0"    daemon [_thread_blocked, id=38072, stack(0x0000000d72a00000,0x0000000d72b00000) (1024K)]
  0x0000017ebba58280 JavaThread "grpc-nio-worker-ELG-8-2"    daemon [_thread_in_native, id=22244, stack(0x0000000d72d00000,0x0000000d72e00000) (1024K)]
  0x0000017ebc823840 JavaThread "nacos.publisher-com.alibaba.nacos.common.ability.AbstractAbilityControlManager$AbilityUpdateEvent" daemon [_thread_blocked, id=28904, stack(0x0000000d73400000,0x0000000d73500000) (1024K)]
  0x0000017eb9d33db0 JavaThread "metrics-collector-sync-job-thread-1" daemon [_thread_blocked, id=39708, stack(0x0000000d70600000,0x0000000d70700000) (1024K)]
  0x0000017eb9d30ed0 JavaThread "DubboMetadataReportTimer-thread-1" daemon [_thread_blocked, id=20268, stack(0x0000000d74200000,0x0000000d74300000) (1024K)]
  0x0000017eb9d36c90 JavaThread "com.alibaba.nacos.client.Worker.0" daemon [_thread_blocked, id=34344, stack(0x0000000d74300000,0x0000000d74400000) (1024K)]
  0x0000017eb9d34d50 JavaThread "com.alibaba.nacos.client.Worker.1" daemon [_thread_blocked, id=14392, stack(0x0000000d74400000,0x0000000d74500000) (1024K)]
  0x0000017ebd134eb0 JavaThread "com.alibaba.nacos.client.Worker.2" daemon [_thread_blocked, id=30852, stack(0x0000000d74500000,0x0000000d74600000) (1024K)]
  0x0000017ebd131fd0 JavaThread "com.alibaba.nacos.client.remote.worker.0" daemon [_thread_blocked, id=4380, stack(0x0000000d74600000,0x0000000d74700000) (1024K)]
  0x0000017ebd135680 JavaThread "com.alibaba.nacos.client.remote.worker.1" daemon [_thread_blocked, id=33968, stack(0x0000000d74700000,0x0000000d74800000) (1024K)]
  0x0000017ebd136620 JavaThread "grpc-nio-worker-ELG-8-3"    daemon [_thread_in_native, id=42428, stack(0x0000000d74800000,0x0000000d74900000) (1024K)]
  0x0000017ebd138d30 JavaThread "grpc-nio-worker-ELG-8-4"    daemon [_thread_in_native, id=42684, stack(0x0000000d74b00000,0x0000000d74c00000) (1024K)]
  0x0000017ebd3a1d60 JavaThread "qos-boss-1-1"               daemon [_thread_in_native, id=1668, stack(0x0000000d72300000,0x0000000d72400000) (1024K)]
  0x0000017ebd3a2d00 JavaThread "nacos.client.config.listener.task-0" daemon [_thread_blocked, id=22712, stack(0x0000000d74100000,0x0000000d74200000) (1024K)]
  0x0000017ebd3ac170 JavaThread "NettyServerBoss-4-1"        daemon [_thread_in_native, id=40180, stack(0x0000000d76300000,0x0000000d76400000) (1024K)]
  0x0000017ebd3ad8e0 JavaThread "Dubbo-framework-cache-refreshing-scheduler-thread-1" daemon [_thread_blocked, id=6008, stack(0x0000000d76400000,0x0000000d76500000) (1024K)]
  0x0000017ebd3ae0b0 JavaThread "Dubbo-framework-shared-scheduler-thread-1" daemon [_thread_blocked, id=34124, stack(0x0000000d76500000,0x0000000d76600000) (1024K)]
  0x0000017ebcaac130 JavaThread "nacos.publisher-com.alibaba.nacos.client.naming.event.InstancesChangeEvent" daemon [_thread_blocked, id=41468, stack(0x0000000d76600000,0x0000000d76700000) (1024K)]
  0x0000017eb9d335e0 JavaThread "com.alibaba.nacos.naming.failover.0" daemon [_thread_blocked, id=8312, stack(0x0000000d76700000,0x0000000d76800000) (1024K)]
  0x0000017ebe0cfea0 JavaThread "com.alibaba.nacos.client.naming.security.0" daemon [_thread_blocked, id=10984, stack(0x0000000d76800000,0x0000000d76900000) (1024K)]
  0x0000017ebe0d25b0 JavaThread "com.alibaba.nacos.client.naming.grpc.redo.0" daemon [_thread_blocked, id=18668, stack(0x0000000d76900000,0x0000000d76a00000) (1024K)]
  0x0000017ebe0d1de0 JavaThread "com.alibaba.nacos.client.remote.worker.0" daemon [_thread_blocked, id=18920, stack(0x0000000d76a00000,0x0000000d76b00000) (1024K)]
  0x0000017ebe0cef00 JavaThread "com.alibaba.nacos.client.remote.worker.1" daemon [_thread_blocked, id=40464, stack(0x0000000d76b00000,0x0000000d76c00000) (1024K)]
  0x0000017ebe0d5c60 JavaThread "grpc-nio-worker-ELG-8-5"    daemon [_thread_in_native, id=36720, stack(0x0000000d76c00000,0x0000000d76d00000) (1024K)]
  0x0000017ebe0d44f0 JavaThread "grpc-nio-worker-ELG-8-6"    daemon [_thread_in_native, id=33328, stack(0x0000000d76f00000,0x0000000d77000000) (1024K)]
  0x0000017ebaa84d70 JavaThread "DubboSaveMetadataReport-thread-1" daemon [_thread_blocked, id=41208, stack(0x0000000d77c00000,0x0000000d77d00000) (1024K)]
  0x0000017ebaa8d240 JavaThread "com.alibaba.nacos.naming.failover.0" daemon [_thread_blocked, id=39548, stack(0x0000000d78400000,0x0000000d78500000) (1024K)]
  0x0000017ebaa8b300 JavaThread "com.alibaba.nacos.client.naming.security.0" daemon [_thread_blocked, id=3172, stack(0x0000000d78500000,0x0000000d78600000) (1024K)]
  0x0000017ebaa8c2a0 JavaThread "com.alibaba.nacos.client.naming.grpc.redo.0" daemon [_thread_blocked, id=34944, stack(0x0000000d78600000,0x0000000d78700000) (1024K)]
  0x0000017ebaa8da10 JavaThread "com.alibaba.nacos.client.remote.worker.0" daemon [_thread_blocked, id=32888, stack(0x0000000d78700000,0x0000000d78800000) (1024K)]
  0x0000017ebc622a70 JavaThread "com.alibaba.nacos.client.remote.worker.1" daemon [_thread_blocked, id=38744, stack(0x0000000d78800000,0x0000000d78900000) (1024K)]
  0x0000017ebdf71ac0 JavaThread "grpc-nio-worker-ELG-8-7"    daemon [_thread_in_native, id=12320, stack(0x0000000d78900000,0x0000000d78a00000) (1024K)]
  0x0000017ebdf70350 JavaThread "grpc-nio-worker-ELG-8-8"    daemon [_thread_in_native, id=16100, stack(0x0000000d78c00000,0x0000000d78d00000) (1024K)]
  0x0000017ebdf7e5e0 JavaThread "Dubbo-framework-shared-scheduler-thread-2" daemon [_thread_blocked, id=2440, stack(0x0000000d79600000,0x0000000d79700000) (1024K)]
  0x0000017ebdf80520 JavaThread "Dubbo-framework-mapping-refreshing-scheduler-thread-1" daemon [_thread_blocked, id=42536, stack(0x0000000d70a00000,0x0000000d70b00000) (1024K)]
  0x0000017ebdf83400 JavaThread "nacos.client.config.listener.task-0" daemon [_thread_blocked, id=38980, stack(0x0000000d79700000,0x0000000d79800000) (1024K)]
  0x0000017ebdf8dfe0 JavaThread "Dubbo-framework-shared-scheduler-thread-3" daemon [_thread_blocked, id=39864, stack(0x0000000d7a400000,0x0000000d7a500000) (1024K)]
  0x0000017ebc621300 JavaThread "Dubbo-framework-mapping-refreshing-scheduler-thread-2" daemon [_thread_blocked, id=12448, stack(0x0000000d7a000000,0x0000000d7a100000) (1024K)]
  0x0000017ebc6241e0 JavaThread "Dubbo-framework-shared-scheduler-thread-4" daemon [_thread_blocked, id=36556, stack(0x0000000d7ab00000,0x0000000d7ac00000) (1024K)]
  0x0000017ebc6222a0 JavaThread "Dubbo-framework-mapping-refreshing-scheduler-thread-3" daemon [_thread_blocked, id=16488, stack(0x0000000d7a500000,0x0000000d7a600000) (1024K)]
  0x0000017ebc629000 JavaThread "Dubbo-framework-shared-scheduler-thread-5" daemon [_thread_blocked, id=36192, stack(0x0000000d7b000000,0x0000000d7b100000) (1024K)]
  0x0000017ebc62edc0 JavaThread "Dubbo-framework-shared-scheduler-thread-6" daemon [_thread_blocked, id=17464, stack(0x0000000d7b100000,0x0000000d7b200000) (1024K)]
  0x0000017ebc633410 JavaThread "pool-1-thread-1"                   [_thread_blocked, id=40376, stack(0x0000000d7b700000,0x0000000d7b800000) (1024K)]
  0x0000017ebc6343b0 JavaThread "DestroyJavaVM"                     [_thread_blocked, id=28368, stack(0x0000000d6f400000,0x0000000d6f500000) (1024K)]
  0x0000017ebc62f590 JavaThread "NettyServerWorker-5-1"      daemon [_thread_in_native, id=6276, stack(0x0000000d7b300000,0x0000000d7b400000) (1024K)]
  0x0000017ebc635b20 JavaThread "DubboServerHandler-192.168.174.1:9000-thread-1" daemon [_thread_blocked, id=25868, stack(0x0000000d7b900000,0x0000000d7ba00000) (1024K)]
  0x0000017ebc6391d0 JavaThread "com.alibaba.nacos.client.Worker.3" daemon [_thread_blocked, id=16724, stack(0x0000000d7ba00000,0x0000000d7bb00000) (1024K)]
  0x0000017ebc637a60 JavaThread "Dubbo-framework-shared-scheduler-thread-7" daemon [_thread_blocked, id=18860, stack(0x0000000d7bb00000,0x0000000d7bc00000) (1024K)]
  0x0000017ebc6399a0 JavaThread "com.alibaba.nacos.client.Worker.3" daemon [_thread_blocked, id=31828, stack(0x0000000d7bc00000,0x0000000d7bd00000) (1024K)]
  0x0000017ebc63c880 JavaThread "NettyClientWorker-6-1"      daemon [_thread_in_native, id=13832, stack(0x0000000d7be00000,0x0000000d7bf00000) (1024K)]
  0x0000017ebc63b8e0 JavaThread "dubbo-future-timeout-thread-1" daemon [_thread_in_vm, id=42984, stack(0x0000000d7bf00000,0x0000000d7c000000) (1024K)]
  0x0000017ebc63d820 JavaThread "NettyClientWorker-6-2"      daemon [_thread_in_native, id=42232, stack(0x0000000d7c000000,0x0000000d7c100000) (1024K)]
  0x0000017ebc63e7c0 JavaThread "Dubbo-framework-shared-scheduler-thread-8" daemon [_thread_blocked, id=38104, stack(0x0000000d7c100000,0x0000000d7c200000) (1024K)]
  0x0000017ebc63b110 JavaThread "DubboServerHandler-192.168.174.1:9000-thread-2" daemon [_thread_blocked, id=24436, stack(0x0000000d72400000,0x0000000d72500000) (1024K)]
  0x0000017ebc826ef0 JavaThread "DubboServerHandler-192.168.174.1:9000-thread-3" daemon [_thread_blocked, id=22996, stack(0x0000000d7c200000,0x0000000d7c300000) (1024K)]
  0x0000017ebc828e30 JavaThread "DubboServerHandler-192.168.174.1:9000-thread-4" daemon [_thread_blocked, id=17468, stack(0x0000000d7c300000,0x0000000d7c400000) (1024K)]
  0x0000017ebaa89b90 JavaThread "DubboServerHandler-192.168.174.1:9000-thread-5" daemon [_thread_blocked, id=38408, stack(0x0000000d7c400000,0x0000000d7c500000) (1024K)]
=>0x0000017ebb04ad50 JavaThread "DubboServerHandler-192.168.174.1:9000-thread-6" daemon [_thread_in_native, id=4452, stack(0x0000000d7c500000,0x0000000d7c600000) (1024K)]
  0x0000017ebb04b520 JavaThread "VirtualThread-unblocker"    daemon [_thread_blocked, id=17232, stack(0x0000000d7c600000,0x0000000d7c700000) (1024K)]
  0x0000017ebb049db0 JavaThread "ForkJoinPool-1-worker-1"    daemon [_thread_blocked, id=41156, stack(0x0000000d7c700000,0x0000000d7c800000) (1024K)]
  0x0000017ebb04bcf0 JavaThread "ForkJoinPool.commonPool-delayScheduler" daemon [_thread_blocked, id=37236, stack(0x0000000d7c800000,0x0000000d7c900000) (1024K)]
  0x0000017ebb0495e0 JavaThread "ForkJoinPool-1-worker-2"    daemon [_thread_blocked, id=11276, stack(0x0000000d7c900000,0x0000000d7ca00000) (1024K)]
  0x0000017ebb050340 JavaThread "ForkJoinPool-1-worker-3"    daemon [_thread_blocked, id=21876, stack(0x0000000d7ca00000,0x0000000d7cb00000) (1024K)]
  0x0000017ebb04d460 JavaThread "ForkJoinPool-1-delayScheduler" daemon [_thread_blocked, id=26180, stack(0x0000000d7cb00000,0x0000000d7cc00000) (1024K)]
  0x0000017ebb04f3a0 JavaThread "com.alibaba.nacos.client.Worker.4" daemon [_thread_blocked, id=17700, stack(0x0000000d7cc00000,0x0000000d7cd00000) (1024K)]
  0x0000017ebb051ab0 JavaThread "com.alibaba.nacos.client.Worker.4" daemon [_thread_blocked, id=37752, stack(0x0000000d7cd00000,0x0000000d7ce00000) (1024K)]
  0x0000017ebb052280 JavaThread "nacos-grpc-client-executor-127.0.0.1-29" daemon [_thread_blocked, id=20536, stack(0x0000000d74900000,0x0000000d74a00000) (1024K)]
  0x0000017ebb04ebd0 JavaThread "nacos-grpc-client-executor-127.0.0.1-30" daemon [_thread_blocked, id=1860, stack(0x0000000d74a00000,0x0000000d74b00000) (1024K)]
  0x0000017ebb054990 JavaThread "Java2D Disposer"            daemon [_thread_blocked, id=27604, stack(0x0000000d74e00000,0x0000000d74f00000) (1024K)]
  0x0000017ebb058810 JavaThread "JavaCPP Deallocator"        daemon [_thread_blocked, id=6312, stack(0x0000000d75000000,0x0000000d75100000) (1024K)]
  0x0000017ebba4fdb0 JavaThread "nacos-grpc-client-executor-127.0.0.1-20" daemon [_thread_blocked, id=32408, stack(0x0000000d76d00000,0x0000000d76e00000) (1024K)]
  0x0000017ebba51cf0 JavaThread "nacos-grpc-client-executor-127.0.0.1-21" daemon [_thread_blocked, id=460, stack(0x0000000d76e00000,0x0000000d76f00000) (1024K)]
  0x0000017ebe0d3d20 JavaThread "nacos-grpc-client-executor-127.0.0.1-22" daemon [_thread_blocked, id=18480, stack(0x0000000d77000000,0x0000000d77100000) (1024K)]
  0x0000017ebe0d9310 JavaThread "nacos-grpc-client-executor-127.0.0.1-23" daemon [_thread_blocked, id=11604, stack(0x0000000d77100000,0x0000000d77200000) (1024K)]
  0x0000017ebe0d9ae0 JavaThread "com.alibaba.nacos.client.Worker.5" daemon [_thread_blocked, id=25072, stack(0x0000000d73200000,0x0000000d73300000) (1024K)]
  0x0000017ebe0dc9c0 JavaThread "nacos-grpc-client-executor-127.0.0.1-32" daemon [_thread_blocked, id=29832, stack(0x0000000d73700000,0x0000000d73800000) (1024K)]
  0x0000017ebe0dd190 JavaThread "nacos-grpc-client-executor-127.0.0.1-33" daemon [_thread_blocked, id=41740, stack(0x0000000d73e00000,0x0000000d73f00000) (1024K)]
  0x0000017ebdf6fb80 JavaThread "com.alibaba.nacos.client.Worker.5" daemon [_thread_blocked, id=28992, stack(0x0000000d73f00000,0x0000000d74000000) (1024K)]
  0x0000017ebdf75170 JavaThread "nacos-grpc-client-executor-127.0.0.1-31" daemon [_thread_blocked, id=10872, stack(0x0000000d71800000,0x0000000d71900000) (1024K)]
  0x0000017ebdf741d0 JavaThread "nacos-grpc-client-executor-127.0.0.1-32" daemon [_thread_blocked, id=9812, stack(0x0000000d72b00000,0x0000000d72c00000) (1024K)]
Total: 105

Other Threads:
  0x0000017eb481d560 VMThread "VM Thread"                           [id=17292, stack(0x0000000d6fb00000,0x0000000d6fc00000) (1024K)]
  0x0000017eb480ff00 WatcherThread "VM Periodic Task Thread"        [id=37400, stack(0x0000000d6fa00000,0x0000000d6fb00000) (1024K)]
  0x0000017e958078f0 WorkerThread "GC Thread#0"                     [id=42016, stack(0x0000000d6f500000,0x0000000d6f600000) (1024K)]
  0x0000017eba2bcb20 WorkerThread "GC Thread#1"                     [id=31756, stack(0x0000000d70d00000,0x0000000d70e00000) (1024K)]
  0x0000017ebac14780 WorkerThread "GC Thread#2"                     [id=13548, stack(0x0000000d70e00000,0x0000000d70f00000) (1024K)]
  0x0000017ebac14fc0 WorkerThread "GC Thread#3"                     [id=42992, stack(0x0000000d70f00000,0x0000000d71000000) (1024K)]
  0x0000017eba436480 WorkerThread "GC Thread#4"                     [id=24416, stack(0x0000000d71000000,0x0000000d71100000) (1024K)]
  0x0000017eb987aff0 WorkerThread "GC Thread#5"                     [id=24420, stack(0x0000000d71100000,0x0000000d71200000) (1024K)]
  0x0000017eba758820 WorkerThread "GC Thread#6"                     [id=26524, stack(0x0000000d71400000,0x0000000d71500000) (1024K)]
  0x0000017eba758c70 WorkerThread "GC Thread#7"                     [id=41904, stack(0x0000000d71500000,0x0000000d71600000) (1024K)]
  0x0000017eba7590c0 WorkerThread "GC Thread#8"                     [id=21696, stack(0x0000000d71600000,0x0000000d71700000) (1024K)]
  0x0000017eba757f80 WorkerThread "GC Thread#9"                     [id=23268, stack(0x0000000d71700000,0x0000000d71800000) (1024K)]
  0x0000017eba759960 WorkerThread "GC Thread#10"                    [id=37964, stack(0x0000000d71900000,0x0000000d71a00000) (1024K)]
  0x0000017eba75da10 WorkerThread "GC Thread#11"                    [id=7612, stack(0x0000000d71a00000,0x0000000d71b00000) (1024K)]
  0x0000017ebb8d29d0 WorkerThread "GC Thread#12"                    [id=42384, stack(0x0000000d71e00000,0x0000000d71f00000) (1024K)]
  0x0000017e9581e090 ConcurrentGCThread "G1 Main Marker"            [id=42496, stack(0x0000000d6f600000,0x0000000d6f700000) (1024K)]
  0x0000017e9581f920 WorkerThread "G1 Conc#0"                       [id=1924, stack(0x0000000d6f700000,0x0000000d6f800000) (1024K)]
  0x0000017eba759db0 WorkerThread "G1 Conc#1"                       [id=42972, stack(0x0000000d71b00000,0x0000000d71c00000) (1024K)]
  0x0000017eba75aaa0 WorkerThread "G1 Conc#2"                       [id=884, stack(0x0000000d71c00000,0x0000000d71d00000) (1024K)]
  0x0000017eb46d79d0 ConcurrentGCThread "G1 Refine#0"               [id=40788, stack(0x0000000d6f800000,0x0000000d6f900000) (1024K)]
  0x0000017eb46d85e0 ConcurrentGCThread "G1 Service"                [id=11912, stack(0x0000000d6f900000,0x0000000d6fa00000) (1024K)]
Total: 21

Threads with active compile tasks:
Total: 0

VM state: not at safepoint (normal execution)

VM Mutex/Monitor currently owned by a thread: None

Heap address: 0x0000000722200000, size: 3550 MB, Compressed Oops mode: Zero based, Oop shift amount: 3

CDS archive(s) mapped at: [0x0000000033000000-0x0000000033dd0000-0x0000000033dd0000), size 14483456, SharedBaseAddress: 0x0000000033000000, ArchiveRelocationMode: 1.
Compressed class space mapped at: 0x0000000034000000-0x0000000074000000, reserved size: 1073741824
UseCompressedClassPointers 1, UseCompactObjectHeaders 0
Narrow klass pointer bits 32, Max shift 3
Narrow klass base: 0x0000000033000000, Narrow klass shift: 0
Encoding Range: [0x0000000033000000 - 0x0000000133000000), (4294967296 bytes)
Klass Range:    [0x0000000033010000 - 0x0000000074000000), (1090453504 bytes)
Klass ID Range:  [65536 - 1090519033) (1090453497)
Protection zone: [0x0000000033000000 - 0x0000000033010000), (65536 bytes)

GC Precious Log:
 CardTable entry size: 512
 Card Set container configuration: InlinePtr #cards 4 size 8 Array Of Cards #cards 16 size 48 Howl #buckets 8 coarsen threshold 3686 Howl Bitmap #cards 512 size 80 coarsen threshold 460 Card regions per heap region 1 cards per card region 4096
 CPUs: 16 total, 16 available
 Memory: 14198M
 Large Page Support: Disabled
 NUMA Support: Disabled
 Compressed Oops: Enabled (Zero based)
 Heap Region Size: 2M
 Heap Min Capacity: 8M
 Heap Initial Capacity: 222M
 Heap Max Capacity: 3550M
 Pre-touch: Disabled
 Parallel Workers: 13
 Concurrent Workers: 3
 Concurrent Refinement Workers: 13
 Periodic GC: Disabled

Heap:
 garbage-first heap   total reserved 3635200K, committed 256000K, used 93536K [0x0000000722200000, 0x0000000800000000)
  region size 2048K, 31 young (63488K), 1 survivors (2048K)

Heap Regions: E=young(eden), S=young(survivor), O=old, HS=humongous(starts), HC=humongous(continues), CS=collection set, F=free, TAMS=top-at-mark-start, PB=parsable bottom
|   0|0x0000000722200000, 0x0000000722400000, 0x0000000722400000|100%| O|  |TAMS 0x0000000722200000| PB 0x0000000722200000| Untracked |  0
|   1|0x0000000722400000, 0x0000000722600000, 0x0000000722600000|100%| O|  |TAMS 0x0000000722400000| PB 0x0000000722400000| Untracked |  0
|   2|0x0000000722600000, 0x0000000722800000, 0x0000000722800000|100%| O|  |TAMS 0x0000000722600000| PB 0x0000000722600000| Untracked |  0
|   3|0x0000000722800000, 0x0000000722a00000, 0x0000000722a00000|100%| O|  |TAMS 0x0000000722800000| PB 0x0000000722800000| Untracked |  0
|   4|0x0000000722a00000, 0x0000000722c00000, 0x0000000722c00000|100%| O|  |TAMS 0x0000000722a00000| PB 0x0000000722a00000| Untracked |  0
|   5|0x0000000722c00000, 0x0000000722e00000, 0x0000000722e00000|100%| O|  |TAMS 0x0000000722c00000| PB 0x0000000722c00000| Untracked |  0
|   6|0x0000000722e00000, 0x0000000723000000, 0x0000000723000000|100%| O|  |TAMS 0x0000000722e00000| PB 0x0000000722e00000| Untracked |  0
|   7|0x0000000723000000, 0x0000000723200000, 0x0000000723200000|100%| O|  |TAMS 0x0000000723000000| PB 0x0000000723000000| Untracked |  0
|   8|0x0000000723200000, 0x0000000723400000, 0x0000000723400000|100%| O|  |TAMS 0x0000000723200000| PB 0x0000000723200000| Untracked |  0
|   9|0x0000000723400000, 0x0000000723600000, 0x0000000723600000|100%| O|  |TAMS 0x0000000723400000| PB 0x0000000723400000| Untracked |  0
|  10|0x0000000723600000, 0x0000000723800000, 0x0000000723800000|100%| O|  |TAMS 0x0000000723600000| PB 0x0000000723600000| Untracked |  0
|  11|0x0000000723800000, 0x0000000723a00000, 0x0000000723a00000|100%| O|  |TAMS 0x0000000723800000| PB 0x0000000723800000| Untracked |  0
|  12|0x0000000723a00000, 0x0000000723c00000, 0x0000000723c00000|100%|HS|  |TAMS 0x0000000723a00000| PB 0x0000000723a00000| Complete |  0
|  13|0x0000000723c00000, 0x0000000723e00000, 0x0000000723e00000|100%| O|  |TAMS 0x0000000723c00000| PB 0x0000000723c00000| Untracked |  0
|  14|0x0000000723e00000, 0x0000000723f080b0, 0x0000000724000000| 51%| O|  |TAMS 0x0000000723e00000| PB 0x0000000723e00000| Untracked |  0
|  15|0x0000000724000000, 0x0000000724000000, 0x0000000724200000|  0%| F|  |TAMS 0x0000000724000000| PB 0x0000000724000000| Untracked |  0
|  16|0x0000000724200000, 0x0000000724200000, 0x0000000724400000|  0%| F|  |TAMS 0x0000000724200000| PB 0x0000000724200000| Untracked |  0
|  17|0x0000000724400000, 0x0000000724400000, 0x0000000724600000|  0%| F|  |TAMS 0x0000000724400000| PB 0x0000000724400000| Untracked |  0
|  18|0x0000000724600000, 0x0000000724600000, 0x0000000724800000|  0%| F|  |TAMS 0x0000000724600000| PB 0x0000000724600000| Untracked |  0
|  19|0x0000000724800000, 0x0000000724800000, 0x0000000724a00000|  0%| F|  |TAMS 0x0000000724800000| PB 0x0000000724800000| Untracked |  0
|  20|0x0000000724a00000, 0x0000000724a00000, 0x0000000724c00000|  0%| F|  |TAMS 0x0000000724a00000| PB 0x0000000724a00000| Untracked |  0
|  21|0x0000000724c00000, 0x0000000724c00000, 0x0000000724e00000|  0%| F|  |TAMS 0x0000000724c00000| PB 0x0000000724c00000| Untracked |  0
|  22|0x0000000724e00000, 0x0000000724e00000, 0x0000000725000000|  0%| F|  |TAMS 0x0000000724e00000| PB 0x0000000724e00000| Untracked |  0
|  23|0x0000000725000000, 0x0000000725000000, 0x0000000725200000|  0%| F|  |TAMS 0x0000000725000000| PB 0x0000000725000000| Untracked |  0
|  24|0x0000000725200000, 0x0000000725200000, 0x0000000725400000|  0%| F|  |TAMS 0x0000000725200000| PB 0x0000000725200000| Untracked |  0
|  25|0x0000000725400000, 0x0000000725400000, 0x0000000725600000|  0%| F|  |TAMS 0x0000000725400000| PB 0x0000000725400000| Untracked |  0
|  26|0x0000000725600000, 0x0000000725600000, 0x0000000725800000|  0%| F|  |TAMS 0x0000000725600000| PB 0x0000000725600000| Untracked |  0
|  27|0x0000000725800000, 0x0000000725800000, 0x0000000725a00000|  0%| F|  |TAMS 0x0000000725800000| PB 0x0000000725800000| Untracked |  0
|  28|0x0000000725a00000, 0x0000000725a00000, 0x0000000725c00000|  0%| F|  |TAMS 0x0000000725a00000| PB 0x0000000725a00000| Untracked |  0
|  29|0x0000000725c00000, 0x0000000725c00000, 0x0000000725e00000|  0%| F|  |TAMS 0x0000000725c00000| PB 0x0000000725c00000| Untracked |  0
|  30|0x0000000725e00000, 0x0000000725e00000, 0x0000000726000000|  0%| F|  |TAMS 0x0000000725e00000| PB 0x0000000725e00000| Untracked |  0
|  31|0x0000000726000000, 0x0000000726000000, 0x0000000726200000|  0%| F|  |TAMS 0x0000000726000000| PB 0x0000000726000000| Untracked |  0
|  32|0x0000000726200000, 0x0000000726200000, 0x0000000726400000|  0%| F|  |TAMS 0x0000000726200000| PB 0x0000000726200000| Untracked |  0
|  33|0x0000000726400000, 0x0000000726400000, 0x0000000726600000|  0%| F|  |TAMS 0x0000000726400000| PB 0x0000000726400000| Untracked |  0
|  34|0x0000000726600000, 0x0000000726600000, 0x0000000726800000|  0%| F|  |TAMS 0x0000000726600000| PB 0x0000000726600000| Untracked |  0
|  35|0x0000000726800000, 0x0000000726800000, 0x0000000726a00000|  0%| F|  |TAMS 0x0000000726800000| PB 0x0000000726800000| Untracked |  0
|  36|0x0000000726a00000, 0x0000000726a00000, 0x0000000726c00000|  0%| F|  |TAMS 0x0000000726a00000| PB 0x0000000726a00000| Untracked |  0
|  37|0x0000000726c00000, 0x0000000726c00000, 0x0000000726e00000|  0%| F|  |TAMS 0x0000000726c00000| PB 0x0000000726c00000| Untracked |  0
|  38|0x0000000726e00000, 0x0000000726e00000, 0x0000000727000000|  0%| F|  |TAMS 0x0000000726e00000| PB 0x0000000726e00000| Untracked |  0
|  39|0x0000000727000000, 0x0000000727000000, 0x0000000727200000|  0%| F|  |TAMS 0x0000000727000000| PB 0x0000000727000000| Untracked |  0
|  40|0x0000000727200000, 0x0000000727200000, 0x0000000727400000|  0%| F|  |TAMS 0x0000000727200000| PB 0x0000000727200000| Untracked |  0
|  41|0x0000000727400000, 0x0000000727400000, 0x0000000727600000|  0%| F|  |TAMS 0x0000000727400000| PB 0x0000000727400000| Untracked |  0
|  42|0x0000000727600000, 0x0000000727600000, 0x0000000727800000|  0%| F|  |TAMS 0x0000000727600000| PB 0x0000000727600000| Untracked |  0
|  43|0x0000000727800000, 0x0000000727800000, 0x0000000727a00000|  0%| F|  |TAMS 0x0000000727800000| PB 0x0000000727800000| Untracked |  0
|  44|0x0000000727a00000, 0x0000000727a00000, 0x0000000727c00000|  0%| F|  |TAMS 0x0000000727a00000| PB 0x0000000727a00000| Untracked |  0
|  45|0x0000000727c00000, 0x0000000727c00000, 0x0000000727e00000|  0%| F|  |TAMS 0x0000000727c00000| PB 0x0000000727c00000| Untracked |  0
|  46|0x0000000727e00000, 0x0000000727e00000, 0x0000000728000000|  0%| F|  |TAMS 0x0000000727e00000| PB 0x0000000727e00000| Untracked |  0
|  47|0x0000000728000000, 0x0000000728000000, 0x0000000728200000|  0%| F|  |TAMS 0x0000000728000000| PB 0x0000000728000000| Untracked |  0
|  48|0x0000000728200000, 0x00000007282502b0, 0x0000000728400000| 15%| S|CS|TAMS 0x0000000728200000| PB 0x0000000728200000| Complete |  0
|  49|0x0000000728400000, 0x0000000728400000, 0x0000000728600000|  0%| F|  |TAMS 0x0000000728400000| PB 0x0000000728400000| Untracked |  0
|  50|0x0000000728600000, 0x0000000728600000, 0x0000000728800000|  0%| F|  |TAMS 0x0000000728600000| PB 0x0000000728600000| Untracked |  0
|  51|0x0000000728800000, 0x0000000728800000, 0x0000000728a00000|  0%| F|  |TAMS 0x0000000728800000| PB 0x0000000728800000| Untracked |  0
|  52|0x0000000728a00000, 0x0000000728a00000, 0x0000000728c00000|  0%| F|  |TAMS 0x0000000728a00000| PB 0x0000000728a00000| Untracked |  0
|  53|0x0000000728c00000, 0x0000000728c00000, 0x0000000728e00000|  0%| F|  |TAMS 0x0000000728c00000| PB 0x0000000728c00000| Untracked |  0
|  54|0x0000000728e00000, 0x0000000728e00000, 0x0000000729000000|  0%| F|  |TAMS 0x0000000728e00000| PB 0x0000000728e00000| Untracked |  0
|  55|0x0000000729000000, 0x0000000729000000, 0x0000000729200000|  0%| F|  |TAMS 0x0000000729000000| PB 0x0000000729000000| Untracked |  0
|  56|0x0000000729200000, 0x0000000729200000, 0x0000000729400000|  0%| F|  |TAMS 0x0000000729200000| PB 0x0000000729200000| Untracked |  0
|  57|0x0000000729400000, 0x0000000729400000, 0x0000000729600000|  0%| F|  |TAMS 0x0000000729400000| PB 0x0000000729400000| Untracked |  0
|  58|0x0000000729600000, 0x0000000729600000, 0x0000000729800000|  0%| F|  |TAMS 0x0000000729600000| PB 0x0000000729600000| Untracked |  0
|  59|0x0000000729800000, 0x0000000729800000, 0x0000000729a00000|  0%| F|  |TAMS 0x0000000729800000| PB 0x0000000729800000| Untracked |  0
|  60|0x0000000729a00000, 0x0000000729a00000, 0x0000000729c00000|  0%| F|  |TAMS 0x0000000729a00000| PB 0x0000000729a00000| Untracked |  0
|  61|0x0000000729c00000, 0x0000000729c00000, 0x0000000729e00000|  0%| F|  |TAMS 0x0000000729c00000| PB 0x0000000729c00000| Untracked |  0
|  62|0x0000000729e00000, 0x0000000729e00000, 0x000000072a000000|  0%| F|  |TAMS 0x0000000729e00000| PB 0x0000000729e00000| Untracked |  0
|  63|0x000000072a000000, 0x000000072a000000, 0x000000072a200000|  0%| F|  |TAMS 0x000000072a000000| PB 0x000000072a000000| Untracked |  0
|  64|0x000000072a200000, 0x000000072a200000, 0x000000072a400000|  0%| F|  |TAMS 0x000000072a200000| PB 0x000000072a200000| Untracked |  0
|  65|0x000000072a400000, 0x000000072a400000, 0x000000072a600000|  0%| F|  |TAMS 0x000000072a400000| PB 0x000000072a400000| Untracked |  0
|  66|0x000000072a600000, 0x000000072a600000, 0x000000072a800000|  0%| F|  |TAMS 0x000000072a600000| PB 0x000000072a600000| Untracked |  0
|  67|0x000000072a800000, 0x000000072a800000, 0x000000072aa00000|  0%| F|  |TAMS 0x000000072a800000| PB 0x000000072a800000| Untracked |  0
|  68|0x000000072aa00000, 0x000000072aa00000, 0x000000072ac00000|  0%| F|  |TAMS 0x000000072aa00000| PB 0x000000072aa00000| Untracked |  0
|  69|0x000000072ac00000, 0x000000072ac00000, 0x000000072ae00000|  0%| F|  |TAMS 0x000000072ac00000| PB 0x000000072ac00000| Untracked |  0
|  70|0x000000072ae00000, 0x000000072ae00000, 0x000000072b000000|  0%| F|  |TAMS 0x000000072ae00000| PB 0x000000072ae00000| Untracked |  0
|  71|0x000000072b000000, 0x000000072b000000, 0x000000072b200000|  0%| F|  |TAMS 0x000000072b000000| PB 0x000000072b000000| Untracked |  0
|  72|0x000000072b200000, 0x000000072b200000, 0x000000072b400000|  0%| F|  |TAMS 0x000000072b200000| PB 0x000000072b200000| Untracked |  0
|  73|0x000000072b400000, 0x000000072b400000, 0x000000072b600000|  0%| F|  |TAMS 0x000000072b400000| PB 0x000000072b400000| Untracked |  0
|  74|0x000000072b600000, 0x000000072b600000, 0x000000072b800000|  0%| F|  |TAMS 0x000000072b600000| PB 0x000000072b600000| Untracked |  0
|  75|0x000000072b800000, 0x000000072b800000, 0x000000072ba00000|  0%| F|  |TAMS 0x000000072b800000| PB 0x000000072b800000| Untracked |  0
|  76|0x000000072ba00000, 0x000000072ba00000, 0x000000072bc00000|  0%| F|  |TAMS 0x000000072ba00000| PB 0x000000072ba00000| Untracked |  0
|  77|0x000000072bc00000, 0x000000072bc00000, 0x000000072be00000|  0%| F|  |TAMS 0x000000072bc00000| PB 0x000000072bc00000| Untracked |  0
|  78|0x000000072be00000, 0x000000072be00000, 0x000000072c000000|  0%| F|  |TAMS 0x000000072be00000| PB 0x000000072be00000| Untracked |  0
|  79|0x000000072c000000, 0x000000072c000000, 0x000000072c200000|  0%| F|  |TAMS 0x000000072c000000| PB 0x000000072c000000| Untracked |  0
|  80|0x000000072c200000, 0x000000072c200000, 0x000000072c400000|  0%| F|  |TAMS 0x000000072c200000| PB 0x000000072c200000| Untracked |  0
|  81|0x000000072c400000, 0x000000072c400000, 0x000000072c600000|  0%| F|  |TAMS 0x000000072c400000| PB 0x000000072c400000| Untracked |  0
|  82|0x000000072c600000, 0x000000072c600000, 0x000000072c800000|  0%| F|  |TAMS 0x000000072c600000| PB 0x000000072c600000| Untracked |  0
|  83|0x000000072c800000, 0x000000072c800000, 0x000000072ca00000|  0%| F|  |TAMS 0x000000072c800000| PB 0x000000072c800000| Untracked |  0
|  84|0x000000072ca00000, 0x000000072ca00000, 0x000000072cc00000|  0%| F|  |TAMS 0x000000072ca00000| PB 0x000000072ca00000| Untracked |  0
|  85|0x000000072cc00000, 0x000000072cc00000, 0x000000072ce00000|  0%| F|  |TAMS 0x000000072cc00000| PB 0x000000072cc00000| Untracked |  0
|  86|0x000000072ce00000, 0x000000072ce00000, 0x000000072d000000|  0%| F|  |TAMS 0x000000072ce00000| PB 0x000000072ce00000| Untracked |  0
|  87|0x000000072d000000, 0x000000072d000000, 0x000000072d200000|  0%| F|  |TAMS 0x000000072d000000| PB 0x000000072d000000| Untracked |  0
|  88|0x000000072d200000, 0x000000072d200000, 0x000000072d400000|  0%| F|  |TAMS 0x000000072d200000| PB 0x000000072d200000| Untracked |  0
|  89|0x000000072d400000, 0x000000072d400000, 0x000000072d600000|  0%| F|  |TAMS 0x000000072d400000| PB 0x000000072d400000| Untracked |  0
|  90|0x000000072d600000, 0x000000072d600000, 0x000000072d800000|  0%| F|  |TAMS 0x000000072d600000| PB 0x000000072d600000| Untracked |  0
|  91|0x000000072d800000, 0x000000072d800000, 0x000000072da00000|  0%| F|  |TAMS 0x000000072d800000| PB 0x000000072d800000| Untracked |  0
|  92|0x000000072da00000, 0x000000072da00000, 0x000000072dc00000|  0%| F|  |TAMS 0x000000072da00000| PB 0x000000072da00000| Untracked |  0
|  93|0x000000072dc00000, 0x000000072dcbd720, 0x000000072de00000| 37%| E|  |TAMS 0x000000072dc00000| PB 0x000000072dc00000| Complete |  0
|  94|0x000000072de00000, 0x000000072e000000, 0x000000072e000000|100%| E|CS|TAMS 0x000000072de00000| PB 0x000000072de00000| Complete |  0
|  95|0x000000072e000000, 0x000000072e200000, 0x000000072e200000|100%| E|CS|TAMS 0x000000072e000000| PB 0x000000072e000000| Complete |  0
|  96|0x000000072e200000, 0x000000072e400000, 0x000000072e400000|100%| E|CS|TAMS 0x000000072e200000| PB 0x000000072e200000| Complete |  0
|  97|0x000000072e400000, 0x000000072e600000, 0x000000072e600000|100%| E|CS|TAMS 0x000000072e400000| PB 0x000000072e400000| Complete |  0
|  98|0x000000072e600000, 0x000000072e800000, 0x000000072e800000|100%| E|CS|TAMS 0x000000072e600000| PB 0x000000072e600000| Complete |  0
|  99|0x000000072e800000, 0x000000072ea00000, 0x000000072ea00000|100%| E|CS|TAMS 0x000000072e800000| PB 0x000000072e800000| Complete |  0
| 100|0x000000072ea00000, 0x000000072ec00000, 0x000000072ec00000|100%| E|CS|TAMS 0x000000072ea00000| PB 0x000000072ea00000| Complete |  0
| 101|0x000000072ec00000, 0x000000072ee00000, 0x000000072ee00000|100%| E|CS|TAMS 0x000000072ec00000| PB 0x000000072ec00000| Complete |  0
| 102|0x000000072ee00000, 0x000000072f000000, 0x000000072f000000|100%| E|CS|TAMS 0x000000072ee00000| PB 0x000000072ee00000| Complete |  0
| 103|0x000000072f000000, 0x000000072f200000, 0x000000072f200000|100%| E|CS|TAMS 0x000000072f000000| PB 0x000000072f000000| Complete |  0
| 104|0x000000072f200000, 0x000000072f400000, 0x000000072f400000|100%| E|CS|TAMS 0x000000072f200000| PB 0x000000072f200000| Complete |  0
| 105|0x000000072f400000, 0x000000072f600000, 0x000000072f600000|100%| E|CS|TAMS 0x000000072f400000| PB 0x000000072f400000| Complete |  0
| 106|0x000000072f600000, 0x000000072f800000, 0x000000072f800000|100%| E|CS|TAMS 0x000000072f600000| PB 0x000000072f600000| Complete |  0
| 107|0x000000072f800000, 0x000000072fa00000, 0x000000072fa00000|100%| E|CS|TAMS 0x000000072f800000| PB 0x000000072f800000| Complete |  0
| 108|0x000000072fa00000, 0x000000072fc00000, 0x000000072fc00000|100%| E|CS|TAMS 0x000000072fa00000| PB 0x000000072fa00000| Complete |  0
| 109|0x000000072fc00000, 0x000000072fe00000, 0x000000072fe00000|100%| E|CS|TAMS 0x000000072fc00000| PB 0x000000072fc00000| Complete |  0
| 110|0x000000072fe00000, 0x0000000730000000, 0x0000000730000000|100%| E|CS|TAMS 0x000000072fe00000| PB 0x000000072fe00000| Complete |  0
| 111|0x0000000730000000, 0x0000000730200000, 0x0000000730200000|100%| E|CS|TAMS 0x0000000730000000| PB 0x0000000730000000| Complete |  0
| 112|0x0000000730200000, 0x0000000730400000, 0x0000000730400000|100%| E|CS|TAMS 0x0000000730200000| PB 0x0000000730200000| Complete |  0
| 113|0x0000000730400000, 0x0000000730600000, 0x0000000730600000|100%| E|CS|TAMS 0x0000000730400000| PB 0x0000000730400000| Complete |  0
| 114|0x0000000730600000, 0x0000000730800000, 0x0000000730800000|100%| E|CS|TAMS 0x0000000730600000| PB 0x0000000730600000| Complete |  0
| 115|0x0000000730800000, 0x0000000730a00000, 0x0000000730a00000|100%| E|CS|TAMS 0x0000000730800000| PB 0x0000000730800000| Complete |  0
| 116|0x0000000730a00000, 0x0000000730c00000, 0x0000000730c00000|100%| E|CS|TAMS 0x0000000730a00000| PB 0x0000000730a00000| Complete |  0
| 117|0x0000000730c00000, 0x0000000730e00000, 0x0000000730e00000|100%| E|CS|TAMS 0x0000000730c00000| PB 0x0000000730c00000| Complete |  0
| 118|0x0000000730e00000, 0x0000000731000000, 0x0000000731000000|100%| E|CS|TAMS 0x0000000730e00000| PB 0x0000000730e00000| Complete |  0
| 119|0x0000000731000000, 0x0000000731200000, 0x0000000731200000|100%| E|CS|TAMS 0x0000000731000000| PB 0x0000000731000000| Complete |  0
| 120|0x0000000731200000, 0x0000000731400000, 0x0000000731400000|100%| E|CS|TAMS 0x0000000731200000| PB 0x0000000731200000| Complete |  0
| 121|0x0000000731400000, 0x0000000731600000, 0x0000000731600000|100%| E|CS|TAMS 0x0000000731400000| PB 0x0000000731400000| Complete |  0
|1772|0x00000007ffa00000, 0x00000007ffc00000, 0x00000007ffc00000|100%| O|  |TAMS 0x00000007ffa00000| PB 0x00000007ffa00000| Untracked |  0
|1773|0x00000007ffc00000, 0x00000007ffe00000, 0x00000007ffe00000|100%| O|  |TAMS 0x00000007ffc00000| PB 0x00000007ffc00000| Untracked |  0
|1774|0x00000007ffe00000, 0x0000000800000000, 0x0000000800000000|100%| E|CS|TAMS 0x00000007ffe00000| PB 0x00000007ffe00000| Complete |  0

Card table byte_map: [0x0000017eadfb0000,0x0000017eae6a0000] _byte_map_base: 0x0000017eaa69f000

Marking Bits: (CMBitMap*) 0x0000017e95808080
 Bits: [0x0000017eae6a0000, 0x0000017eb1e18000)

Polling page: 0x0000017e936f0000

Metaspace:
Metaspace        used 74113K, committed 74560K, reserved 1179648K
 class space     used 8633K, committed 8832K, reserved 1048576K

Usage:
  Non-class:     63.95 MB used.
      Class:      8.43 MB used.
       Both:     72.38 MB used.

Virtual space:
  Non-class space:      128.00 MB reserved,      64.19 MB ( 50%) committed,  2 nodes.
      Class space:        1.00 GB reserved,       8.62 MB ( <1%) committed,  1 nodes.
             Both:        1.12 GB reserved,      72.81 MB (  6%) committed. 

Chunk freelists:
   Non-Class:  15.83 MB
       Class:  7.31 MB
        Both:  23.14 MB

MaxMetaspaceSize: unlimited
CompressedClassSpaceSize: 1.00 GB
Initial GC threshold: 21.00 MB
Current GC threshold: 110.75 MB
CDS: on
 - commit_granule_bytes: 65536.
 - commit_granule_words: 8192.
 - virtual_space_node_default_size: 8388608.
 - enlarge_chunks_in_place: 1.
UseCompressedClassPointers 1, UseCompactObjectHeaders 0
Narrow klass pointer bits 32, Max shift 3
Narrow klass base: 0x0000000033000000, Narrow klass shift: 0
Encoding Range: [0x0000000033000000 - 0x0000000133000000), (4294967296 bytes)
Klass Range:    [0x0000000033010000 - 0x0000000074000000), (1090453504 bytes)
Klass ID Range:  [65536 - 1090519033) (1090453497)
Protection zone: [0x0000000033000000 - 0x0000000033010000), (65536 bytes)


Internal statistics:

num_allocs_failed_limit: 9.
num_arena_births: 518.
num_arena_deaths: 0.
num_vsnodes_births: 3.
num_vsnodes_deaths: 0.
num_space_committed: 1163.
num_space_uncommitted: 0.
num_chunks_returned_to_freelist: 9.
num_chunks_taken_from_freelist: 2950.
num_chunk_merges: 6.
num_chunk_splits: 2305.
num_chunks_enlarged: 2010.
num_inconsistent_stats: 0.

CodeHeap 'non-profiled nmethods': size=119232Kb used=3565Kb max_used=3713Kb free=115666Kb
 bounds [0x0000017ea5bd0000, 0x0000017ea5f90000, 0x0000017ead040000]
CodeHeap 'profiled nmethods': size=119104Kb used=12573Kb max_used=13069Kb free=106530Kb
 bounds [0x0000017e9e040000, 0x0000017e9ed50000, 0x0000017ea5490000]
CodeHeap 'non-nmethods': size=7424Kb used=2331Kb max_used=3681Kb free=5092Kb
 bounds [0x0000017ea5490000, 0x0000017ea5840000, 0x0000017ea5bd0000]
CodeCache: size=245760Kb, used=18469Kb, max_used=20463Kb, free=227288Kb
 total_blobs=9528, nmethods=8129, adapters=1302, full_count=0
Compilation: enabled, stopped_count=0, restarted_count=0

Compilation events (20 events):
Event: 29.718 Thread 0x0000017eb485af10 nmethod 9425 0x0000017e9e404588 code [0x0000017e9e404680, 0x0000017e9e404a50]
Event: 29.720 Thread 0x0000017eb485af10 9427       3       java.util.concurrent.atomic.AtomicIntegerFieldUpdater$AtomicIntegerFieldUpdaterImpl::get (17 bytes)
Event: 29.721 Thread 0x0000017eb485af10 nmethod 9427 0x0000017e9e7d3188 code [0x0000017e9e7d3280, 0x0000017e9e7d3518]
Event: 29.726 Thread 0x0000017eb484a2f0 9428       4       java.net.URI$Parser::checkChars (44 bytes)
Event: 29.736 Thread 0x0000017eb484a2f0 nmethod 9428 0x0000017ea5cff108 code [0x0000017ea5cff200, 0x0000017ea5cffbc8]
Event: 29.747 Thread 0x0000017ebbf92d90 9429       3       java.util.HashSet::<init> (29 bytes)
Event: 29.748 Thread 0x0000017ebbf92d90 nmethod 9429 0x0000017e9e72da88 code [0x0000017e9e72db80, 0x0000017e9e72e060]
Event: 29.748 Thread 0x0000017ebbf92580 9430       3       org.bytedeco.javacpp.ClassProperties::setProperty (53 bytes)
Event: 29.748 Thread 0x0000017ebbf92580 nmethod 9430 0x0000017e9e77bb08 code [0x0000017e9e77bc00, 0x0000017e9e77c6d8]
Event: 29.755 Thread 0x0000017eb484a2f0 9431       4       java.util.Arrays::binarySearch0 (74 bytes)
Event: 29.757 Thread 0x0000017eb484a2f0 nmethod 9431 0x0000017ea5c00708 code [0x0000017ea5c00800, 0x0000017ea5c00910]
Event: 29.764 Thread 0x0000017eb484a2f0 9432       4       java.nio.file.attribute.FileTime::from (18 bytes)
Event: 29.765 Thread 0x0000017eb484a2f0 nmethod 9432 0x0000017ea5deaf88 code [0x0000017ea5deb080, 0x0000017ea5deb200]
Event: 29.805 Thread 0x0000017eb484a2f0 9433       4       java.util.stream.AbstractPipeline::sourceSpliterator (262 bytes)
Event: 29.806 Thread 0x0000017eb484a2f0 nmethod 9433 0x0000017ea5deac88 code [0x0000017ea5dead80, 0x0000017ea5deaf38]
Event: 29.818 Thread 0x0000017eb484a2f0 9434       4       java.util.zip.ZipEntry::isCENHeaderValid (58 bytes)
Event: 29.819 Thread 0x0000017eb484a2f0 nmethod 9434 0x0000017ea5dea988 code [0x0000017ea5deaa80, 0x0000017ea5deab98]
Event: 29.829 Thread 0x0000017eb484a2f0 9435  s!   4       org.bytedeco.javacpp.Loader::loadLibrary (1711 bytes)
Event: 29.858 Thread 0x0000017ebbf92d90 9438       3       java.util.ArrayDeque$$Lambda/0x000000003412cba8::accept (9 bytes)
Event: 29.859 Thread 0x0000017ebbf92d90 nmethod 9438 0x0000017e9e50fd08 code [0x0000017e9e50fe00, 0x0000017e9e50ffc8]

GC Heap Usage History (20 events):
Event: 28.495 {heap Before GC invocations=45 (full 0):
 garbage-first heap   total reserved 3635200K, committed 186368K, used 138397K [0x0000000722200000, 0x0000000800000000)
  region size 2048K, 54 young (110592K), 3 survivors (6144K)
}
Event: 28.498 {heap After GC invocations=46 (full 0):
 garbage-first heap   total reserved 3635200K, committed 186368K, used 33855K [0x0000000722200000, 0x0000000800000000)
  region size 2048K, 3 young (6144K), 3 survivors (6144K)
}
Event: 28.563 {heap Before GC invocations=46 (full 0):
 garbage-first heap   total reserved 3635200K, committed 186368K, used 138303K [0x0000000722200000, 0x0000000800000000)
  region size 2048K, 54 young (110592K), 3 survivors (6144K)
}
Event: 28.565 {heap After GC invocations=47 (full 0):
 garbage-first heap   total reserved 3635200K, committed 186368K, used 34004K [0x0000000722200000, 0x0000000800000000)
  region size 2048K, 3 young (6144K), 3 survivors (6144K)
}
Event: 28.628 {heap Before GC invocations=47 (full 0):
 garbage-first heap   total reserved 3635200K, committed 186368K, used 138452K [0x0000000722200000, 0x0000000800000000)
  region size 2048K, 54 young (110592K), 3 survivors (6144K)
}
Event: 28.631 {heap After GC invocations=48 (full 0):
 garbage-first heap   total reserved 3635200K, committed 256000K, used 33859K [0x0000000722200000, 0x0000000800000000)
  region size 2048K, 2 young (4096K), 2 survivors (4096K)
}
Event: 28.757 {heap Before GC invocations=48 (full 0):
 garbage-first heap   total reserved 3635200K, committed 256000K, used 183363K [0x0000000722200000, 0x0000000800000000)
  region size 2048K, 75 young (153600K), 2 survivors (4096K)
}
Event: 28.759 {heap After GC invocations=49 (full 0):
 garbage-first heap   total reserved 3635200K, committed 256000K, used 33772K [0x0000000722200000, 0x0000000800000000)
  region size 2048K, 1 young (2048K), 1 survivors (2048K)
}
Event: 28.865 {heap Before GC invocations=49 (full 0):
 garbage-first heap   total reserved 3635200K, committed 256000K, used 185324K [0x0000000722200000, 0x0000000800000000)
  region size 2048K, 75 young (153600K), 1 survivors (2048K)
}
Event: 28.866 {heap After GC invocations=50 (full 0):
 garbage-first heap   total reserved 3635200K, committed 256000K, used 33981K [0x0000000722200000, 0x0000000800000000)
  region size 2048K, 1 young (2048K), 1 survivors (2048K)
}
Event: 28.990 {heap Before GC invocations=50 (full 0):
 garbage-first heap   total reserved 3635200K, committed 256000K, used 185533K [0x0000000722200000, 0x0000000800000000)
  region size 2048K, 75 young (153600K), 1 survivors (2048K)
}
Event: 28.992 {heap After GC invocations=51 (full 0):
 garbage-first heap   total reserved 3635200K, committed 256000K, used 33915K [0x0000000722200000, 0x0000000800000000)
  region size 2048K, 1 young (2048K), 1 survivors (2048K)
}
Event: 29.085 {heap Before GC invocations=51 (full 0):
 garbage-first heap   total reserved 3635200K, committed 256000K, used 185467K [0x0000000722200000, 0x0000000800000000)
  region size 2048K, 75 young (153600K), 1 survivors (2048K)
}
Event: 29.086 {heap After GC invocations=52 (full 0):
 garbage-first heap   total reserved 3635200K, committed 256000K, used 33935K [0x0000000722200000, 0x0000000800000000)
  region size 2048K, 1 young (2048K), 1 survivors (2048K)
}
Event: 29.207 {heap Before GC invocations=52 (full 0):
 garbage-first heap   total reserved 3635200K, committed 256000K, used 185487K [0x0000000722200000, 0x0000000800000000)
  region size 2048K, 75 young (153600K), 1 survivors (2048K)
}
Event: 29.208 {heap After GC invocations=53 (full 0):
 garbage-first heap   total reserved 3635200K, committed 256000K, used 33932K [0x0000000722200000, 0x0000000800000000)
  region size 2048K, 1 young (2048K), 1 survivors (2048K)
}
Event: 29.297 {heap Before GC invocations=53 (full 0):
 garbage-first heap   total reserved 3635200K, committed 256000K, used 185484K [0x0000000722200000, 0x0000000800000000)
  region size 2048K, 75 young (153600K), 1 survivors (2048K)
}
Event: 29.298 {heap After GC invocations=54 (full 0):
 garbage-first heap   total reserved 3635200K, committed 256000K, used 33954K [0x0000000722200000, 0x0000000800000000)
  region size 2048K, 1 young (2048K), 1 survivors (2048K)
}
Event: 29.430 {heap Before GC invocations=54 (full 0):
 garbage-first heap   total reserved 3635200K, committed 256000K, used 185506K [0x0000000722200000, 0x0000000800000000)
  region size 2048K, 75 young (153600K), 1 survivors (2048K)
}
Event: 29.431 {heap After GC invocations=55 (full 0):
 garbage-first heap   total reserved 3635200K, committed 256000K, used 34144K [0x0000000722200000, 0x0000000800000000)
  region size 2048K, 1 young (2048K), 1 survivors (2048K)
}

Metaspace Usage History (20 events):
Event: 28.495 {metaspace Before GC invocations=45 (full 0):
 Metaspace       used 72120K, committed 72640K, reserved 1114112K
  class space    used 8384K, committed 8576K, reserved 1048576K
}
Event: 28.498 {metaspace After GC invocations=46 (full 0):
 Metaspace       used 72120K, committed 72640K, reserved 1114112K
  class space    used 8384K, committed 8576K, reserved 1048576K
}
Event: 28.563 {metaspace Before GC invocations=46 (full 0):
 Metaspace       used 72120K, committed 72640K, reserved 1114112K
  class space    used 8384K, committed 8576K, reserved 1048576K
}
Event: 28.565 {metaspace After GC invocations=47 (full 0):
 Metaspace       used 72120K, committed 72640K, reserved 1114112K
  class space    used 8384K, committed 8576K, reserved 1048576K
}
Event: 28.628 {metaspace Before GC invocations=47 (full 0):
 Metaspace       used 72120K, committed 72640K, reserved 1114112K
  class space    used 8384K, committed 8576K, reserved 1048576K
}
Event: 28.631 {metaspace After GC invocations=48 (full 0):
 Metaspace       used 72120K, committed 72640K, reserved 1114112K
  class space    used 8384K, committed 8576K, reserved 1048576K
}
Event: 28.757 {metaspace Before GC invocations=48 (full 0):
 Metaspace       used 72120K, committed 72640K, reserved 1114112K
  class space    used 8384K, committed 8576K, reserved 1048576K
}
Event: 28.759 {metaspace After GC invocations=49 (full 0):
 Metaspace       used 72120K, committed 72640K, reserved 1114112K
  class space    used 8384K, committed 8576K, reserved 1048576K
}
Event: 28.865 {metaspace Before GC invocations=49 (full 0):
 Metaspace       used 72120K, committed 72640K, reserved 1114112K
  class space    used 8384K, committed 8576K, reserved 1048576K
}
Event: 28.866 {metaspace After GC invocations=50 (full 0):
 Metaspace       used 72120K, committed 72640K, reserved 1114112K
  class space    used 8384K, committed 8576K, reserved 1048576K
}
Event: 28.990 {metaspace Before GC invocations=50 (full 0):
 Metaspace       used 72120K, committed 72640K, reserved 1114112K
  class space    used 8384K, committed 8576K, reserved 1048576K
}
Event: 28.992 {metaspace After GC invocations=51 (full 0):
 Metaspace       used 72120K, committed 72640K, reserved 1114112K
  class space    used 8384K, committed 8576K, reserved 1048576K
}
Event: 29.085 {metaspace Before GC invocations=51 (full 0):
 Metaspace       used 72120K, committed 72640K, reserved 1114112K
  class space    used 8384K, committed 8576K, reserved 1048576K
}
Event: 29.086 {metaspace After GC invocations=52 (full 0):
 Metaspace       used 72120K, committed 72640K, reserved 1114112K
  class space    used 8384K, committed 8576K, reserved 1048576K
}
Event: 29.207 {metaspace Before GC invocations=52 (full 0):
 Metaspace       used 72129K, committed 72640K, reserved 1114112K
  class space    used 8384K, committed 8576K, reserved 1048576K
}
Event: 29.208 {metaspace After GC invocations=53 (full 0):
 Metaspace       used 72129K, committed 72640K, reserved 1114112K
  class space    used 8384K, committed 8576K, reserved 1048576K
}
Event: 29.297 {metaspace Before GC invocations=53 (full 0):
 Metaspace       used 72129K, committed 72640K, reserved 1114112K
  class space    used 8384K, committed 8576K, reserved 1048576K
}
Event: 29.298 {metaspace After GC invocations=54 (full 0):
 Metaspace       used 72129K, committed 72640K, reserved 1114112K
  class space    used 8384K, committed 8576K, reserved 1048576K
}
Event: 29.430 {metaspace Before GC invocations=54 (full 0):
 Metaspace       used 73214K, committed 73728K, reserved 1114112K
  class space    used 8551K, committed 8768K, reserved 1048576K
}
Event: 29.431 {metaspace After GC invocations=55 (full 0):
 Metaspace       used 73214K, committed 73728K, reserved 1114112K
  class space    used 8551K, committed 8768K, reserved 1048576K
}

Dll operation events (20 events):
Event: 27.638 Loaded shared library C:\Users\÷Á\.javacpp\cache\javacpp-1.5.10-windows-x86_64.jar\org\bytedeco\javacpp\windows-x86_64\api-ms-win-core-util-l1-1-0.dll
Event: 27.647 Loaded shared library C:\Users\÷Á\.javacpp\cache\javacpp-1.5.10-windows-x86_64.jar\org\bytedeco\javacpp\windows-x86_64\api-ms-win-core-interlocked-l1-1-0.dll
Event: 27.655 Loaded shared library C:\Users\÷Á\.javacpp\cache\javacpp-1.5.10-windows-x86_64.jar\org\bytedeco\javacpp\windows-x86_64\ucrtbase.dll
Event: 27.663 Loaded shared library C:\Users\÷Á\.javacpp\cache\javacpp-1.5.10-windows-x86_64.jar\org\bytedeco\javacpp\windows-x86_64\vcruntime140.dll
Event: 27.673 Loaded shared library C:\Users\÷Á\.javacpp\cache\javacpp-1.5.10-windows-x86_64.jar\org\bytedeco\javacpp\windows-x86_64\vcruntime140_1.dll
Event: 27.681 Loaded shared library C:\Users\÷Á\.javacpp\cache\javacpp-1.5.10-windows-x86_64.jar\org\bytedeco\javacpp\windows-x86_64\msvcp140.dll
Event: 27.690 Loaded shared library C:\Users\÷Á\.javacpp\cache\javacpp-1.5.10-windows-x86_64.jar\org\bytedeco\javacpp\windows-x86_64\msvcp140_1.dll
Event: 27.698 Loaded shared library C:\Users\÷Á\.javacpp\cache\javacpp-1.5.10-windows-x86_64.jar\org\bytedeco\javacpp\windows-x86_64\concrt140.dll
Event: 27.707 Loaded shared library C:\Users\÷Á\.javacpp\cache\javacpp-1.5.10-windows-x86_64.jar\org\bytedeco\javacpp\windows-x86_64\vcomp140.dll
Event: 27.715 Loaded shared library C:\Users\÷Á\.javacpp\cache\javacpp-1.5.10-windows-x86_64.jar\org\bytedeco\javacpp\windows-x86_64\jnijavacpp.dll
Event: 27.766 Loaded shared library C:\Users\÷Á\.javacpp\cache\openblas-0.3.26-1.5.10-windows-x86_64.jar\org\bytedeco\openblas\windows-x86_64\libopenblas_nolapack.dll
Event: 27.795 Loaded shared library C:\Users\÷Á\.javacpp\cache\openblas-0.3.26-1.5.10-windows-x86_64.jar\org\bytedeco\openblas\windows-x86_64\jniopenblas_nolapack.dll
Event: 27.891 Loaded shared library C:\Users\÷Á\.javacpp\cache\openblas-0.3.26-1.5.10-windows-x86_64.jar\org\bytedeco\openblas\windows-x86_64\libopenblas.dll
Event: 28.101 Loaded shared library C:\Users\÷Á\.javacpp\cache\openblas-0.3.26-1.5.10-windows-x86_64.jar\org\bytedeco\openblas\windows-x86_64\jniopenblas.dll
Event: 29.257 Loaded shared library C:\Users\÷Á\.javacpp\cache\opencv-4.9.0-1.5.10-windows-x86_64.jar\org\bytedeco\opencv\windows-x86_64\opencv_core490.dll
Event: 29.315 Loaded shared library C:\Users\÷Á\.javacpp\cache\opencv-4.9.0-1.5.10-windows-x86_64.jar\org\bytedeco\opencv\windows-x86_64\opencv_imgproc490.dll
Event: 29.378 Loaded shared library C:\Users\÷Á\.javacpp\cache\opencv-4.9.0-1.5.10-windows-x86_64.jar\org\bytedeco\opencv\windows-x86_64\jniopencv_core.dll
Event: 29.625 Loaded shared library C:\Users\÷Á\.javacpp\cache\opencv-4.9.0-1.5.10-windows-x86_64.jar\org\bytedeco\opencv\windows-x86_64\jniopencv_imgproc.dll
Event: 29.674 Loaded shared library C:\Users\÷Á\.javacpp\cache\opencv-4.9.0-1.5.10-windows-x86_64.jar\org\bytedeco\opencv\windows-x86_64\opencv_imgcodecs490.dll
Event: 29.684 Loaded shared library C:\Users\÷Á\.javacpp\cache\opencv-4.9.0-1.5.10-windows-x86_64.jar\org\bytedeco\opencv\windows-x86_64\jniopencv_imgcodecs.dll

Deoptimization events (20 events):
Event: 29.682 Thread 0x0000017ebdf88220 DEOPT PACKING pc=0x0000017e9eb9f454 sp=0x0000000d79fff0f0
Event: 29.682 Thread 0x0000017ebdf88220 DEOPT UNPACKING pc=0x0000017ea54e1702 sp=0x0000000d79ffe628 mode 0
Event: 29.682 Thread 0x0000017ebdf889f0 DEOPT PACKING pc=0x0000017e9eb9f454 sp=0x0000000d79eff0b0
Event: 29.682 Thread 0x0000017ebdf889f0 DEOPT UNPACKING pc=0x0000017ea54e1702 sp=0x0000000d79efe5e8 mode 0
Event: 29.705 Thread 0x0000017ebd3a9a60 DEOPT PACKING pc=0x0000017e9e3ae004 sp=0x0000000d762ff2f0
Event: 29.705 Thread 0x0000017ebd3a9a60 DEOPT UNPACKING pc=0x0000017ea54e1702 sp=0x0000000d762fe7b0 mode 0
Event: 29.706 Thread 0x0000017ebd3a9a60 DEOPT PACKING pc=0x0000017e9eb9f454 sp=0x0000000d762ff3b0
Event: 29.706 Thread 0x0000017ebd3a9a60 DEOPT UNPACKING pc=0x0000017ea54e1702 sp=0x0000000d762fe8e8 mode 0
Event: 29.719 Thread 0x0000017ebdf8a160 DEOPT PACKING pc=0x0000017e9e3ae004 sp=0x0000000d7a2ff160
Event: 29.719 Thread 0x0000017ebdf8c0a0 DEOPT PACKING pc=0x0000017e9e3ae004 sp=0x0000000d7a1ff190
Event: 29.719 Thread 0x0000017ebdf8c0a0 DEOPT UNPACKING pc=0x0000017ea54e1702 sp=0x0000000d7a1fe650 mode 0
Event: 29.719 Thread 0x0000017ebdf8a160 DEOPT UNPACKING pc=0x0000017ea54e1702 sp=0x0000000d7a2fe620 mode 0
Event: 29.720 Thread 0x0000017ebdf8b8d0 DEOPT PACKING pc=0x0000017e9e3ae004 sp=0x0000000d7a3ff570
Event: 29.720 Thread 0x0000017ebdf8b8d0 DEOPT UNPACKING pc=0x0000017ea54e1702 sp=0x0000000d7a3fea30 mode 0
Event: 29.722 Thread 0x0000017ebdf8c0a0 DEOPT PACKING pc=0x0000017e9eb9f454 sp=0x0000000d7a1ff250
Event: 29.722 Thread 0x0000017ebdf8c0a0 DEOPT UNPACKING pc=0x0000017ea54e1702 sp=0x0000000d7a1fe788 mode 0
Event: 29.722 Thread 0x0000017ebdf8b8d0 DEOPT PACKING pc=0x0000017e9eb9f454 sp=0x0000000d7a3ff630
Event: 29.722 Thread 0x0000017ebdf8b8d0 DEOPT UNPACKING pc=0x0000017ea54e1702 sp=0x0000000d7a3feb68 mode 0
Event: 29.722 Thread 0x0000017ebdf8a160 DEOPT PACKING pc=0x0000017e9eb9f454 sp=0x0000000d7a2ff220
Event: 29.722 Thread 0x0000017ebdf8a160 DEOPT UNPACKING pc=0x0000017ea54e1702 sp=0x0000000d7a2fe758 mode 0

Classes loaded (20 events):
Event: 27.296 Loading class com/sun/imageio/plugins/jpeg/SOSMarkerSegment$ScanComponentSpec
Event: 27.296 Loading class com/sun/imageio/plugins/jpeg/SOSMarkerSegment$ScanComponentSpec done
Event: 27.296 Loading class com/sun/imageio/plugins/jpeg/AdobeMarkerSegment
Event: 27.296 Loading class com/sun/imageio/plugins/jpeg/AdobeMarkerSegment done
Event: 27.296 Loading class com/sun/imageio/plugins/jpeg/DRIMarkerSegment
Event: 27.296 Loading class com/sun/imageio/plugins/jpeg/DRIMarkerSegment done
Event: 27.325 Loading class java/lang/UnsatisfiedLinkError
Event: 27.325 Loading class java/lang/UnsatisfiedLinkError done
Event: 27.334 Loading class java/nio/file/FileVisitor
Event: 27.334 Loading class java/nio/file/FileVisitor done
Event: 27.334 Loading class java/nio/file/FileAlreadyExistsException
Event: 27.334 Loading class java/nio/file/FileAlreadyExistsException done
Event: 27.336 Loading class java/lang/SecurityManager$StackWalkerHolder
Event: 27.336 Loading class java/lang/SecurityManager$StackWalkerHolder done
Event: 27.336 Loading class java/lang/StackStreamFactory$ClassFrameBuffer
Event: 27.336 Loading class java/lang/StackStreamFactory$ClassFrameBuffer done
Event: 27.349 Loading class sun/nio/cs/StringUTF16
Event: 27.349 Loading class sun/nio/cs/StringUTF16 done
Event: 27.351 Loading class jdk/internal/loader/NativeLibraries$Unloader
Event: 27.351 Loading class jdk/internal/loader/NativeLibraries$Unloader done

Classes unloaded (0 events):
No events

Classes redefined (0 events):
No events

Internal exceptions (20 events):
Event: 19.446 Thread 0x0000017e957a4fe0 Exception <a 'java/lang/NoSuchMethodError'{0x000000072566cd18}: 'java.lang.Object java.lang.invoke.DirectMethodHandle$Holder.newInvokeSpecial(java.lang.Object, java.lang.Object, long)'> (0x000000072566cd18) 
thrown [s\open\src\hotspot\share\interpreter\linkResolver.cpp, line 804]
Event: 19.447 Thread 0x0000017e957a4fe0 Exception <a 'java/lang/NoSuchMethodError'{0x0000000725675948}: 'java.lang.Object java.lang.invoke.Invokers$Holder.linkToTargetMethod(java.lang.Object, long, java.lang.Object)'> (0x0000000725675948) 
thrown [s\open\src\hotspot\share\interpreter\linkResolver.cpp, line 804]
Event: 20.181 Thread 0x0000017e957a4fe0 Exception <a 'java/lang/NoSuchMethodError'{0x000000072c9dcc70}: 'void java.lang.invoke.DirectMethodHandle$Holder.invokeInterface(java.lang.Object, java.lang.Object)'> (0x000000072c9dcc70) 
thrown [s\open\src\hotspot\share\interpreter\linkResolver.cpp, line 804]
Event: 20.220 Thread 0x0000017e957a4fe0 Exception <a 'java/lang/NoSuchMethodError'{0x0000000728b44568}: 'double java.lang.invoke.DirectMethodHandle$Holder.invokeVirtual(java.lang.Object, java.lang.Object)'> (0x0000000728b44568) 
thrown [s\open\src\hotspot\share\interpreter\linkResolver.cpp, line 804]
Event: 20.220 Thread 0x0000017e957a4fe0 Exception <a 'java/lang/NoSuchMethodError'{0x0000000728b549f8}: 'double java.lang.invoke.DelegatingMethodHandle$Holder.reinvoke_L(java.lang.Object, java.lang.Object)'> (0x0000000728b549f8) 
thrown [s\open\src\hotspot\share\interpreter\linkResolver.cpp, line 804]
Event: 21.529 Thread 0x0000017eb9d33db0 Exception <a 'java/lang/NoSuchMethodError'{0x0000000725bae508}: 'double java.lang.invoke.DirectMethodHandle$Holder.invokeStatic(java.lang.Object, java.lang.Object, java.lang.Object)'> (0x0000000725bae508) 
thrown [s\open\src\hotspot\share\interpreter\linkResolver.cpp, line 804]
Event: 21.900 Thread 0x0000017ebc63a170 Exception <a 'java/lang/NoSuchMethodError'{0x000000072548ef30}: 'void java.lang.invoke.DirectMethodHandle$Holder.invokeVirtual(java.lang.Object, java.lang.Object, double)'> (0x000000072548ef30) 
thrown [s\open\src\hotspot\share\interpreter\linkResolver.cpp, line 804]
Event: 21.900 Thread 0x0000017ebc63a170 Exception <a 'java/lang/NoSuchMethodError'{0x00000007254a34b8}: 'double java.lang.invoke.DelegatingMethodHandle$Holder.reinvoke_L(java.lang.Object, java.lang.Object, int)'> (0x00000007254a34b8) 
thrown [s\open\src\hotspot\share\interpreter\linkResolver.cpp, line 804]
Event: 21.901 Thread 0x0000017ebc63a170 Exception <a 'java/lang/NoSuchMethodError'{0x00000007254bb7f0}: 'void java.lang.invoke.DelegatingMethodHandle$Holder.reinvoke_L(java.lang.Object, java.lang.Object, double)'> (0x00000007254bb7f0) 
thrown [s\open\src\hotspot\share\interpreter\linkResolver.cpp, line 804]
Event: 22.142 Thread 0x0000017ebc63c880 Exception <a 'java/lang/NoSuchMethodError'{0x000000072707ddb0}: 'void java.lang.invoke.DirectMethodHandle$Holder.invokeSpecial(java.lang.Object, java.lang.Object, int, java.lang.Object)'> (0x000000072707ddb0) 
thrown [s\open\src\hotspot\share\interpreter\linkResolver.cpp, line 804]
Event: 22.142 Thread 0x0000017ebc63c880 Exception <a 'java/lang/NoSuchMethodError'{0x000000072708e060}: 'java.lang.Object java.lang.invoke.DirectMethodHandle$Holder.newInvokeSpecial(java.lang.Object, java.lang.Object, int, java.lang.Object)'> (0x000000072708e060) 
thrown [s\open\src\hotspot\share\interpreter\linkResolver.cpp, line 804]
Event: 22.143 Thread 0x0000017ebc63c880 Exception <a 'java/lang/NoSuchMethodError'{0x0000000727096548}: 'java.lang.Object java.lang.invoke.Invokers$Holder.linkToTargetMethod(java.lang.Object, int, java.lang.Object, java.lang.Object)'> (0x0000000727096548) 
thrown [s\open\src\hotspot\share\interpreter\linkResolver.cpp, line 804]
Event: 22.164 Thread 0x0000017ebcaac130 Exception <a 'java/lang/NoSuchMethodError'{0x0000000726cd3778}: 'int java.lang.invoke.DirectMethodHandle$Holder.invokeStatic(java.lang.Object, int, java.lang.Object)'> (0x0000000726cd3778) 
thrown [s\open\src\hotspot\share\interpreter\linkResolver.cpp, line 804]
Event: 26.066 Thread 0x0000017ebba4e640 Exception <a 'java/io/FileNotFoundException'{0x00000007ffff59d0}> (0x00000007ffff59d0) 
thrown [s\open\src\hotspot\share\prims\jni.cpp, line 516]
Event: 26.066 Thread 0x0000017ebba4e640 Exception <a 'java/io/FileNotFoundException'{0x00000007ffff5ff0}> (0x00000007ffff5ff0) 
thrown [s\open\src\hotspot\share\prims\jni.cpp, line 516]
Event: 27.178 Thread 0x0000017ebb04ad50 Exception <a 'java/lang/ClassNotFoundException'{0x000000072ff70b48}: sun/awt/resources/spi/awtProvider> (0x000000072ff70b48) 
thrown [s\open\src\hotspot\share\classfile\systemDictionary.cpp, line 328]
Event: 27.186 Thread 0x0000017ebb04ad50 Exception <a 'java/io/FileNotFoundException'{0x000000072ffff9d8}> (0x000000072ffff9d8) 
thrown [s\open\src\hotspot\share\prims\jni.cpp, line 516]
Event: 27.187 Thread 0x0000017ebb04ad50 Exception <a 'java/io/FileNotFoundException'{0x000000072d000b90}> (0x000000072d000b90) 
thrown [s\open\src\hotspot\share\prims\jni.cpp, line 516]
Event: 27.198 Thread 0x0000017ebb04ad50 Implicit null exception at 0x0000017ea5ce9f30 to 0x0000017ea5cea7d8
Event: 27.346 Thread 0x0000017ebb04ad50 Exception <a 'java/lang/ClassNotFoundException'{0x00000007271ffb08}: org/springframework/boot/loader/net/protocol/jar/Handler> (0x00000007271ffb08) 
thrown [s\open\src\hotspot\share\classfile\systemDictionary.cpp, line 328]

VM Operations (20 events):
Event: 28.495 Executing safepoint VM operation: G1CollectForAllocation (G1 Evacuation Pause)
Event: 28.498 Executing safepoint VM operation: G1CollectForAllocation (G1 Evacuation Pause) done
Event: 28.563 Executing safepoint VM operation: G1CollectForAllocation (G1 Evacuation Pause)
Event: 28.565 Executing safepoint VM operation: G1CollectForAllocation (G1 Evacuation Pause) done
Event: 28.628 Executing safepoint VM operation: G1CollectForAllocation (G1 Evacuation Pause)
Event: 28.631 Executing safepoint VM operation: G1CollectForAllocation (G1 Evacuation Pause) done
Event: 28.757 Executing safepoint VM operation: G1CollectForAllocation (G1 Evacuation Pause)
Event: 28.759 Executing safepoint VM operation: G1CollectForAllocation (G1 Evacuation Pause) done
Event: 28.865 Executing safepoint VM operation: G1CollectForAllocation (G1 Evacuation Pause)
Event: 28.866 Executing safepoint VM operation: G1CollectForAllocation (G1 Evacuation Pause) done
Event: 28.990 Executing safepoint VM operation: G1CollectForAllocation (G1 Evacuation Pause)
Event: 28.992 Executing safepoint VM operation: G1CollectForAllocation (G1 Evacuation Pause) done
Event: 29.085 Executing safepoint VM operation: G1CollectForAllocation (G1 Evacuation Pause)
Event: 29.087 Executing safepoint VM operation: G1CollectForAllocation (G1 Evacuation Pause) done
Event: 29.207 Executing safepoint VM operation: G1CollectForAllocation (G1 Evacuation Pause)
Event: 29.208 Executing safepoint VM operation: G1CollectForAllocation (G1 Evacuation Pause) done
Event: 29.297 Executing safepoint VM operation: G1CollectForAllocation (G1 Evacuation Pause)
Event: 29.298 Executing safepoint VM operation: G1CollectForAllocation (G1 Evacuation Pause) done
Event: 29.430 Executing safepoint VM operation: G1CollectForAllocation (G1 Evacuation Pause)
Event: 29.431 Executing safepoint VM operation: G1CollectForAllocation (G1 Evacuation Pause) done

Memory protections (0 events):
No events

Nmethod flushes (20 events):
Event: 27.626 Thread 0x0000017eb481d560 flushing  nmethod 0x0000017e9e848608
Event: 27.626 Thread 0x0000017eb481d560 flushing  nmethod 0x0000017e9e8b7408
Event: 27.626 Thread 0x0000017eb481d560 flushing  nmethod 0x0000017e9e8b7708
Event: 27.626 Thread 0x0000017eb481d560 flushing  nmethod 0x0000017e9e8b8288
Event: 27.626 Thread 0x0000017eb481d560 flushing  nmethod 0x0000017e9e8b9c08
Event: 27.626 Thread 0x0000017eb481d560 flushing  nmethod 0x0000017e9e8c3588
Event: 27.626 Thread 0x0000017eb481d560 flushing  nmethod 0x0000017e9e8c3908
Event: 27.626 Thread 0x0000017eb481d560 flushing  nmethod 0x0000017e9e8c4288
Event: 27.626 Thread 0x0000017eb481d560 flushing  nmethod 0x0000017e9e8c4f88
Event: 27.626 Thread 0x0000017eb481d560 flushing  nmethod 0x0000017e9e8dfd88
Event: 27.626 Thread 0x0000017eb481d560 flushing  nmethod 0x0000017e9e8e7588
Event: 27.626 Thread 0x0000017eb481d560 flushing  nmethod 0x0000017e9e9a5388
Event: 27.626 Thread 0x0000017eb481d560 flushing  nmethod 0x0000017e9e9a5788
Event: 27.626 Thread 0x0000017eb481d560 flushing  nmethod 0x0000017e9e9acc88
Event: 27.626 Thread 0x0000017eb481d560 flushing  nmethod 0x0000017e9e9ccd88
Event: 27.626 Thread 0x0000017eb481d560 flushing  nmethod 0x0000017e9e9cd088
Event: 27.626 Thread 0x0000017eb481d560 flushing  nmethod 0x0000017e9e9d9708
Event: 27.626 Thread 0x0000017eb481d560 flushing  nmethod 0x0000017e9ea05208
Event: 27.626 Thread 0x0000017eb481d560 flushing  nmethod 0x0000017e9ea05688
Event: 27.626 Thread 0x0000017eb481d560 flushing  nmethod 0x0000017e9eaa1488

Events (20 events):
Event: 29.054 Thread 0x0000017ebdf79f90 Thread exited: 0x0000017ebdf79f90
Event: 29.056 Thread 0x0000017ebdf78820 Thread exited: 0x0000017ebdf78820
Event: 29.065 Thread 0x0000017ebdf78050 Thread exited: 0x0000017ebdf78050
Event: 29.065 Thread 0x0000017ebdf7af30 Thread exited: 0x0000017ebdf7af30
Event: 29.390 Thread 0x0000017ebdf70350 Thread added: 0x0000017ebe0d3d20
Event: 29.390 Thread 0x0000017ebdf70350 Thread added: 0x0000017ebe0d9310
Event: 29.431 Thread 0x0000017ebdf7edb0 Thread exited: 0x0000017ebdf7edb0
Event: 29.431 Thread 0x0000017ebdf7de10 Thread exited: 0x0000017ebdf7de10
Event: 29.679 Thread 0x0000017ebdf83bd0 Thread exited: 0x0000017ebdf83bd0
Event: 29.679 Thread 0x0000017ebdf86ab0 Thread exited: 0x0000017ebdf86ab0
Event: 29.679 Thread 0x0000017ebdf82460 Thread exited: 0x0000017ebdf82460
Event: 29.681 Thread 0x0000017ebdf89990 Thread exited: 0x0000017ebdf89990
Event: 29.681 Thread 0x0000017ebdf87a50 Thread exited: 0x0000017ebdf87a50
Event: 29.681 Thread 0x0000017ebdf85b10 Thread exited: 0x0000017ebdf85b10
Event: 29.682 Thread 0x0000017ebdf88220 Thread exited: 0x0000017ebdf88220
Event: 29.682 Thread 0x0000017ebdf889f0 Thread exited: 0x0000017ebdf889f0
Event: 29.706 Thread 0x0000017ebd3a9a60 Thread exited: 0x0000017ebd3a9a60
Event: 29.722 Thread 0x0000017ebdf8c0a0 Thread exited: 0x0000017ebdf8c0a0
Event: 29.722 Thread 0x0000017ebdf8a160 Thread exited: 0x0000017ebdf8a160
Event: 29.722 Thread 0x0000017ebdf8b8d0 Thread exited: 0x0000017ebdf8b8d0


Dynamic libraries:
0x00007ff63dcd0000 - 0x00007ff63dce0000 	D:\develop\JDK\bin\java.exe
0x00007fffcd380000 - 0x00007fffcd5e6000 	C:\WINDOWS\SYSTEM32\ntdll.dll
0x00007fffccba0000 - 0x00007fffccc69000 	C:\WINDOWS\System32\KERNEL32.DLL
0x00007fffcaca0000 - 0x00007fffcb09e000 	C:\WINDOWS\System32\KERNELBASE.dll
0x00007fffcab10000 - 0x00007fffcac5c000 	C:\WINDOWS\System32\ucrtbase.dll
0x00007fffc3a90000 - 0x00007fffc3aae000 	D:\develop\JDK\bin\VCRUNTIME140.dll
0x00007fffbbae0000 - 0x00007fffbbaf7000 	D:\develop\JDK\bin\jli.dll
0x00007fffccdc0000 - 0x00007fffccf87000 	C:\WINDOWS\System32\USER32.dll
0x00007fffcac70000 - 0x00007fffcac97000 	C:\WINDOWS\System32\win32u.dll
0x00007fffb8850000 - 0x00007fffb8ae2000 	C:\WINDOWS\WinSxS\amd64_microsoft.windows.common-controls_6595b64144ccf1df_6.0.26100.8875_none_3e0d5d42e32fe9dd\COMCTL32.dll
0x00007fffccc70000 - 0x00007fffccc9b000 	C:\WINDOWS\System32\GDI32.dll
0x00007fffccf90000 - 0x00007fffcd039000 	C:\WINDOWS\System32\msvcrt.dll
0x00007fffca5a0000 - 0x00007fffca6ca000 	C:\WINDOWS\System32\gdi32full.dll
0x00007fffca9d0000 - 0x00007fffcaa73000 	C:\WINDOWS\System32\msvcp_win.dll
0x00007fffccca0000 - 0x00007fffcccd2000 	C:\WINDOWS\System32\IMM32.DLL
0x00007fffbb930000 - 0x00007fffbb93c000 	D:\develop\JDK\bin\vcruntime140_1.dll
0x00007fffb0320000 - 0x00007fffb03ad000 	D:\develop\JDK\bin\msvcp140.dll
0x00007fff39700000 - 0x00007fff3a560000 	D:\develop\JDK\bin\server\jvm.dll
0x00007fffccce0000 - 0x00007fffccd97000 	C:\WINDOWS\System32\ADVAPI32.dll
0x00007fffcbf40000 - 0x00007fffcbfea000 	C:\WINDOWS\System32\sechost.dll
0x00007fffcbc20000 - 0x00007fffcbd38000 	C:\WINDOWS\System32\RPCRT4.dll
0x00007fffcc1b0000 - 0x00007fffcc230000 	C:\WINDOWS\System32\WS2_32.dll
0x00007fffca400000 - 0x00007fffca45e000 	C:\WINDOWS\SYSTEM32\POWRPROF.dll
0x00007fffc0110000 - 0x00007fffc0146000 	C:\WINDOWS\SYSTEM32\WINMM.dll
0x00007fffc0150000 - 0x00007fffc015b000 	C:\WINDOWS\SYSTEM32\VERSION.dll
0x00007fffca3e0000 - 0x00007fffca3f4000 	C:\WINDOWS\SYSTEM32\UMPDC.dll
0x00007fffc9280000 - 0x00007fffc929b000 	C:\WINDOWS\SYSTEM32\kernel.appcore.dll
0x00007fffbb920000 - 0x00007fffbb92a000 	D:\develop\JDK\bin\jimage.dll
0x00007fffc7820000 - 0x00007fffc7a62000 	C:\WINDOWS\SYSTEM32\DBGHELP.DLL
0x00007fffcb820000 - 0x00007fffcbba3000 	C:\WINDOWS\System32\combase.dll
0x00007fffcb740000 - 0x00007fffcb819000 	C:\WINDOWS\System32\OLEAUT32.dll
0x00007fffb36e0000 - 0x00007fffb371b000 	C:\WINDOWS\SYSTEM32\dbgcore.DLL
0x00007fffca910000 - 0x00007fffca9bc000 	C:\WINDOWS\System32\bcryptPrimitives.dll
0x00007fffbb810000 - 0x00007fffbb82f000 	D:\develop\JDK\bin\java.dll
0x00007fffcbd90000 - 0x00007fffcbf29000 	C:\WINDOWS\System32\ole32.dll
0x00007fffcc270000 - 0x00007fffcca02000 	C:\WINDOWS\System32\SHELL32.dll
0x00007fffc8020000 - 0x00007fffc88b2000 	C:\WINDOWS\SYSTEM32\windows.storage.dll
0x00007fffcbff0000 - 0x00007fffcc0e7000 	C:\WINDOWS\System32\SHCORE.dll
0x00007fffcbbb0000 - 0x00007fffcbc17000 	C:\WINDOWS\System32\shlwapi.dll
0x00007fffca4c0000 - 0x00007fffca4e9000 	C:\WINDOWS\SYSTEM32\profapi.dll
0x00007fffbb170000 - 0x00007fffbb182000 	D:\develop\JDK\bin\net.dll
0x00007fffc9830000 - 0x00007fffc989c000 	C:\WINDOWS\system32\mswsock.dll
0x00007fffbb150000 - 0x00007fffbb166000 	D:\develop\JDK\bin\nio.dll
0x00007fffbaa20000 - 0x00007fffbaa37000 	D:\develop\JDK\bin\zip.dll
0x00007fffc8cb0000 - 0x00007fffc8ce3000 	C:\WINDOWS\SYSTEM32\IPHLPAPI.DLL
0x00007fffcbf30000 - 0x00007fffcbf3a000 	C:\WINDOWS\System32\NSI.dll
0x00007fffc66b0000 - 0x00007fffc66be000 	C:\WINDOWS\SYSTEM32\WINNSI.DLL
0x00007fffa71c0000 - 0x00007fffa71d8000 	C:\WINDOWS\system32\napinsp.dll
0x00007fffc8cf0000 - 0x00007fffc8e46000 	C:\WINDOWS\SYSTEM32\DNSAPI.dll
0x00007fffc9610000 - 0x00007fffc961d000 	C:\WINDOWS\SYSTEM32\DSPARSE.dll
0x00007fffa69b0000 - 0x00007fffa69c3000 	C:\WINDOWS\System32\winrnr.dll
0x00007fffa6620000 - 0x00007fffa6642000 	C:\WINDOWS\system32\nlansp_c.dll
0x00007fffc2560000 - 0x00007fffc2576000 	C:\WINDOWS\system32\wshbth.dll
0x00007fffc2c70000 - 0x00007fffc2c7b000 	C:\Windows\System32\rasadhlp.dll
0x00007fffc0a30000 - 0x00007fffc0ab6000 	C:\WINDOWS\System32\fwpuclnt.dll
0x00007fffc9b30000 - 0x00007fffc9b4b000 	C:\WINDOWS\SYSTEM32\CRYPTSP.dll
0x00007fffc91c0000 - 0x00007fffc91f9000 	C:\WINDOWS\system32\rsaenh.dll
0x00007fffc98f0000 - 0x00007fffc9922000 	C:\WINDOWS\SYSTEM32\USERENV.dll
0x00007fffca490000 - 0x00007fffca4ba000 	C:\WINDOWS\SYSTEM32\bcrypt.dll
0x00007fffc9b50000 - 0x00007fffc9b5c000 	C:\WINDOWS\SYSTEM32\CRYPTBASE.dll
0x00007fffb8ce0000 - 0x00007fffb8cee000 	D:\develop\JDK\bin\sunmscapi.dll
0x00007fffca790000 - 0x00007fffca908000 	C:\WINDOWS\System32\CRYPT32.dll
0x00007fffc9d70000 - 0x00007fffc9da0000 	C:\WINDOWS\SYSTEM32\ncrypt.dll
0x00007fffc9d20000 - 0x00007fffc9d5f000 	C:\WINDOWS\SYSTEM32\NTASN1.dll
0x00007fffac520000 - 0x00007fffac528000 	C:\WINDOWS\system32\wshunix.dll
0x00007fffb8b40000 - 0x00007fffb8b49000 	D:\develop\JDK\bin\extnet.dll
0x00007fffb8d00000 - 0x00007fffb8d0a000 	D:\develop\JDK\bin\management.dll
0x00007fffb8cf0000 - 0x00007fffb8cfc000 	D:\develop\JDK\bin\management_ext.dll
0x00007fffcb0b0000 - 0x00007fffcb0b8000 	C:\WINDOWS\System32\PSAPI.DLL
0x00007fff4c880000 - 0x00007fff4ca04000 	D:\develop\JDK\bin\awt.dll
0x00007fffc6480000 - 0x00007fffc6520000 	C:\WINDOWS\SYSTEM32\apphelp.dll
0x00007fffa16a0000 - 0x00007fffa16d0000 	D:\develop\JDK\bin\javajpeg.dll
0x0000017e93770000 - 0x0000017e93774000 	C:\Users\÷Á\.javacpp\cache\javacpp-1.5.10-windows-x86_64.jar\org\bytedeco\javacpp\windows-x86_64\api-ms-win-crt-locale-l1-1-0.dll
0x0000017e93780000 - 0x0000017e93785000 	C:\Users\÷Á\.javacpp\cache\javacpp-1.5.10-windows-x86_64.jar\org\bytedeco\javacpp\windows-x86_64\api-ms-win-crt-string-l1-1-0.dll
0x0000017e93790000 - 0x0000017e93795000 	C:\Users\÷Á\.javacpp\cache\javacpp-1.5.10-windows-x86_64.jar\org\bytedeco\javacpp\windows-x86_64\api-ms-win-crt-stdio-l1-1-0.dll
0x0000017e937a0000 - 0x0000017e937a6000 	C:\Users\÷Á\.javacpp\cache\javacpp-1.5.10-windows-x86_64.jar\org\bytedeco\javacpp\windows-x86_64\api-ms-win-crt-math-l1-1-0.dll
0x0000017e95750000 - 0x0000017e95754000 	C:\Users\÷Á\.javacpp\cache\javacpp-1.5.10-windows-x86_64.jar\org\bytedeco\javacpp\windows-x86_64\api-ms-win-crt-heap-l1-1-0.dll
0x0000017eb4fb0000 - 0x0000017eb4fb5000 	C:\Users\÷Á\.javacpp\cache\javacpp-1.5.10-windows-x86_64.jar\org\bytedeco\javacpp\windows-x86_64\api-ms-win-crt-runtime-l1-1-0.dll
0x0000017eb4fc0000 - 0x0000017eb4fc5000 	C:\Users\÷Á\.javacpp\cache\javacpp-1.5.10-windows-x86_64.jar\org\bytedeco\javacpp\windows-x86_64\api-ms-win-crt-convert-l1-1-0.dll
0x0000017eb4fd0000 - 0x0000017eb4fd4000 	C:\Users\÷Á\.javacpp\cache\javacpp-1.5.10-windows-x86_64.jar\org\bytedeco\javacpp\windows-x86_64\api-ms-win-crt-environment-l1-1-0.dll
0x0000017eb4fe0000 - 0x0000017eb4fe4000 	C:\Users\÷Á\.javacpp\cache\javacpp-1.5.10-windows-x86_64.jar\org\bytedeco\javacpp\windows-x86_64\api-ms-win-crt-time-l1-1-0.dll
0x0000017eb4ff0000 - 0x0000017eb4ff4000 	C:\Users\÷Á\.javacpp\cache\javacpp-1.5.10-windows-x86_64.jar\org\bytedeco\javacpp\windows-x86_64\api-ms-win-crt-filesystem-l1-1-0.dll
0x0000017ebceb0000 - 0x0000017ebceb4000 	C:\Users\÷Á\.javacpp\cache\javacpp-1.5.10-windows-x86_64.jar\org\bytedeco\javacpp\windows-x86_64\api-ms-win-crt-utility-l1-1-0.dll
0x0000017ebcec0000 - 0x0000017ebcec6000 	C:\Users\÷Á\.javacpp\cache\javacpp-1.5.10-windows-x86_64.jar\org\bytedeco\javacpp\windows-x86_64\api-ms-win-crt-multibyte-l1-1-0.dll
0x0000017ebced0000 - 0x0000017ebced4000 	C:\Users\÷Á\.javacpp\cache\javacpp-1.5.10-windows-x86_64.jar\org\bytedeco\javacpp\windows-x86_64\api-ms-win-crt-conio-l1-1-0.dll
0x0000017ebcee0000 - 0x0000017ebcef1000 	C:\Users\÷Á\.javacpp\cache\javacpp-1.5.10-windows-x86_64.jar\org\bytedeco\javacpp\windows-x86_64\api-ms-win-crt-private-l1-1-0.dll
0x0000017ebcf00000 - 0x0000017ebcf04000 	C:\Users\÷Á\.javacpp\cache\javacpp-1.5.10-windows-x86_64.jar\org\bytedeco\javacpp\windows-x86_64\api-ms-win-crt-process-l1-1-0.dll
0x0000017ebcf10000 - 0x0000017ebcf14000 	C:\Users\÷Á\.javacpp\cache\javacpp-1.5.10-windows-x86_64.jar\org\bytedeco\javacpp\windows-x86_64\api-ms-win-core-console-l1-2-0.dll
0x0000017ec3d10000 - 0x0000017ec3d14000 	C:\Users\÷Á\.javacpp\cache\javacpp-1.5.10-windows-x86_64.jar\org\bytedeco\javacpp\windows-x86_64\api-ms-win-core-string-l1-1-0.dll
0x0000017ec3d20000 - 0x0000017ec3d24000 	C:\Users\÷Á\.javacpp\cache\javacpp-1.5.10-windows-x86_64.jar\org\bytedeco\javacpp\windows-x86_64\api-ms-win-core-errorhandling-l1-1-0.dll
0x0000017ec3d30000 - 0x0000017ec3d34000 	C:\Users\÷Á\.javacpp\cache\javacpp-1.5.10-windows-x86_64.jar\org\bytedeco\javacpp\windows-x86_64\api-ms-win-core-timezone-l1-1-0.dll
0x0000017ec3d40000 - 0x0000017ec3d45000 	C:\Users\÷Á\.javacpp\cache\javacpp-1.5.10-windows-x86_64.jar\org\bytedeco\javacpp\windows-x86_64\api-ms-win-core-file-l1-1-0.dll
0x0000017ec3d50000 - 0x0000017ec3d54000 	C:\Users\÷Á\.javacpp\cache\javacpp-1.5.10-windows-x86_64.jar\org\bytedeco\javacpp\windows-x86_64\api-ms-win-core-namedpipe-l1-1-0.dll
0x0000017ec3d60000 - 0x0000017ec3d64000 	C:\Users\÷Á\.javacpp\cache\javacpp-1.5.10-windows-x86_64.jar\org\bytedeco\javacpp\windows-x86_64\api-ms-win-core-handle-l1-1-0.dll
0x0000017ec3d70000 - 0x0000017ec3d74000 	C:\Users\÷Á\.javacpp\cache\javacpp-1.5.10-windows-x86_64.jar\org\bytedeco\javacpp\windows-x86_64\api-ms-win-core-file-l2-1-0.dll
0x0000017ec3d80000 - 0x0000017ec3d84000 	C:\Users\÷Á\.javacpp\cache\javacpp-1.5.10-windows-x86_64.jar\org\bytedeco\javacpp\windows-x86_64\api-ms-win-core-heap-l1-1-0.dll
0x0000017ec3d90000 - 0x0000017ec3d94000 	C:\Users\÷Á\.javacpp\cache\javacpp-1.5.10-windows-x86_64.jar\org\bytedeco\javacpp\windows-x86_64\api-ms-win-core-libraryloader-l1-1-0.dll
0x0000017ec3da0000 - 0x0000017ec3da4000 	C:\Users\÷Á\.javacpp\cache\javacpp-1.5.10-windows-x86_64.jar\org\bytedeco\javacpp\windows-x86_64\api-ms-win-core-synch-l1-1-0.dll
0x0000017ec3db0000 - 0x0000017ec3db4000 	C:\Users\÷Á\.javacpp\cache\javacpp-1.5.10-windows-x86_64.jar\org\bytedeco\javacpp\windows-x86_64\api-ms-win-core-processthreads-l1-1-0.dll
0x0000017ec3dc0000 - 0x0000017ec3dc4000 	C:\Users\÷Á\.javacpp\cache\javacpp-1.5.10-windows-x86_64.jar\org\bytedeco\javacpp\windows-x86_64\api-ms-win-core-processenvironment-l1-1-0.dll
0x0000017ec3dd0000 - 0x0000017ec3dd4000 	C:\Users\÷Á\.javacpp\cache\javacpp-1.5.10-windows-x86_64.jar\org\bytedeco\javacpp\windows-x86_64\api-ms-win-core-datetime-l1-1-0.dll
0x0000017ec3de0000 - 0x0000017ec3de4000 	C:\Users\÷Á\.javacpp\cache\javacpp-1.5.10-windows-x86_64.jar\org\bytedeco\javacpp\windows-x86_64\api-ms-win-core-localization-l1-2-0.dll
0x0000017ec3df0000 - 0x0000017ec3df4000 	C:\Users\÷Á\.javacpp\cache\javacpp-1.5.10-windows-x86_64.jar\org\bytedeco\javacpp\windows-x86_64\api-ms-win-core-sysinfo-l1-1-0.dll
0x0000017ec3e00000 - 0x0000017ec3e04000 	C:\Users\÷Á\.javacpp\cache\javacpp-1.5.10-windows-x86_64.jar\org\bytedeco\javacpp\windows-x86_64\api-ms-win-core-synch-l1-2-0.dll
0x0000017ec3e10000 - 0x0000017ec3e14000 	C:\Users\÷Á\.javacpp\cache\javacpp-1.5.10-windows-x86_64.jar\org\bytedeco\javacpp\windows-x86_64\api-ms-win-core-console-l1-1-0.dll
0x0000017ec3e20000 - 0x0000017ec3e24000 	C:\Users\÷Á\.javacpp\cache\javacpp-1.5.10-windows-x86_64.jar\org\bytedeco\javacpp\windows-x86_64\api-ms-win-core-debug-l1-1-0.dll
0x0000017ec3e30000 - 0x0000017ec3e34000 	C:\Users\÷Á\.javacpp\cache\javacpp-1.5.10-windows-x86_64.jar\org\bytedeco\javacpp\windows-x86_64\api-ms-win-core-rtlsupport-l1-1-0.dll
0x0000017ec3e40000 - 0x0000017ec3e44000 	C:\Users\÷Á\.javacpp\cache\javacpp-1.5.10-windows-x86_64.jar\org\bytedeco\javacpp\windows-x86_64\api-ms-win-core-processthreads-l1-1-1.dll
0x0000017ec3e50000 - 0x0000017ec3e54000 	C:\Users\÷Á\.javacpp\cache\javacpp-1.5.10-windows-x86_64.jar\org\bytedeco\javacpp\windows-x86_64\api-ms-win-core-file-l1-2-0.dll
0x0000017ec3e60000 - 0x0000017ec3e64000 	C:\Users\÷Á\.javacpp\cache\javacpp-1.5.10-windows-x86_64.jar\org\bytedeco\javacpp\windows-x86_64\api-ms-win-core-profile-l1-1-0.dll
0x0000017ec3e70000 - 0x0000017ec3e74000 	C:\Users\÷Á\.javacpp\cache\javacpp-1.5.10-windows-x86_64.jar\org\bytedeco\javacpp\windows-x86_64\api-ms-win-core-memory-l1-1-0.dll
0x0000017ec3e80000 - 0x0000017ec3e84000 	C:\Users\÷Á\.javacpp\cache\javacpp-1.5.10-windows-x86_64.jar\org\bytedeco\javacpp\windows-x86_64\api-ms-win-core-util-l1-1-0.dll
0x0000017ec3e90000 - 0x0000017ec3e94000 	C:\Users\÷Á\.javacpp\cache\javacpp-1.5.10-windows-x86_64.jar\org\bytedeco\javacpp\windows-x86_64\api-ms-win-core-interlocked-l1-1-0.dll
0x00007fff8ad00000 - 0x00007fff8ae11000 	C:\Users\÷Á\.javacpp\cache\javacpp-1.5.10-windows-x86_64.jar\org\bytedeco\javacpp\windows-x86_64\ucrtbase.dll
0x00007fffa8700000 - 0x00007fffa871b000 	C:\Users\÷Á\.javacpp\cache\javacpp-1.5.10-windows-x86_64.jar\org\bytedeco\javacpp\windows-x86_64\vcruntime140.dll
0x00007fffb6aa0000 - 0x00007fffb6aac000 	C:\Users\÷Á\.javacpp\cache\javacpp-1.5.10-windows-x86_64.jar\org\bytedeco\javacpp\windows-x86_64\vcruntime140_1.dll
0x00007fff983a0000 - 0x00007fff9842d000 	C:\Users\÷Á\.javacpp\cache\javacpp-1.5.10-windows-x86_64.jar\org\bytedeco\javacpp\windows-x86_64\msvcp140.dll
0x00007fffb4740000 - 0x00007fffb4749000 	C:\Users\÷Á\.javacpp\cache\javacpp-1.5.10-windows-x86_64.jar\org\bytedeco\javacpp\windows-x86_64\msvcp140_1.dll
0x00007fffa0fc0000 - 0x00007fffa100e000 	C:\Users\÷Á\.javacpp\cache\javacpp-1.5.10-windows-x86_64.jar\org\bytedeco\javacpp\windows-x86_64\concrt140.dll
0x00007fff9f4d0000 - 0x00007fff9f501000 	C:\Users\÷Á\.javacpp\cache\javacpp-1.5.10-windows-x86_64.jar\org\bytedeco\javacpp\windows-x86_64\vcomp140.dll
0x00007fffb3e20000 - 0x00007fffb3e2f000 	C:\Users\÷Á\.javacpp\cache\javacpp-1.5.10-windows-x86_64.jar\org\bytedeco\javacpp\windows-x86_64\jnijavacpp.dll
0x00007ffe6ba80000 - 0x00007ffe6d699000 	C:\Users\÷Á\.javacpp\cache\openblas-0.3.26-1.5.10-windows-x86_64.jar\org\bytedeco\openblas\windows-x86_64\libopenblas_nolapack.dll
0x00007fff51790000 - 0x00007fff517ef000 	C:\Users\÷Á\.javacpp\cache\openblas-0.3.26-1.5.10-windows-x86_64.jar\org\bytedeco\openblas\windows-x86_64\jniopenblas_nolapack.dll
0x00007ffe527e0000 - 0x00007ffe543f9000 	C:\Users\÷Á\.javacpp\cache\openblas-0.3.26-1.5.10-windows-x86_64.jar\org\bytedeco\openblas\windows-x86_64\libopenblas.dll
0x00007ffe55fb0000 - 0x00007ffe57393000 	C:\Users\÷Á\.javacpp\cache\openblas-0.3.26-1.5.10-windows-x86_64.jar\org\bytedeco\openblas\windows-x86_64\jniopenblas.dll
0x00007fff38ab0000 - 0x00007fff38f83000 	C:\Users\÷Á\.javacpp\cache\opencv-4.9.0-1.5.10-windows-x86_64.jar\org\bytedeco\opencv\windows-x86_64\opencv_core490.dll
0x00007ffe740a0000 - 0x00007ffe74838000 	C:\Users\÷Á\.javacpp\cache\opencv-4.9.0-1.5.10-windows-x86_64.jar\org\bytedeco\opencv\windows-x86_64\opencv_imgproc490.dll
0x00007fff38800000 - 0x00007fff38aa3000 	C:\Users\÷Á\.javacpp\cache\opencv-4.9.0-1.5.10-windows-x86_64.jar\org\bytedeco\opencv\windows-x86_64\jniopencv_core.dll

JVMTI agents: none

dbghelp: loaded successfully - version: 4.0.5 - missing functions: none
symbol engine: initialized successfully - sym options: 0x614 - pdb path: .;D:\develop\JDK\bin;C:\WINDOWS\SYSTEM32;C:\WINDOWS\WinSxS\amd64_microsoft.windows.common-controls_6595b64144ccf1df_6.0.26100.8875_none_3e0d5d42e32fe9dd;D:\develop\JDK\bin\server;C:\Users\÷Á\.javacpp\cache\javacpp-1.5.10-windows-x86_64.jar\org\bytedeco\javacpp\windows-x86_6;C:\Users\÷Á\.javacpp\cache\javacpp-1.5.10-windows-x86_64.jar\org\bytedeco\javacpp\windows-x86_;C:\Users\÷Á\.javacpp\cache\javacpp-1.5.10-windows-x86_64.jar\org\bytedeco\javacpp\windows-x86;C:\Users\÷Á\.javacpp\cache\javacpp-1.5.10-windows-x86_64.jar\org\bytedeco\javacpp\windows-x8;C:\Users\÷Á\.javacpp\cache\javacpp-1.5.10-windows-x86_64.jar\org\bytedeco\javacpp\windows-x;C:\Users\÷Á\.javacpp\cache\javacpp-1.5.10-windows-x86_64.jar\org\bytedeco\javacpp\windows-;C:\Users\÷Á\.javacpp\cache\javacpp-1.5.10-windows-x86_64.jar\org\bytedeco\javacpp\windows;C:\Users\÷Á\.javacpp\cache\javacpp-1.5.10-windows-x86_64.jar\org\bytedeco\javacpp\window;C:\Users\÷Á\.javacpp\cache\javacpp-1.5.10-windows-x86_64.jar\org\bytedeco\javacpp\windo;C:\Users\÷Á\.javacpp\cache\javacpp-1.5.10-windows-x86_64.jar\org\bytedeco\javacpp\wind;C:\Users\÷Á\.javacpp\cache\javacpp-1.5.10-windows-x86_64.jar\org\bytedeco\javacpp\win;C:\Users\÷Á\.javacpp\cache\javacpp-1.5.10-windows-x86_64.jar\org\bytedeco\javacpp\wi;C:\Users\÷Á\.javacpp\cache\javacpp-1.5.10-windows-x86_64.jar\org\bytedeco\javacpp\w;C:\Users\÷Á\.javacpp\cache\javacpp-1.5.10-windows-x86_64.jar\org\bytedeco\javacpp\;C:\Users\÷Á\.javacpp\cache\javacpp-1.5.10-windows-x86_64.jar\org\bytedeco\javacpp;C:\Users\÷Á\.javacpp\cache\javacpp-1.5.10-windows-x86_64.jar\org\bytedeco\javacp;C:\Users\÷Á\.javacpp\cache\javacpp-1.5.10-windows-x86_64.jar\org\bytedeco\javac;C:\Users\÷Á\.javacpp\cache\javacpp-1.5.10-windows-x86_64.jar\org\bytedeco\java;C:\Users\÷Á\.javacpp\cache\javacpp-1.5.10-windows-x86_64.jar\org\bytedeco\jav;C:\Users\÷Á\.javacpp\cache\javacpp-1.5.10-windows-x86_64.jar\org\bytedeco\ja;C:\Users\÷Á\.javacpp\cache\javacpp-1.5.10-windows-x86_64.jar\org\bytedeco\j;C:\Users\÷Á\.javacpp\cache\javacpp-1.5.10-windows-x86_64.jar\org\bytedeco\;C:\Users\÷Á\.javacpp\cache\javacpp-1.5.10-windows-x86_64.jar\org\bytedeco;C:\Users\÷Á\.javacpp\cache\javacpp-1.5.10-windows-x86_64.jar\org\bytedec;C:\Users\÷Á\.javacpp\cache\javacpp-1.5.10-windows-x86_64.jar\org\bytede;C:\Users\÷Á\.javacpp\cache\javacpp-1.5.10-windows-x86_64.jar\org\byted;C:\Users\÷Á\.javacpp\cache\javacpp-1.5.10-windows-x86_64.jar\org\byte;C:\Users\÷Á\.javacpp\cache\javacpp-1.5.10-windows-x86_64.jar\org\byt;C:\Users\÷Á\.javacpp\cache\javacpp-1.5.10-windows-x86_64.jar\org\by;C:\Users\÷Á\.javacpp\cache\javacpp-1.5.10-windows-x86_64.jar\org\b;C:\Users\÷Á\.javacpp\cache\javacpp-1.5.10-windows-x86_64.jar\org\;C:\Users\÷Á\.javacpp\cache\javacpp-1.5.10-windows-x86_64.jar\org;C:\Users\÷Á\.javacpp\cache\javacpp-1.5.10-windows-x86_64.jar\or;C:\Users\÷Á\.javacpp\cache\javacpp-1.5.10-windows-x86_64.jar\o;C:\Users\÷Á\.javacpp\cache\javacpp-1.5.10-windows-x86_64.jar\;C:\Users\÷Á\.javacpp\cache\javacpp-1.5.10-windows-x86_64.jar;C:\Users\÷Á\.javacpp\cache\javacpp-1.5.10-windows-x86_64.ja;C:\Users\÷Á\.javacpp\cache\javacpp-1.5.10-windows-x86_64.j;C:\Users\÷Á\.javacpp\cache\javacpp-1.5.10-windows-x86_64.;C:\Users\÷Á\.javacpp\cache\javacpp-1.5.10-windows-x86_64;C:\Users\÷Á\.javacpp\cache\javacpp-1.5.10-windows-x86_6;C:\Users\÷Á\.javacpp\cache\javacpp-1.5.10-windows-x86_;C:\Users\÷Á\.javacpp\cache\javacpp-1.5.10-windows-x86;C:\Users\÷Á\.javacpp\cache\javacpp-1.5.10-windows-x8;C:\Users\÷Á\.javacpp\cache\javacpp-1.5.10-windows-x;C:\Users\÷Á\.javacpp\cache\javacpp-1.5.10-windows-;C:\Users\÷Á\.javacpp\cache\javacpp-1.5.10-windows;C:\Users\÷Á\.javacpp\cache\javacpp-1.5.10-window;C:\Users\÷Á\.javacpp\cache\javacpp-1.5.10-windo;C:\Users\÷Á\.javacpp\cache\javacpp-1.5.10-windows-x86_64.jar\org\bytedeco\javacpp\windows-x86_64;C:\Users\÷Á\.javacpp\cache\openblas-0.3.26-1.5.10-wind;C:\Users\÷Á\.javacpp\cache\openblas-0.3.26-1.5.10-win;C:\Users\÷Á\.javacpp\cache\openblas-0.3.26-1.5.10-wi;C:\Users\÷Á\.javacpp\cache\openblas-0.3.26-1.5.10-w;C:\Users\÷Á\.javacpp\cache\openblas-0.3.26-1.5.10-windows-x86_64.jar\org\bytedeco\openblas\windows-x86_64;C:\Users\÷Á\.javacpp\cache\opencv-4.9.0-1.5.;C:\Users\÷Á\.javacpp\cache\opencv-4.9.0-1.5;C:\Users\÷Á\.javacpp\cache\opencv-4.9.0-1.;C:\Users\÷Á\.javacpp\cache\opencv-4.9.0-1;C:\Users\÷Á\.javacpp\cache\opencv-4.9.0-;C:\Users\÷Á\.javacpp\cache\opencv-4.9.0

VM Arguments:
java_command: yolo-gateway/target/yolo-gateway-1.0.0.jar
java_class_path (initial): yolo-gateway/target/yolo-gateway-1.0.0.jar
Launcher Type: SUN_STANDARD

[Global flags]
     intx CICompilerCount                          = 12                                        {product} {ergonomic}
     uint ConcGCThreads                            = 3                                         {product} {ergonomic}
     uint G1ConcRefinementThreads                  = 13                                        {product} {ergonomic}
   size_t G1HeapRegionSize                         = 2097152                                   {product} {ergonomic}
   size_t InitialHeapSize                          = 232783872                                 {product} {ergonomic}
   size_t MarkStackSize                            = 4194304                                   {product} {ergonomic}
   size_t MarkStackSizeMax                         = 536870912                                 {product} {ergonomic}
   size_t MaxHeapSize                              = 3722444800                                {product} {ergonomic}
   size_t MaxNewSize                               = 2233466880                                {product} {ergonomic}
   size_t MinHeapDeltaBytes                        = 2097152                                   {product} {ergonomic}
   size_t MinHeapSize                              = 8388608                                   {product} {ergonomic}
    uintx NonNMethodCodeHeapSize                   = 7602176                                {pd product} {ergonomic}
    uintx NonProfiledCodeHeapSize                  = 122093568                              {pd product} {ergonomic}
    uintx ProfiledCodeHeapSize                     = 121962496                              {pd product} {ergonomic}
    uintx ReservedCodeCacheSize                    = 251658240                              {pd product} {ergonomic}
     bool SegmentedCodeCache                       = true                                      {product} {ergonomic}
   size_t SoftMaxHeapSize                          = 3722444800                             {manageable} {ergonomic}
     bool UseCompressedOops                        = true                           {product lp64_product} {ergonomic}
     bool UseG1GC                                  = true                                      {product} {ergonomic}
     bool UseLargePagesIndividualAllocation        = false                                  {pd product} {ergonomic}

Logging:
Log output configuration:
 #0: stdout all=warning uptime,level,tags foldmultilines=false
 #1: stderr all=off uptime,level,tags foldmultilines=false

Release file:
IMPLEMENTOR="Oracle Corporation" 
JAVA_RUNTIME_VERSION="25.0.3+9-LTS-195" 
JAVA_VERSION="25.0.3" 
JAVA_VERSION_DATE="2026-04-21" 
LIBC="default" 
MODULES="java.base java.compiler java.datatransfer java.xml java.prefs java.desktop java.instrument java.logging java.management java.security.sasl java.naming java.rmi java.management.rmi java.net.http java.scripting java.security.jgss java.transaction.xa java.sql java.sql.rowset java.xml.crypto java.se java.smartcardio jdk.accessibility jdk.internal.jvmstat jdk.attach jdk.charsets jdk.internal.opt jdk.zipfs jdk.compiler jdk.crypto.cryptoki jdk.crypto.ec jdk.crypto.mscapi jdk.dynalink jdk.internal.ed jdk.editpad jdk.internal.vm.ci jdk.graal.compiler jdk.graal.compiler.management jdk.hotspot.agent jdk.httpserver jdk.incubator.vector jdk.internal.le jdk.internal.md jdk.jartool jdk.javadoc jdk.jcmd jdk.management jdk.management.agent jdk.jconsole jdk.jdeps jdk.jdwp.agent jdk.jdi jdk.jfr jdk.jlink jdk.jpackage jdk.jshell jdk.jsobject jdk.jstatd jdk.localedata jdk.management.jfr jdk.naming.dns jdk.naming.rmi jdk.net jdk.nio.mapmode jdk.sctp jdk.security.auth jdk.security.jgss jdk.unsupported jdk.unsupported.desktop jdk.xml.dom" 
OS_ARCH="x86_64" 
OS_NAME="Windows" 
SOURCE=".:git:bf167394bb46 open:git:e57ac4c1e765" 

Environment Variables:
JAVA_HOME=D:\develop\JDK
CLASSPATH=;D:\develop\JDK\lib\dt.jar;D:\develop\JDK\lib\tools.jar;
PATH=C:\Users\÷Á\bin;C:\Program Files\Git\mingw64\bin;C:\Program Files\Git\usr\local\bin;C:\Program Files\Git\usr\bin;C:\Program Files\Git\usr\bin;C:\Program Files\Git\mingw64\bin;C:\Program Files\Git\usr\bin;C:\Users\÷Á\bin;D:\develop\JDK\bin;C:\Program Files (x86)\VMware\VMware Workstation\bin;D:\development\flutter\bin;D:\development\Android\sdk\platform-tools;C:\Program Files\Common Files\Oracle\Java\javapath;C:\Program Files (x86)\Common Files\Intergraph\Grid Analysis SDK\1.0\Program;C:\Program Files\Python310\Scripts;C:\Program Files\Python310;C:\WINDOWS\system32;C:\WINDOWS;C:\WINDOWS\System32\Wbem;C:\WINDOWS\System32\WindowsPowerShell\v1.0;D:\develop\Java\jdk-17.0.1\bin";C:\WINDOWS\System32\OpenSSH;D:\runtime\win64;D:\bin;D:\;”∞≤‚¡ø\zgdll64;C:\;Gridknow\zgdll32;C:\Gridknow\zgdll64;C:\Program Files\dotnet;C:\Program Files (x86)\Microsoft SQL Server\100\Tools\Binn;C:\Program Files\Microsoft SQL Server\100\Tools\Binn;C:\Program Files\Microsoft SQL Server\100\DTS\Binn;C:\WINDOWS\System32\WindowsPowerShell\v1.0;C:\Program Files\ffmpeg\bin;C:\sqlite;C:\Program Files (x86)\Windows Kits\10\Windows Performance Toolkit;C:\Program Files (x86)\NetSarang\Xshell 8;C:\Program Files (x86)\NetSarang\Xftp 8;C:\Program Files\nodejs;D:\dev\python\Scripts;D:\dev\python;C:\Users\÷Á\AppData\Local\Microsoft\WindowsApps;D:\œ¬‘ÿ\Microsoft VS Code\bin;D:\develop\Java\jdk-17.0.1\bin;D:\test\mingw64\bin;C:\Program Files\JetBrains\PyCharm 2020.1\bin;C:\Users\÷Á\AppData\Roaming\npm;C:\mingw64\bin;C:\Program Files\Git\usr\bin;C:\Users\÷Á\.local\bin;C:\Program Files\Docker\Docker\resources\bin;D:\develop\apache-maven-3.9.4-bin\apache-maven-3.9.4\bin;D:\dev\python\Scripts;D:\dev\python;C:\Users\÷Á\AppData\Local\Microsoft\WindowsApps;D:\œ¬‘ÿ\Microsoft VS Code\bin;D:\develop\JDK\bin;D:\test\mingw64\bin;C:\Program Files\JetBrains\PyCharm 2020.1\bin;C:\Users\÷Á\AppData\Roaming\npm;C:\Users\÷Á\AppData\Local\Programs\Ollama;C:\Program Files\Git\usr\bin\vendor_perl;C:\Program Files\Git\usr\bin\core_perl
USERNAME=÷Á
SHELL=C:\Program Files\Git\bin\bash.exe
TERM=xterm-256color
OS=Windows_NT
PROCESSOR_IDENTIFIER=AMD64 Family 25 Model 80 Stepping 0, AuthenticAMD
TMP=C:\Users\÷Á\AppData\Local\Temp
TEMP=C:\Users\÷Á\AppData\Local\Temp




Compilation memory statistics disabled.

Periodic native trim disabled

---------------  S Y S T E M  ---------------

OS:
 Windows 11 , 64 bit Build 26100 (10.0.26100.8875)
OS uptime: 8 days 13:11 hours
Hyper-V role detected

CPU: total 16 (initial active 16) (16 cores per cpu, 2 threads per core) family 25 model 80 stepping 0 microcode 0xa50000b, cx8, cmov, fxsr, ht, mmx, 3dnowpref, sse, sse2, sse3, ssse3, sse4a, sse4.1, sse4.2, popcnt, lzcnt, tsc, tscinvbit, avx, avx2, aes, erms, clmul, bmi1, bmi2, adx, sha, fma, vzeroupper, clflush, clflushopt, clwb, hv, rdtscp, rdpid, fsrm, f16c, cet_ss
Processor Information for the first 16 processors :
  Max Mhz: 3201, Current Mhz: 3201, Mhz Limit: 3201

Memory: 4k page, system-wide physical 14198M (986M free)
TotalPageFile size 44812M (AvailPageFile size 1275M)
current process WorkingSet (physical memory assigned to process): 563M, peak: 573M
current process commit charge ("private bytes"): 4459M, peak: 4490M

vm_info: Java HotSpot(TM) 64-Bit Server VM (25.0.3+9-LTS-195) for windows-amd64 JRE (25.0.3+9-LTS-195), built on 2026-03-11T00:20:00Z with MS VC++ 17.13 (VS2022)

END.
